EAGID;EAGCode;BakjeID;BakjeOmschrijving;BakjePyCode;OppWaarde
420;6430-GAF;420002482;Verhard;Verhard;125111.0000000000
420;6430-GAF;420002483;OnverhardOngedraineerd;Onverhard;719965.0000000000
420;6430-GAF;420002487;Verhard;Verhard;294128.0000000000
420;6430-GAF;420002488;OnverhardOngedraineerd;Onverhard;4279051.0000000000
420;6430-GAF;420002492;Verhard;Verhard;262864.0000000000
420;6430-GAF;420002493;OnverhardOngedraineerd;Onverhard;2230950.0000000000
420;6430-GAF;420000000;Water;Water;734606.0000000000
