EAGID;EAGCode;BakjeID;BakjeOmschrijving;BakjePyCode;OppWaarde
452;6550-GAF;452002602;Verhard;Verhard;1.0000000000
452;6550-GAF;452002603;OnverhardOngedraineerd;Onverhard;1744850.0000000000
452;6550-GAF;452002607;Verhard;Verhard;396172.0000000000
452;6550-GAF;452002608;OnverhardOngedraineerd;Onverhard;857911.0000000000
452;6550-GAF;452002610;GemengdRiolering;MengRiool;395000.0000000000
452;6550-GAF;452002612;Verhard;Verhard;1.0000000000
452;6550-GAF;452002617;Verhard;Verhard;1.0000000000
452;6550-GAF;452000000;Water;Water;226497.0000000000
