EAGID;EAGCode;BakjeID;BakjeOmschrijving;BakjePyCode;OppWaarde
102;2330-GAF;102000422;Verhard;Verhard;125111.0000000000
102;2330-GAF;102000423;OnverhardOngedraineerd;Onverhard;719965.0000000000
102;2330-GAF;102000427;Verhard;Verhard;294128.0000000000
102;2330-GAF;102000428;OnverhardOngedraineerd;Onverhard;4279051.0000000000
102;2330-GAF;102000432;Verhard;Verhard;262864.0000000000
102;2330-GAF;102000433;OnverhardOngedraineerd;Onverhard;2230950.0000000000
102;2330-GAF;102000000;Water;Water;734606.0000000000
