EAGID;EAGCode;BakjeID;BakjeOmschrijving;BakjePyCode;OppWaarde
24;2010-GAF;24000002;Verhard;Verhard;1492771.0000000000
24;2010-GAF;24000003;OnverhardOngedraineerd;Onverhard;598109.0000000000
24;2010-GAF;24000004;OnverhardGedraineerd;Drain;598109.0000000000
24;2010-GAF;24000007;Verhard;Verhard;1765.0000000000
24;2010-GAF;24000008;OnverhardOngedraineerd;Onverhard;203898.0000000000
24;2010-GAF;24000009;OnverhardGedraineerd;Drain;203898.0000000000
24;2010-GAF;24000000;Water;Water;208842.0000000000
