;EAGID;EAGCode;BakjeID;BakjeOmschrijving;BakjePyCode;OppWaarde
0;1589;2630-GAF;1589046116;OnverhardOngedraineerd;Onverhard;722834.0
1;1589;2630-GAF;1589046115;Verhard;Verhard;101828.0
2;1589;2630-GAF;1589046111;OnverhardOngedraineerd;Onverhard;18792.0
3;1589;2630-GAF;1589046110;Verhard;Verhard;9321.0
4;1589;2630-GAF;1589046106;OnverhardOngedraineerd;Onverhard;176162.0
5;1589;2630-GAF;1589046105;Verhard;Verhard;35220.0
6;1589;2630-GAF;1589046101;OnverhardOngedraineerd;Onverhard;748093.0
7;1589;2630-GAF;1589046100;Verhard;Verhard;104134.0
0;1589;2630-GAF;1589000000;Water;Water;414426.0
