;EAGID;EAGCode;BakjeID;BakjeOmschrijving;BakjePyCode;OppWaarde
0;1606;4200-GAF;1606059146;OnverhardOngedraineerd;Onverhard;67978.0
1;1606;4200-GAF;1606059145;Verhard;Verhard;16668.0
2;1606;4200-GAF;1606059141;OnverhardOngedraineerd;Onverhard;791886.0
3;1606;4200-GAF;1606059140;Verhard;Verhard;50002.0
4;1606;4200-GAF;1606059136;OnverhardOngedraineerd;Onverhard;173963.0
5;1606;4200-GAF;1606059135;Verhard;Verhard;16668.0
6;1606;4200-GAF;1606059131;OnverhardOngedraineerd;Onverhard;1023087.0
7;1606;4200-GAF;1606059130;Verhard;Verhard;83338.0
0;1606;4200-GAF;1606000000;Water;Water;87062.0
