;EAGID;EAGCode;BakjeID;BakjeOmschrijving;BakjePyCode;OppWaarde
0;1619;8030-GAF;1619059566;OnverhardOngedraineerd;Onverhard;816406.0
1;1619;8030-GAF;1619059565;Verhard;Verhard;176301.0
2;1619;8030-GAF;1619059561;OnverhardOngedraineerd;Onverhard;195221.0
3;1619;8030-GAF;1619059560;Verhard;Verhard;138500.0
4;1619;8030-GAF;1619059557;OnverhardGedraineerd;Drain;246937.0
5;1619;8030-GAF;1619059555;Verhard;Verhard;64450.0
6;1619;8030-GAF;1619059551;OnverhardOngedraineerd;Onverhard;1065280.0
7;1619;8030-GAF;1619059550;Verhard;Verhard;23459.0
0;1619;8030-GAF;1619000000;Water;Water;303536.0
