;EAGID;EAGCode;BakjeID;BakjeOmschrijving;BakjePyCode;OppWaarde
0;1617;6550-GAF;1617059465;Verhard;Verhard;1.0
1;1617;6550-GAF;1617059460;Verhard;Verhard;1.0
2;1617;6550-GAF;1617059458;GemengdRiolering;MengRiool;395000.0
3;1617;6550-GAF;1617059456;OnverhardOngedraineerd;Onverhard;857911.0
4;1617;6550-GAF;1617059455;Verhard;Verhard;396172.0
5;1617;6550-GAF;1617059451;OnverhardOngedraineerd;Onverhard;1744850.0
6;1617;6550-GAF;1617059450;Verhard;Verhard;1.0
0;1617;6550-GAF;1617000000;Water;Water;226497.0
