;EAGID;EAGCode;BakjeID;BakjeOmschrijving;BakjePyCode;OppWaarde
0;1615;6480-GAF;1615059428;GemengdRiolering;MengRiool;1.0
1;1615;6480-GAF;1615059426;OnverhardOngedraineerd;Onverhard;1.0
2;1615;6480-GAF;1615059425;Verhard;Verhard;1.0
3;1615;6480-GAF;1615059423;GemengdRiolering;MengRiool;1.0
4;1615;6480-GAF;1615059421;OnverhardOngedraineerd;Onverhard;1.0
5;1615;6480-GAF;1615059420;Verhard;Verhard;1.0
6;1615;6480-GAF;1615059418;GemengdRiolering;MengRiool;1.0
7;1615;6480-GAF;1615059416;OnverhardOngedraineerd;Onverhard;3852795.0
8;1615;6480-GAF;1615059415;Verhard;Verhard;171808.0
9;1615;6480-GAF;1615059413;GemengdRiolering;MengRiool;1.0
10;1615;6480-GAF;1615059411;OnverhardOngedraineerd;Onverhard;759804.0
11;1615;6480-GAF;1615059410;Verhard;Verhard;70416.0
0;1615;6480-GAF;1615000000;Water;Water;280716.0
