;EAGID;EAGCode;BakjeID;BakjeOmschrijving;BakjePyCode;OppWaarde
0;1576;2500-GAF;1576045911;OnverhardOngedraineerd;Onverhard;1967209.0
1;1576;2500-GAF;1576045910;Verhard;Verhard;429551.0
2;1576;2500-GAF;1576045906;OnverhardOngedraineerd;Onverhard;2285353.0
3;1576;2500-GAF;1576045905;Verhard;Verhard;747085.0
4;1576;2500-GAF;1576045901;OnverhardOngedraineerd;Onverhard;1345609.0
5;1576;2500-GAF;1576045900;Verhard;Verhard;70393.0
6;1576;2500-GAF;1576045896;OnverhardOngedraineerd;Onverhard;2111963.0
7;1576;2500-GAF;1576045895;Verhard;Verhard;1147639.0
0;1576;2500-GAF;1576000000;Water;Water;12458089.0
