;EAGID;EAGCode;BakjeID;BakjeOmschrijving;BakjePyCode;OppWaarde
0;1576;2500-GAF;1576057666;OnverhardOngedraineerd;Onverhard;1967209.0
1;1576;2500-GAF;1576057665;Verhard;Verhard;429551.0
2;1576;2500-GAF;1576057661;OnverhardOngedraineerd;Onverhard;2285353.0
3;1576;2500-GAF;1576057660;Verhard;Verhard;747085.0
4;1576;2500-GAF;1576057656;OnverhardOngedraineerd;Onverhard;1345609.0
5;1576;2500-GAF;1576057655;Verhard;Verhard;70393.0
6;1576;2500-GAF;1576057651;OnverhardOngedraineerd;Onverhard;2111963.0
7;1576;2500-GAF;1576057650;Verhard;Verhard;1147639.0
0;1576;2500-GAF;1576000000;Water;Water;12458089.0
