EAGID;EAGCode;BakjeID;BakjeOmschrijving;BakjePyCode;OppWaarde
57;2140-GAF;57000162;Verhard;Verhard;344835.0000000000
57;2140-GAF;57000163;OnverhardOngedraineerd;Onverhard;653059.0000000000
57;2140-GAF;57000164;OnverhardGedraineerd;Drain;653059.0000000000
57;2140-GAF;57000165;GemengdRiolering;MengRiool;257886.0000000000
57;2140-GAF;57000167;Verhard;Verhard;390208.0000000000
57;2140-GAF;57000168;OnverhardOngedraineerd;Onverhard;1006280.0000000000
57;2140-GAF;57000172;Verhard;Verhard;59806.0000000000
57;2140-GAF;57000173;OnverhardOngedraineerd;Onverhard;1450068.0000000000
57;2140-GAF;57000177;Verhard;Verhard;84320.0000000000
57;2140-GAF;57000178;OnverhardOngedraineerd;Onverhard;86355.0000000000
57;2140-GAF;57000000;Water;Water;1282172.0000000000
