;EAGID;EAGCode;BakjeID;BakjeOmschrijving;BakjePyCode;OppWaarde
0;1558;2120-GAF;1558057206;OnverhardOngedraineerd;Onverhard;1.0
1;1558;2120-GAF;1558057203;GemengdRiolering;MengRiool;1470637.0
2;1558;2120-GAF;1558057202;OnverhardGedraineerd;Drain;735507.0
3;1558;2120-GAF;1558057201;OnverhardOngedraineerd;Onverhard;735507.0
4;1558;2120-GAF;1558057200;Verhard;Verhard;1975299.0
5;1558;2120-GAF;1558057196;OnverhardOngedraineerd;Onverhard;1083496.0
6;1558;2120-GAF;1558057195;Verhard;Verhard;93853.0
7;1558;2120-GAF;1558057191;OnverhardOngedraineerd;Onverhard;7690763.0
8;1558;2120-GAF;1558057190;Verhard;Verhard;234817.0
0;1558;2120-GAF;1558000000;Water;Water;997239.0
