EAGID;EAGCode;BakjeID;BakjeOmschrijving;BakjePyCode;OppWaarde
64;2150-GAF;64000182;Verhard;Verhard;855777.0000000000
64;2150-GAF;64000183;OnverhardOngedraineerd;Onverhard;1155365.0000000000
64;2150-GAF;64000184;OnverhardGedraineerd;Drain;2695852.0000000000
64;2150-GAF;64000187;Verhard;Verhard;624015.0000000000
64;2150-GAF;64000188;OnverhardOngedraineerd;Onverhard;928317.0000000000
64;2150-GAF;64000190;GemengdRiolering;MengRiool;185547.0000000000
64;2150-GAF;64000197;Verhard;Verhard;468.0000000000
64;2150-GAF;64000198;OnverhardOngedraineerd;Onverhard;22187.0000000000
64;2150-GAF;64000000;Water;Water;367729.0000000000
