EAGID;EAGCode;BakjeID;BakjeOmschrijving;BakjePyCode;OppWaarde
220;3070-GAF;220001022;Verhard;Verhard;288959.0000000000
220;3070-GAF;220001023;OnverhardOngedraineerd;Onverhard;7594724.0000000000
220;3070-GAF;220001025;GemengdRiolering;MengRiool;288959.0000000000
220;3070-GAF;220001027;Verhard;Verhard;117474.0000000000
220;3070-GAF;220001028;OnverhardOngedraineerd;Onverhard;317818.0000000000
220;3070-GAF;220001030;GemengdRiolering;MengRiool;117474.0000000000
220;3070-GAF;220001032;Verhard;Verhard;7030.0000000000
220;3070-GAF;220001033;OnverhardOngedraineerd;Onverhard;227425.0000000000
220;3070-GAF;220001035;GemengdRiolering;MengRiool;7030.0000000000
220;3070-GAF;220001037;Verhard;Verhard;211629.0000000000
220;3070-GAF;220001038;OnverhardOngedraineerd;Onverhard;497680.0000000000
220;3070-GAF;220001040;GemengdRiolering;MengRiool;211629.0000000000
220;3070-GAF;220000000;Water;Water;378853.0000000000
