EAGID;EAGCode;BakjeID;BakjeOmschrijving;BakjePyCode;OppWaarde
415;6400-GAF;415002462;Verhard;Verhard;2358068.0000000000
415;6400-GAF;415002463;OnverhardOngedraineerd;Onverhard;2641483.0000000000
415;6400-GAF;415002464;OnverhardGedraineerd;Drain;2644.0000000000
415;6400-GAF;415002465;GemengdRiolering;MengRiool;300000.0000000000
415;6400-GAF;415002468;OnverhardOngedraineerd;Onverhard;193675.0000000000
415;6400-GAF;415002469;OnverhardGedraineerd;Drain;194.0000000000
415;6400-GAF;415000000;Water;Water;311794.0000000000
