;EAGID;EAGCode;BakjeID;BakjeOmschrijving;BakjePyCode;OppWaarde
0;1591;3070-GAF;1591122168;GemengdRiolering;MengRiool;211629.0
1;1591;3070-GAF;1591122166;OnverhardOngedraineerd;Onverhard;497680.0
2;1591;3070-GAF;1591122165;Verhard;Verhard;211629.0
3;1591;3070-GAF;1591122163;GemengdRiolering;MengRiool;7030.0
4;1591;3070-GAF;1591122161;OnverhardOngedraineerd;Onverhard;227425.0
5;1591;3070-GAF;1591122160;Verhard;Verhard;7030.0
6;1591;3070-GAF;1591122158;GemengdRiolering;MengRiool;117474.0
7;1591;3070-GAF;1591122156;OnverhardOngedraineerd;Onverhard;317818.0
8;1591;3070-GAF;1591122155;Verhard;Verhard;117474.0
9;1591;3070-GAF;1591122153;GemengdRiolering;MengRiool;288959.0
10;1591;3070-GAF;1591122151;OnverhardOngedraineerd;Onverhard;7594724.0
11;1591;3070-GAF;1591122150;Verhard;Verhard;288959.0
0;1591;3070-GAF;1591000000;Water;Water;378853.0
