;EAGID;EAGCode;BakjeID;BakjeOmschrijving;BakjePyCode;OppWaarde
0;1564;2230-GAF;1564045767;OnverhardGedraineerd;Drain;642478.0
1;1564;2230-GAF;1564045766;OnverhardOngedraineerd;Onverhard;642478.0
2;1564;2230-GAF;1564045765;Verhard;Verhard;310827.0
3;1564;2230-GAF;1564045762;OnverhardGedraineerd;Drain;576540.0
4;1564;2230-GAF;1564045761;OnverhardOngedraineerd;Onverhard;576540.0
5;1564;2230-GAF;1564045757;OnverhardGedraineerd;Drain;49167.0
6;1564;2230-GAF;1564045756;OnverhardOngedraineerd;Onverhard;49167.0
7;1564;2230-GAF;1564045755;Verhard;Verhard;90948.0
0;1564;2230-GAF;1564000000;Water;Water;233613.0
