EAGID;EAGCode;BakjeID;BakjeOmschrijving;BakjePyCode;OppWaarde
136;2501-EAG-1;136000562;Verhard;Verhard;43547.0000000000
136;2501-EAG-1;136000563;OnverhardOngedraineerd;Onverhard;1840576.0000000000
136;2501-EAG-1;136000567;Verhard;Verhard;47023.0000000000
136;2501-EAG-1;136000568;OnverhardOngedraineerd;Onverhard;766779.0000000000
136;2501-EAG-1;136000572;Verhard;Verhard;12323.0000000000
136;2501-EAG-1;136000573;OnverhardOngedraineerd;Onverhard;520862.0000000000
136;2501-EAG-1;136000000;Water;Water;502901.0000000000
