EAGID;EAGCode;BakjeID;BakjeOmschrijving;BakjePyCode;OppWaarde
147;2505-EAG-1;147000667;Verhard;Verhard;46139.0000000000
147;2505-EAG-1;147000668;OnverhardOngedraineerd;Onverhard;741554.0000000000
147;2505-EAG-1;147000672;Verhard;Verhard;60195.0000000000
147;2505-EAG-1;147000673;OnverhardOngedraineerd;Onverhard;2508927.0000000000
147;2505-EAG-1;147000677;Verhard;Verhard;15547.0000000000
147;2505-EAG-1;147000678;OnverhardOngedraineerd;Onverhard;648008.0000000000
147;2505-EAG-1;147000000;Water;Water;689520.0000000000
