;EAGID;EAGCode;BakjeID;BakjeOmschrijving;BakjePyCode;OppWaarde
0;1615;6480-GAF;1615123488;GemengdRiolering;MengRiool;1.0
1;1615;6480-GAF;1615123486;OnverhardOngedraineerd;Onverhard;1.0
2;1615;6480-GAF;1615123485;Verhard;Verhard;1.0
3;1615;6480-GAF;1615123483;GemengdRiolering;MengRiool;1.0
4;1615;6480-GAF;1615123481;OnverhardOngedraineerd;Onverhard;1.0
5;1615;6480-GAF;1615123480;Verhard;Verhard;1.0
6;1615;6480-GAF;1615123478;GemengdRiolering;MengRiool;1.0
7;1615;6480-GAF;1615123476;OnverhardOngedraineerd;Onverhard;3852795.0
8;1615;6480-GAF;1615123475;Verhard;Verhard;171808.0
9;1615;6480-GAF;1615123473;GemengdRiolering;MengRiool;1.0
10;1615;6480-GAF;1615123471;OnverhardOngedraineerd;Onverhard;759804.0
11;1615;6480-GAF;1615123470;Verhard;Verhard;70416.0
0;1615;6480-GAF;1615000000;Water;Water;280716.0
