;EAGID;EAGCode;BakjeID;BakjeOmschrijving;BakjePyCode;OppWaarde
0;1564;2230-GAF;1564057382;OnverhardGedraineerd;Drain;642478.0
1;1564;2230-GAF;1564057381;OnverhardOngedraineerd;Onverhard;642478.0
2;1564;2230-GAF;1564057380;Verhard;Verhard;310827.0
3;1564;2230-GAF;1564057377;OnverhardGedraineerd;Drain;576540.0
4;1564;2230-GAF;1564057376;OnverhardOngedraineerd;Onverhard;576540.0
5;1564;2230-GAF;1564057372;OnverhardGedraineerd;Drain;49167.0
6;1564;2230-GAF;1564057371;OnverhardOngedraineerd;Onverhard;49167.0
7;1564;2230-GAF;1564057370;Verhard;Verhard;90948.0
0;1564;2230-GAF;1564000000;Water;Water;233613.0
