;EAGID;EAGCode;BakjeID;BakjeOmschrijving;BakjePyCode;OppWaarde
0;1591;3070-GAF;1591046158;GemengdRiolering;MengRiool;211629.0
1;1591;3070-GAF;1591046156;OnverhardOngedraineerd;Onverhard;497680.0
2;1591;3070-GAF;1591046155;Verhard;Verhard;211629.0
3;1591;3070-GAF;1591046153;GemengdRiolering;MengRiool;7030.0
4;1591;3070-GAF;1591046151;OnverhardOngedraineerd;Onverhard;227425.0
5;1591;3070-GAF;1591046150;Verhard;Verhard;7030.0
6;1591;3070-GAF;1591046148;GemengdRiolering;MengRiool;117474.0
7;1591;3070-GAF;1591046146;OnverhardOngedraineerd;Onverhard;317818.0
8;1591;3070-GAF;1591046145;Verhard;Verhard;117474.0
9;1591;3070-GAF;1591046143;GemengdRiolering;MengRiool;288959.0
10;1591;3070-GAF;1591046141;OnverhardOngedraineerd;Onverhard;7594724.0
11;1591;3070-GAF;1591046140;Verhard;Verhard;288959.0
0;1591;3070-GAF;1591000000;Water;Water;378853.0
