EAGID;EAGCode;BakjeID;BakjeOmschrijving;BakjePyCode;OppWaarde
113;2400-GAF;113000462;Verhard;Verhard;239190.0000000000
113;2400-GAF;113000463;OnverhardOngedraineerd;Onverhard;6066403.0000000000
113;2400-GAF;113000472;Verhard;Verhard;81963.0000000000
113;2400-GAF;113000473;OnverhardOngedraineerd;Onverhard;1528768.0000000000
113;2400-GAF;113000477;Verhard;Verhard;167675.0000000000
113;2400-GAF;113000478;OnverhardOngedraineerd;Onverhard;3066452.0000000000
113;2400-GAF;113000000;Water;Water;608383.0000000000
