;EAGID;EAGCode;BakjeID;BakjeOmschrijving;BakjePyCode;OppWaarde
0;1560;2140-GAF;1560057306;OnverhardOngedraineerd;Onverhard;86355.0
1;1560;2140-GAF;1560057305;Verhard;Verhard;84320.0
2;1560;2140-GAF;1560057301;OnverhardOngedraineerd;Onverhard;1450068.0
3;1560;2140-GAF;1560057300;Verhard;Verhard;59806.0
4;1560;2140-GAF;1560057296;OnverhardOngedraineerd;Onverhard;1006280.0
5;1560;2140-GAF;1560057295;Verhard;Verhard;390208.0
6;1560;2140-GAF;1560057293;GemengdRiolering;MengRiool;257886.0
7;1560;2140-GAF;1560057292;OnverhardGedraineerd;Drain;653059.0
8;1560;2140-GAF;1560057291;OnverhardOngedraineerd;Onverhard;653059.0
9;1560;2140-GAF;1560057290;Verhard;Verhard;344835.0
0;1560;2140-GAF;1560000000;Water;Water;1282172.0
