EAGID;EAGCode;BakjeID;BakjeOmschrijving;BakjePyCode;OppWaarde
250;3220-GAF;250001222;Verhard;Verhard;551122.0000000000
250;3220-GAF;250001223;OnverhardOngedraineerd;Onverhard;5239945.0000000000
250;3220-GAF;250001227;Verhard;Verhard;51831.0000000000
250;3220-GAF;250001228;OnverhardOngedraineerd;Onverhard;928498.0000000000
250;3220-GAF;250001232;Verhard;Verhard;25183.0000000000
250;3220-GAF;250001233;OnverhardOngedraineerd;Onverhard;768677.0000000000
250;3220-GAF;250001237;Verhard;Verhard;6697.0000000000
250;3220-GAF;250001238;OnverhardOngedraineerd;Onverhard;204424.0000000000
250;3220-GAF;250000000;Water;Water;446502.0000000000
