EAGID;EAGCode;BakjeID;BakjeOmschrijving;BakjePyCode;OppWaarde
510;8050-GAF;510002742;Verhard;Verhard;94268.0000000000
510;8050-GAF;510002743;OnverhardOngedraineerd;Onverhard;1388666.0000000000
510;8050-GAF;510002747;Verhard;Verhard;44877.0000000000
510;8050-GAF;510002748;OnverhardOngedraineerd;Onverhard;603467.0000000000
510;8050-GAF;510002752;Verhard;Verhard;351361.0000000000
510;8050-GAF;510002753;OnverhardOngedraineerd;Onverhard;146460.0000000000
510;8050-GAF;510002754;OnverhardGedraineerd;Drain;146460.0000000000
510;8050-GAF;510000000;Water;Water;176658.0000000000
