;EAGID;EAGCode;BakjeID;BakjeOmschrijving;BakjePyCode;OppWaarde
0;1606;4200-GAF;1606123206;OnverhardOngedraineerd;Onverhard;67978.0
1;1606;4200-GAF;1606123205;Verhard;Verhard;16668.0
2;1606;4200-GAF;1606123201;OnverhardOngedraineerd;Onverhard;791886.0
3;1606;4200-GAF;1606123200;Verhard;Verhard;50002.0
4;1606;4200-GAF;1606123196;OnverhardOngedraineerd;Onverhard;173963.0
5;1606;4200-GAF;1606123195;Verhard;Verhard;16668.0
6;1606;4200-GAF;1606123191;OnverhardOngedraineerd;Onverhard;1023087.0
7;1606;4200-GAF;1606123190;Verhard;Verhard;83338.0
0;1606;4200-GAF;1606000000;Water;Water;87062.0
