;EAGID;EAGCode;BakjeID;BakjeOmschrijving;BakjePyCode;OppWaarde
0;1558;2120-GAF;1558045668;GemengdRiolering;MengRiool;1470637.0
1;1558;2120-GAF;1558045667;OnverhardGedraineerd;Drain;735507.0
2;1558;2120-GAF;1558045666;OnverhardOngedraineerd;Onverhard;735507.0
3;1558;2120-GAF;1558045665;Verhard;Verhard;1975299.0
4;1558;2120-GAF;1558045661;OnverhardOngedraineerd;Onverhard;1083496.0
5;1558;2120-GAF;1558045660;Verhard;Verhard;93853.0
6;1558;2120-GAF;1558045656;OnverhardOngedraineerd;Onverhard;7690763.0
7;1558;2120-GAF;1558045655;Verhard;Verhard;234817.0
0;1558;2120-GAF;1558000000;Water;Water;997238.0
