;EAGID;EAGCode;BakjeID;BakjeOmschrijving;BakjePyCode;OppWaarde
0;1558;2120-GAF;1558121266;OnverhardOngedraineerd;Onverhard;1.0
1;1558;2120-GAF;1558121263;GemengdRiolering;MengRiool;1470637.0
2;1558;2120-GAF;1558121262;OnverhardGedraineerd;Drain;735507.0
3;1558;2120-GAF;1558121261;OnverhardOngedraineerd;Onverhard;735507.0
4;1558;2120-GAF;1558121260;Verhard;Verhard;1975299.0
5;1558;2120-GAF;1558121256;OnverhardOngedraineerd;Onverhard;1083496.0
6;1558;2120-GAF;1558121255;Verhard;Verhard;93853.0
7;1558;2120-GAF;1558121251;OnverhardOngedraineerd;Onverhard;7690763.0
8;1558;2120-GAF;1558121250;Verhard;Verhard;234817.0
0;1558;2120-GAF;1558000000;Water;Water;997239.0
