;EAGID;EAGCode;BakjeID;BakjeOmschrijving;BakjePyCode;OppWaarde
0;1561;2150-GAF;1561045736;OnverhardOngedraineerd;Onverhard;22187.0
1;1561;2150-GAF;1561045735;Verhard;Verhard;468.0
2;1561;2150-GAF;1561045726;OnverhardOngedraineerd;Onverhard;928317.0
3;1561;2150-GAF;1561045725;Verhard;Verhard;624015.0
4;1561;2150-GAF;1561045728;GemengdRiolering;MengRiool;185547.0
5;1561;2150-GAF;1561045722;OnverhardGedraineerd;Drain;2695852.0
6;1561;2150-GAF;1561045721;OnverhardOngedraineerd;Onverhard;1155365.0
7;1561;2150-GAF;1561045720;Verhard;Verhard;855777.0
0;1561;2150-GAF;1561000000;Water;Water;367729.0
