EAGID;EAGCode;BakjeID;BakjeOmschrijving;BakjePyCode;OppWaarde
183;2570-GAF;183000862;Verhard;Verhard;137408.0000000000
183;2570-GAF;183000863;OnverhardOngedraineerd;Onverhard;1041046.0000000000
183;2570-GAF;183000867;Verhard;Verhard;183081.0000000000
183;2570-GAF;183000868;OnverhardOngedraineerd;Onverhard;2221827.0000000000
183;2570-GAF;183000872;Verhard;Verhard;179220.0000000000
183;2570-GAF;183000873;OnverhardOngedraineerd;Onverhard;1893680.0000000000
183;2570-GAF;183000000;Water;Water;493079.0000000000
