EAGID;EAGCode;BakjeID;BakjeOmschrijving;BakjePyCode;OppWaarde
264;3240-GAF;264001382;Verhard;Verhard;50108.0000000000
264;3240-GAF;264001383;OnverhardOngedraineerd;Onverhard;329327.0000000000
264;3240-GAF;264001387;Verhard;Verhard;59825.0000000000
264;3240-GAF;264001388;OnverhardOngedraineerd;Onverhard;775666.0000000000
264;3240-GAF;264001392;Verhard;Verhard;72764.0000000000
264;3240-GAF;264001393;OnverhardOngedraineerd;Onverhard;132698.0000000000
264;3240-GAF;264000000;Water;Water;81775.0000000000
