EAGID;EAGCode;BakjeID;BakjeOmschrijving;BakjePyCode;OppWaarde
46;2120-GAF;46000062;Verhard;Verhard;234817.0000000000
46;2120-GAF;46000063;OnverhardOngedraineerd;Onverhard;7690763.0000000000
46;2120-GAF;46000067;Verhard;Verhard;93853.0000000000
46;2120-GAF;46000068;OnverhardOngedraineerd;Onverhard;1083496.0000000000
46;2120-GAF;46000072;Verhard;Verhard;1975299.0000000000
46;2120-GAF;46000073;OnverhardOngedraineerd;Onverhard;735507.0000000000
46;2120-GAF;46000074;OnverhardGedraineerd;Drain;735507.0000000000
46;2120-GAF;46000075;GemengdRiolering;MengRiool;1470637.0000000000
46;2120-GAF;46000078;OnverhardOngedraineerd;Onverhard;1.0000000000
46;2120-GAF;46000000;Water;Water;997239.0000000000
