;EAGID;EAGCode;BakjeID;BakjeOmschrijving;BakjePyCode;OppWaarde
0;1589;2630-GAF;1589122086;OnverhardOngedraineerd;Onverhard;722834.0
1;1589;2630-GAF;1589122085;Verhard;Verhard;101828.0
2;1589;2630-GAF;1589122081;OnverhardOngedraineerd;Onverhard;18792.0
3;1589;2630-GAF;1589122080;Verhard;Verhard;9321.0
4;1589;2630-GAF;1589122076;OnverhardOngedraineerd;Onverhard;176162.0
5;1589;2630-GAF;1589122075;Verhard;Verhard;35220.0
6;1589;2630-GAF;1589122071;OnverhardOngedraineerd;Onverhard;748093.0
7;1589;2630-GAF;1589122070;Verhard;Verhard;104134.0
0;1589;2630-GAF;1589000000;Water;Water;414426.0
