;EAGID;EAGCode;BakjeID;BakjeOmschrijving;BakjePyCode;OppWaarde
0;1557;2110-GAF;1557045653;GemengdRiolering;MengRiool;200000.0
1;1557;2110-GAF;1557045651;OnverhardOngedraineerd;Onverhard;1171274.0
2;1557;2110-GAF;1557045650;Verhard;Verhard;490000.0
3;1557;2110-GAF;1557045648;GemengdRiolering;MengRiool;1300000.0
4;1557;2110-GAF;1557045646;OnverhardOngedraineerd;Onverhard;2322653.0
5;1557;2110-GAF;1557045645;Verhard;Verhard;1365000.0
6;1557;2110-GAF;1557045641;OnverhardOngedraineerd;Onverhard;2244484.0
7;1557;2110-GAF;1557045640;Verhard;Verhard;279610.0
0;1557;2110-GAF;1557000000;Water;Water;618599.0
