EAGID;EAGCode;BakjeID;BakjeOmschrijving;BakjePyCode;OppWaarde
500;8030-GAF;500002702;Verhard;Verhard;23459.0000000000
500;8030-GAF;500002703;OnverhardOngedraineerd;Onverhard;1065280.0000000000
500;8030-GAF;500002707;Verhard;Verhard;64450.0000000000
500;8030-GAF;500002709;OnverhardGedraineerd;Drain;246937.0000000000
500;8030-GAF;500002712;Verhard;Verhard;138500.0000000000
500;8030-GAF;500002713;OnverhardOngedraineerd;Onverhard;195221.0000000000
500;8030-GAF;500002717;Verhard;Verhard;176301.0000000000
500;8030-GAF;500002718;OnverhardOngedraineerd;Onverhard;816406.0000000000
500;8030-GAF;500000000;Water;Water;303536.0000000000
