EAGID;EAGCode;BakjeID;BakjeOmschrijving;BakjePyCode;OppWaarde
74;2220-GAF;74000222;Verhard;Verhard;1904043.0000000000
74;2220-GAF;74000223;OnverhardOngedraineerd;Onverhard;2665660.0000000000
74;2220-GAF;74000224;OnverhardGedraineerd;Drain;1777107.0000000000
74;2220-GAF;74000227;Verhard;Verhard;202308.0000000000
74;2220-GAF;74000228;OnverhardOngedraineerd;Onverhard;1638697.0000000000
74;2220-GAF;74000229;OnverhardGedraineerd;Drain;182077.0000000000
74;2220-GAF;74000000;Water;Water;1121374.0000000000
