;EAGID;EAGCode;BakjeID;BakjeOmschrijving;BakjePyCode;OppWaarde
0;1615;6480-GAF;1615046748;GemengdRiolering;MengRiool;1.0
1;1615;6480-GAF;1615046746;OnverhardOngedraineerd;Onverhard;1.0
2;1615;6480-GAF;1615046745;Verhard;Verhard;1.0
3;1615;6480-GAF;1615046743;GemengdRiolering;MengRiool;1.0
4;1615;6480-GAF;1615046741;OnverhardOngedraineerd;Onverhard;1.0
5;1615;6480-GAF;1615046740;Verhard;Verhard;1.0
6;1615;6480-GAF;1615046738;GemengdRiolering;MengRiool;1.0
7;1615;6480-GAF;1615046736;OnverhardOngedraineerd;Onverhard;3852795.0
8;1615;6480-GAF;1615046735;Verhard;Verhard;171808.0
9;1615;6480-GAF;1615046733;GemengdRiolering;MengRiool;1.0
10;1615;6480-GAF;1615046731;OnverhardOngedraineerd;Onverhard;759804.0
11;1615;6480-GAF;1615046730;Verhard;Verhard;70416.0
0;1615;6480-GAF;1615000000;Water;Water;280716.0
