;EAGID;EAGCode;BakjeID;BakjeOmschrijving;BakjePyCode;OppWaarde
0;1564;2230-GAF;1564121442;OnverhardGedraineerd;Drain;642478.0
1;1564;2230-GAF;1564121441;OnverhardOngedraineerd;Onverhard;642478.0
2;1564;2230-GAF;1564121440;Verhard;Verhard;310827.0
3;1564;2230-GAF;1564121437;OnverhardGedraineerd;Drain;576540.0
4;1564;2230-GAF;1564121436;OnverhardOngedraineerd;Onverhard;576540.0
5;1564;2230-GAF;1564121432;OnverhardGedraineerd;Drain;49167.0
6;1564;2230-GAF;1564121431;OnverhardOngedraineerd;Onverhard;49167.0
7;1564;2230-GAF;1564121430;Verhard;Verhard;90948.0
0;1564;2230-GAF;1564000000;Water;Water;233613.0
