;EAGID;EAGCode;BakjeID;BakjeOmschrijving;BakjePyCode;OppWaarde
0;1576;2500-GAF;1576121726;OnverhardOngedraineerd;Onverhard;1967209.0
1;1576;2500-GAF;1576121725;Verhard;Verhard;429551.0
2;1576;2500-GAF;1576121721;OnverhardOngedraineerd;Onverhard;2285353.0
3;1576;2500-GAF;1576121720;Verhard;Verhard;747085.0
4;1576;2500-GAF;1576121716;OnverhardOngedraineerd;Onverhard;1345609.0
5;1576;2500-GAF;1576121715;Verhard;Verhard;70393.0
6;1576;2500-GAF;1576121711;OnverhardOngedraineerd;Onverhard;2111963.0
7;1576;2500-GAF;1576121710;Verhard;Verhard;1147639.0
0;1576;2500-GAF;1576000000;Water;Water;12458089.0
