;EAGID;EAGCode;BakjeID;BakjeOmschrijving;BakjePyCode;OppWaarde
0;1560;2140-GAF;1560045716;OnverhardOngedraineerd;Onverhard;86355.0
1;1560;2140-GAF;1560045715;Verhard;Verhard;84320.0
2;1560;2140-GAF;1560045711;OnverhardOngedraineerd;Onverhard;1450068.0
3;1560;2140-GAF;1560045710;Verhard;Verhard;59806.0
4;1560;2140-GAF;1560045706;OnverhardOngedraineerd;Onverhard;1006280.0
5;1560;2140-GAF;1560045705;Verhard;Verhard;390208.0
6;1560;2140-GAF;1560045703;GemengdRiolering;MengRiool;257886.0
7;1560;2140-GAF;1560045702;OnverhardGedraineerd;Drain;653059.0
8;1560;2140-GAF;1560045701;OnverhardOngedraineerd;Onverhard;653059.0
9;1560;2140-GAF;1560045700;Verhard;Verhard;344835.0
0;1560;2140-GAF;1560000000;Water;Water;1282172.0
