;EAGID;EAGCode;BakjeID;BakjeOmschrijving;BakjePyCode;OppWaarde
0;1621;8050-GAF;1621046847;OnverhardGedraineerd;Drain;146460.0
1;1621;8050-GAF;1621046846;OnverhardOngedraineerd;Onverhard;146460.0
2;1621;8050-GAF;1621046845;Verhard;Verhard;351361.0
3;1621;8050-GAF;1621046841;OnverhardOngedraineerd;Onverhard;603467.0
4;1621;8050-GAF;1621046840;Verhard;Verhard;44877.0
5;1621;8050-GAF;1621046836;OnverhardOngedraineerd;Onverhard;1388666.0
6;1621;8050-GAF;1621046835;Verhard;Verhard;94268.0
0;1621;8050-GAF;1621000000;Water;Water;176657.0
