EAGID;EAGCode;BakjeID;BakjeOmschrijving;BakjePyCode;OppWaarde
128;2500-GAF;128000542;Verhard;Verhard;1147639.0000000000
128;2500-GAF;128000543;OnverhardOngedraineerd;Onverhard;2111963.0000000000
128;2500-GAF;128000547;Verhard;Verhard;70393.0000000000
128;2500-GAF;128000548;OnverhardOngedraineerd;Onverhard;1345609.0000000000
128;2500-GAF;128000552;Verhard;Verhard;747085.0000000000
128;2500-GAF;128000553;OnverhardOngedraineerd;Onverhard;2285353.0000000000
128;2500-GAF;128000557;Verhard;Verhard;429551.0000000000
128;2500-GAF;128000558;OnverhardOngedraineerd;Onverhard;1967209.0000000000
128;2500-GAF;128000000;Water;Water;12458089.0000000000
