EAGID;EAGCode;BakjeID;BakjeOmschrijving;BakjePyCode;OppWaarde
520;8080-GAF;520002802;Verhard;Verhard;960471.0000000000
520;8080-GAF;520002803;OnverhardOngedraineerd;Onverhard;722483.0000000000
520;8080-GAF;520002804;OnverhardGedraineerd;Drain;722483.0000000000
520;8080-GAF;520002807;Verhard;Verhard;135693.0000000000
520;8080-GAF;520002808;OnverhardOngedraineerd;Onverhard;242003.0000000000
520;8080-GAF;520002809;OnverhardGedraineerd;Drain;242003.0000000000
520;8080-GAF;520002812;Verhard;Verhard;47825.0000000000
520;8080-GAF;520002813;OnverhardOngedraineerd;Onverhard;58548.0000000000
520;8080-GAF;520002817;Verhard;Verhard;89415.0000000000
520;8080-GAF;520002818;OnverhardOngedraineerd;Onverhard;169144.0000000000
520;8080-GAF;520000000;Water;Water;309739.0000000000
