EAGID;EAGCode;BakjeID;BakjeOmschrijving;BakjePyCode;OppWaarde
202;2630-GAF;202000942;Verhard;Verhard;104134.0000000000
202;2630-GAF;202000943;OnverhardOngedraineerd;Onverhard;748093.0000000000
202;2630-GAF;202000947;Verhard;Verhard;35220.0000000000
202;2630-GAF;202000948;OnverhardOngedraineerd;Onverhard;176162.0000000000
202;2630-GAF;202000952;Verhard;Verhard;9321.0000000000
202;2630-GAF;202000953;OnverhardOngedraineerd;Onverhard;18792.0000000000
202;2630-GAF;202000957;Verhard;Verhard;101828.0000000000
202;2630-GAF;202000958;OnverhardOngedraineerd;Onverhard;722834.0000000000
202;2630-GAF;202000000;Water;Water;414426.0000000000
