;EAGID;EAGCode;BakjeID;BakjeOmschrijving;BakjePyCode;OppWaarde
0;1575;2410-GAF;1575045887;OnverhardGedraineerd;Drain;414966.0
1;1575;2410-GAF;1575045885;Verhard;Verhard;415810.0
2;1575;2410-GAF;1575045882;OnverhardGedraineerd;Drain;560352.0
3;1575;2410-GAF;1575045881;OnverhardOngedraineerd;Onverhard;560352.0
4;1575;2410-GAF;1575045880;Verhard;Verhard;117891.0
5;1575;2410-GAF;1575045876;OnverhardOngedraineerd;Onverhard;3273468.0
6;1575;2410-GAF;1575045875;Verhard;Verhard;219430.0
0;1575;2410-GAF;1575000000;Water;Water;452402.0
