;EAGID;EAGCode;BakjeID;BakjeOmschrijving;BakjePyCode;OppWaarde
0;1624;8080-GAF;1624059666;OnverhardOngedraineerd;Onverhard;169144.0
1;1624;8080-GAF;1624059665;Verhard;Verhard;89415.0
2;1624;8080-GAF;1624059661;OnverhardOngedraineerd;Onverhard;58548.0
3;1624;8080-GAF;1624059660;Verhard;Verhard;47825.0
4;1624;8080-GAF;1624059657;OnverhardGedraineerd;Drain;242003.0
5;1624;8080-GAF;1624059656;OnverhardOngedraineerd;Onverhard;242003.0
6;1624;8080-GAF;1624059655;Verhard;Verhard;135693.0
7;1624;8080-GAF;1624059652;OnverhardGedraineerd;Drain;722483.0
8;1624;8080-GAF;1624059651;OnverhardOngedraineerd;Onverhard;722483.0
9;1624;8080-GAF;1624059650;Verhard;Verhard;960471.0
0;1624;8080-GAF;1624000000;Water;Water;309739.0
