;EAGID;EAGCode;BakjeID;BakjeOmschrijving;BakjePyCode;OppWaarde
0;1575;2410-GAF;1575057622;OnverhardGedraineerd;Drain;414966.0
1;1575;2410-GAF;1575057620;Verhard;Verhard;415810.0
2;1575;2410-GAF;1575057617;OnverhardGedraineerd;Drain;560352.0
3;1575;2410-GAF;1575057616;OnverhardOngedraineerd;Onverhard;560352.0
4;1575;2410-GAF;1575057615;Verhard;Verhard;117891.0
5;1575;2410-GAF;1575057611;OnverhardOngedraineerd;Onverhard;3273468.0
6;1575;2410-GAF;1575057610;Verhard;Verhard;219430.0
0;1575;2410-GAF;1575000000;Water;Water;452402.0
