EAGID;EAGCode;BakjeID;BakjeOmschrijving;BakjePyCode;OppWaarde
160;2520-GAF;160000762;Verhard;Verhard;394420.0000000000
160;2520-GAF;160000764;OnverhardGedraineerd;Drain;696808.0000000000
160;2520-GAF;160000765;GemengdRiolering;MengRiool;501100.0000000000
160;2520-GAF;160000767;Verhard;Verhard;585756.0000000000
160;2520-GAF;160000768;OnverhardOngedraineerd;Onverhard;2463035.0000000000
160;2520-GAF;160000769;OnverhardGedraineerd;Drain;2463035.0000000000
160;2520-GAF;160000000;Water;Water;539536.0000000000
