EAGID;EAGCode;BakjeID;BakjeOmschrijving;BakjePyCode;OppWaarde
542;2500-EAG-3-4-5;542000502;Verhard;Verhard;66469.0000000000
542;2500-EAG-3-4-5;542000503;OnverhardOngedraineerd;Onverhard;161064.0000000000
542;2500-EAG-3-4-5;542000507;Verhard;Verhard;221905.0000000000
542;2500-EAG-3-4-5;542000508;OnverhardOngedraineerd;Onverhard;281421.0000000000
542;2500-EAG-3-4-5;542000512;Verhard;Verhard;458711.0000000000
542;2500-EAG-3-4-5;542000513;OnverhardOngedraineerd;Onverhard;1842868.0000000000
542;2500-EAG-3-4-5;542000000;Water;Water;10129571.0000000000
