;EAGID;EAGCode;BakjeID;BakjeOmschrijving;BakjePyCode;OppWaarde
0;1595;3220-GAF;1595058306;OnverhardOngedraineerd;Onverhard;204424.0
1;1595;3220-GAF;1595058305;Verhard;Verhard;6697.0
2;1595;3220-GAF;1595058301;OnverhardOngedraineerd;Onverhard;768677.0
3;1595;3220-GAF;1595058300;Verhard;Verhard;25183.0
4;1595;3220-GAF;1595058296;OnverhardOngedraineerd;Onverhard;928498.0
5;1595;3220-GAF;1595058295;Verhard;Verhard;51831.0
6;1595;3220-GAF;1595058291;OnverhardOngedraineerd;Onverhard;5239945.0
7;1595;3220-GAF;1595058290;Verhard;Verhard;551122.0
0;1595;3220-GAF;1595000000;Water;Water;446502.0
