EAGID;EAGCode;BakjeID;BakjeOmschrijving;BakjePyCode;OppWaarde
368;4200-GAF;368002242;Verhard;Verhard;83338.0000000000
368;4200-GAF;368002243;OnverhardOngedraineerd;Onverhard;1023087.0000000000
368;4200-GAF;368002247;Verhard;Verhard;16668.0000000000
368;4200-GAF;368002248;OnverhardOngedraineerd;Onverhard;173963.0000000000
368;4200-GAF;368002252;Verhard;Verhard;50002.0000000000
368;4200-GAF;368002253;OnverhardOngedraineerd;Onverhard;791886.0000000000
368;4200-GAF;368002257;Verhard;Verhard;16668.0000000000
368;4200-GAF;368002258;OnverhardOngedraineerd;Onverhard;67978.0000000000
368;4200-GAF;368000000;Water;Water;87062.0000000000
