;EAGID;EAGCode;BakjeID;BakjeOmschrijving;BakjePyCode;OppWaarde
0;1606;4200-GAF;1606046626;OnverhardOngedraineerd;Onverhard;67978.0
1;1606;4200-GAF;1606046625;Verhard;Verhard;16668.0
2;1606;4200-GAF;1606046621;OnverhardOngedraineerd;Onverhard;791886.0
3;1606;4200-GAF;1606046620;Verhard;Verhard;50002.0
4;1606;4200-GAF;1606046616;OnverhardOngedraineerd;Onverhard;173963.0
5;1606;4200-GAF;1606046615;Verhard;Verhard;16668.0
6;1606;4200-GAF;1606046611;OnverhardOngedraineerd;Onverhard;1023087.0
7;1606;4200-GAF;1606046610;Verhard;Verhard;83338.0
0;1606;4200-GAF;1606000000;Water;Water;87062.0
