;EAGID;EAGCode;BakjeID;Laagvolgorde;ClusterType;ParamType;Waarde;WaardeAlfa;StartDag
0;1210;2140-EAG-6;1210000000;-9999;ClAfstroming;-9999;20.0;;
1;1210;2140-EAG-6;1210000000;-9999;ClDrain;-9999;50.0;;
2;1210;2140-EAG-6;1210000000;-9999;ClKwel;-9999;80.0;;
3;1210;2140-EAG-6;1210000000;-9999;ClNeerslag;-9999;6.0;;
4;1210;2140-EAG-6;1210000000;-9999;ClRiolering;-9999;80.0;;
5;1210;2140-EAG-6;1210000000;-9999;ClUitspoeling;-9999;40.0;;
6;1210;2140-EAG-6;1210000000;-9999;ClVerhard;-9999;10.0;;
0;1210;2140-EAG-6;1210045695;1;Qkwel;Constant;0.0;;
1;1210;2140-EAG-6;1210045696;1;Qkwel;Constant;-0.8;;
2;1210;2140-EAG-6;1210045697;1;Qkwel;ValueSeries;-0.8;;01-04
3;1210;2140-EAG-6;1210045697;1;Qkwel;ValueSeries;0.0;;01-10
0;1210;2140-EAG-6;1210000000;1;Qkwel;Constant;0.0;;
1;1210;2140-EAG-6;1210000000;1;Qwegz;Constant;0.8;;
0;1210;2140-EAG-6;1210000000;1;hTargetMax;ValueSeries;-1.7;;01-05
1;1210;2140-EAG-6;1210000000;1;hTargetMax;ValueSeries;-1.7;;01-10
2;1210;2140-EAG-6;1210000000;1;hTargetMax;ValueSeries;-1.7;;15-03
3;1210;2140-EAG-6;1210000000;1;hTargetMax;ValueSeries;-1.7;;15-08
4;1210;2140-EAG-6;1210000000;1;hTargetMin;ValueSeries;-1.77;;01-05
5;1210;2140-EAG-6;1210000000;1;hTargetMin;ValueSeries;-1.77;;01-10
6;1210;2140-EAG-6;1210000000;1;hTargetMin;ValueSeries;-1.77;;15-03
7;1210;2140-EAG-6;1210000000;1;hTargetMin;ValueSeries;-1.77;;15-08
