EAGID;EAGCode;BakjeID;Laagvolgorde;ClusterType;ParamType;Waarde;WaardeAlfa;StartDag;Eenheid
123;2410-GAF;123000482;2;Qkwel;Constant;0.0000000000;;;mm/dag
123;2410-GAF;123000483;1;Qkwel;Constant;-0.3300000000;;;mm/dag
123;2410-GAF;123000487;2;Qkwel;Constant;0.0000000000;;;mm/dag
123;2410-GAF;123000488;1;Qkwel;Constant;-0.2000000000;;;mm/dag
123;2410-GAF;123000489;2;Qkwel;Constant;0.0000000000;;;mm/dag
123;2410-GAF;123000492;2;Qkwel;Constant;0.0000000000;;;mm/dag
123;2410-GAF;123000494;2;Qkwel;Constant;0.0000000000;;;mm/dag
123;2410-GAF;123000000;1;Qkwel;Constant;0.0000000000;;;mm/dag
123;2410-GAF;123000000;1;Qwegz;Constant;0.5000000000;;;mm/dag
123;2410-GAF;123000000;1;hTargetMax;ValueSeries;-3.2800000000;;01-05;mNAP
123;2410-GAF;123000000;1;hTargetMax;ValueSeries;-3.2800000000;;01-10;mNAP
123;2410-GAF;123000000;1;hTargetMax;ValueSeries;-3.2800000000;;15-03;mNAP
123;2410-GAF;123000000;1;hTargetMax;ValueSeries;-3.2800000000;;15-08;mNAP
123;2410-GAF;123000000;1;hTargetMin;ValueSeries;-3.3200000000;;01-05;mNAP
123;2410-GAF;123000000;1;hTargetMin;ValueSeries;-3.3200000000;;01-10;mNAP
123;2410-GAF;123000000;1;hTargetMin;ValueSeries;-3.3200000000;;15-03;mNAP
123;2410-GAF;123000000;1;hTargetMin;ValueSeries;-3.3200000000;;15-08;mNAP
123;2410-GAF;-9999;-9999;Inlaat1;ValueSeries;1100.0000000000;;01-04;m3/dag
123;2410-GAF;-9999;-9999;Inlaat1;ValueSeries;1100.0000000000;;01-10;m3/dag
123;2410-GAF;-9999;-9999;Inlaat2;ValueSeries;2457.0000000000;;01-04;m3/dag
123;2410-GAF;-9999;-9999;Inlaat2;ValueSeries;708.6666666667;;01-10;m3/dag
123;2410-GAF;-9999;-9999;Inlaat3;ValueSeries;2457.0000000000;;01-04;m3/dag
123;2410-GAF;-9999;-9999;Inlaat3;ValueSeries;708.6666666667;;01-10;m3/dag
123;2410-GAF;-9999;-9999;Inlaat4;ValueSeries;2457.0000000000;;01-04;m3/dag
123;2410-GAF;-9999;-9999;Inlaat4;ValueSeries;708.6666666667;;01-10;m3/dag
123;2410-GAF;-9999;-9999;Uitlaat1;ValueSeries;0.0000000000;;01-04;m3/dag
123;2410-GAF;-9999;-9999;Uitlaat1;ValueSeries;0.0000000000;;01-10;m3/dag
123;2410-GAF;-9999;-9999;Uitlaat2;ValueSeries;0.0000000000;;01-04;m3/dag
123;2410-GAF;-9999;-9999;Uitlaat2;ValueSeries;0.0000000000;;01-10;m3/dag
123;2410-GAF;-9999;-9999;Uitlaat3;ValueSeries;0.0000000000;;01-04;m3/dag
123;2410-GAF;-9999;-9999;Uitlaat3;ValueSeries;0.0000000000;;01-10;m3/dag
123;2410-GAF;-9999;-9999;Uitlaat4;ValueSeries;0.0000000000;;01-04;m3/dag
123;2410-GAF;-9999;-9999;Uitlaat4;ValueSeries;0.0000000000;;01-10;m3/dag
123;2410-GAF;-9999;-9999;Inlaat1;Local;;;;m3/dag
123;2410-GAF;-9999;-9999;Inlaat2;Local;;;;m3/dag
123;2410-GAF;-9999;-9999;Inlaat3;Local;;;;m3/dag
123;2410-GAF;-9999;-9999;Inlaat4;Local;;;;m3/dag
123;2410-GAF;-9999;-9999;Uitlaat1;Local;;;;m3/dag
123;2410-GAF;-9999;-9999;Uitlaat2;Local;;;;m3/dag
123;2410-GAF;-9999;-9999;Uitlaat3;Local;;;;m3/dag
123;2410-GAF;-9999;-9999;Uitlaat4;Local;;;;m3/dag
123;2410-GAF;-9999;-9999;Gemaal1Debiet Pomp 1;FEWS;;polder|Pompvolumes|60190_pomp_1|Vol.berekend.dag;;m3/dag
123;2410-GAF;-9999;-9999;Gemaal1Debiet Pomp 2;FEWS;;polder|Pompvolumes|60190_pomp_2|Vol.berekend.dag;;m3/dag
123;2410-GAF;-9999;-9999;Neerslag;FEWS;;meteo_meetstation_KNMI|ImportCAW|66005cal|P.meting.dagcal;;mm/dag
123;2410-GAF;-9999;-9999;Peil;FEWS;;polder|Statistiek|60190_polder|H.meting.gem;;mNAP
123;2410-GAF;-9999;-9999;Verdamping;FEWS;;meteo_meetstation_KNMI|ImportCAW|66002_VerdampingCAL|E.metingcal;;mm/dag
123;2410-GAF;-9999;-9999;Gemaal1Debiet Pomp 1;Local;;;;m3/dag
123;2410-GAF;-9999;-9999;Gemaal1Debiet Pomp 2;Local;;;;m3/dag
123;2410-GAF;-9999;-9999;Gemaal2Debiet Pomp 1;Local;;;;m3/dag
123;2410-GAF;-9999;-9999;Gemaal2Debiet Pomp 2;Local;;;;m3/dag
123;2410-GAF;-9999;-9999;Gemaal3Debiet Pomp 1;Local;;;;m3/dag
123;2410-GAF;-9999;-9999;Gemaal3Debiet Pomp 2;Local;;;;m3/dag
123;2410-GAF;-9999;-9999;Neerslag;Local;;;;mm/dag
123;2410-GAF;-9999;-9999;Peil;Local;;;;mNAP
123;2410-GAF;-9999;-9999;Verdamping;Local;;;;mm/dag
