;EAGID;EAGCode;BakjeID;Laagvolgorde;ClusterType;ParamType;Waarde;WaardeAlfa;StartDag;Eenheid
0;1272;2510-EAG-3;1272000000;-9999;ClAfstroming;-9999;35.0;;;mg/l
1;1272;2510-EAG-3;1272000000;-9999;ClDrain;-9999;70.0;;;mg/l
2;1272;2510-EAG-3;1272000000;-9999;ClKwel;-9999;400.0;;;mg/l
3;1272;2510-EAG-3;1272000000;-9999;ClNeerslag;-9999;6.0;;;mg/l
4;1272;2510-EAG-3;1272000000;-9999;ClRiolering;-9999;100.0;;;mg/l
5;1272;2510-EAG-3;1272000000;-9999;ClUitspoeling;-9999;70.0;;;mg/l
6;1272;2510-EAG-3;1272000000;-9999;ClVerhard;-9999;10.0;;;mg/l
0;1272;2510-EAG-3;1272057825;2;Qkwel;Constant;0.0;;;mm/dag
1;1272;2510-EAG-3;1272057826;1;Qkwel;ValueSeries;-1.5470102783;;01-10;mm/dag
2;1272;2510-EAG-3;1272057826;1;Qkwel;ValueSeries;-1.1602577087;;01-04;mm/dag
0;1272;2510-EAG-3;1272000000;1;Qkwel;Constant;0.0;;;mm/dag
1;1272;2510-EAG-3;1272000000;1;Qwegz;Constant;1.1602577087;;;mm/dag
0;1272;2510-EAG-3;1272000000;1;hTargetMax;ValueSeries;-2.45;;01-05;mNAP
1;1272;2510-EAG-3;1272000000;1;hTargetMax;ValueSeries;-2.45;;01-10;mNAP
2;1272;2510-EAG-3;1272000000;1;hTargetMax;ValueSeries;-2.45;;15-03;mNAP
3;1272;2510-EAG-3;1272000000;1;hTargetMax;ValueSeries;-2.45;;15-08;mNAP
4;1272;2510-EAG-3;1272000000;1;hTargetMin;ValueSeries;-2.47;;01-05;mNAP
5;1272;2510-EAG-3;1272000000;1;hTargetMin;ValueSeries;-2.47;;01-10;mNAP
6;1272;2510-EAG-3;1272000000;1;hTargetMin;ValueSeries;-2.47;;15-03;mNAP
7;1272;2510-EAG-3;1272000000;1;hTargetMin;ValueSeries;-2.47;;15-08;mNAP
0;1272;2510-EAG-3;-9999;-9999;Uitlaat1;ValueSeries;0.0;;01-04;m3/dag
1;1272;2510-EAG-3;-9999;-9999;Inlaat1;ValueSeries;0.0;;01-10;m3/dag
2;1272;2510-EAG-3;-9999;-9999;Inlaat2;ValueSeries;0.0;;01-04;m3/dag
3;1272;2510-EAG-3;-9999;-9999;Inlaat2;ValueSeries;0.0;;01-10;m3/dag
4;1272;2510-EAG-3;-9999;-9999;Inlaat3;ValueSeries;0.0;;01-04;m3/dag
5;1272;2510-EAG-3;-9999;-9999;Inlaat3;ValueSeries;0.0;;01-10;m3/dag
6;1272;2510-EAG-3;-9999;-9999;Inlaat1;ValueSeries;0.0;;01-04;m3/dag
7;1272;2510-EAG-3;-9999;-9999;Inlaat4;ValueSeries;0.0;;01-10;m3/dag
8;1272;2510-EAG-3;-9999;-9999;Uitlaat4;ValueSeries;0.0;;01-10;m3/dag
9;1272;2510-EAG-3;-9999;-9999;Uitlaat1;ValueSeries;0.0;;01-10;m3/dag
10;1272;2510-EAG-3;-9999;-9999;Uitlaat2;ValueSeries;0.0;;01-04;m3/dag
11;1272;2510-EAG-3;-9999;-9999;Uitlaat2;ValueSeries;0.0;;01-10;m3/dag
12;1272;2510-EAG-3;-9999;-9999;Uitlaat3;ValueSeries;0.0;;01-04;m3/dag
13;1272;2510-EAG-3;-9999;-9999;Uitlaat3;ValueSeries;0.0;;01-10;m3/dag
14;1272;2510-EAG-3;-9999;-9999;Uitlaat4;ValueSeries;0.0;;01-04;m3/dag
15;1272;2510-EAG-3;-9999;-9999;Inlaat4;ValueSeries;0.0;;01-04;m3/dag
