;EAGID;EAGCode;BakjeID;Laagvolgorde;ClusterType;ParamType;Waarde;WaardeAlfa;StartDag
0;1400;3360-EAG-13;1400000000;-9999;ClAfstroming;-9999;10.0;;
1;1400;3360-EAG-13;1400000000;-9999;ClDrain;-9999;150.0;;
2;1400;3360-EAG-13;1400000000;-9999;ClKwel;-9999;30.0;;
3;1400;3360-EAG-13;1400000000;-9999;ClNeerslag;-9999;6.0;;
4;1400;3360-EAG-13;1400000000;-9999;ClRiolering;-9999;100.0;;
5;1400;3360-EAG-13;1400000000;-9999;ClUitspoeling;-9999;30.0;;
6;1400;3360-EAG-13;1400000000;-9999;ClVerhard;-9999;10.0;;
0;1400;3360-EAG-13;1400046446;1;Qkwel;ValueSeries;-3.7669970521;;01-10
1;1400;3360-EAG-13;1400046446;1;Qkwel;ValueSeries;-2.9372154065;;01-04
0;1400;3360-EAG-13;1400000000;1;Qkwel;Constant;0.0;;
1;1400;3360-EAG-13;1400000000;1;Qwegz;ValueSeries;2.9372154065;;01-04
2;1400;3360-EAG-13;1400000000;1;Qwegz;ValueSeries;3.7669970521;;01-10
0;1400;3360-EAG-13;1400000000;1;hTargetMax;ValueSeries;-1.26;;01-05
1;1400;3360-EAG-13;1400000000;1;hTargetMax;ValueSeries;-1.26;;01-10
2;1400;3360-EAG-13;1400000000;1;hTargetMax;ValueSeries;-1.26;;15-03
3;1400;3360-EAG-13;1400000000;1;hTargetMax;ValueSeries;-1.26;;15-08
4;1400;3360-EAG-13;1400000000;1;hTargetMin;ValueSeries;-1.3;;01-05
5;1400;3360-EAG-13;1400000000;1;hTargetMin;ValueSeries;-1.3;;01-10
6;1400;3360-EAG-13;1400000000;1;hTargetMin;ValueSeries;-1.3;;15-03
7;1400;3360-EAG-13;1400000000;1;hTargetMin;ValueSeries;-1.3;;15-08
