;EAGID;EAGCode;BakjeID;Laagvolgorde;ClusterType;ReeksType;ParamType;Waarde;WaardeAlfa;StartDag;EAGReeksWaardeID;BakjeReeksWaardeID;LaagReeksWaardeID
0;19600;2540-EAG-1;-9999;-9999;Gemaal;Flux;FEWS;;Pompvolumes|60001_pomp_1|Vol.berekend.dag|-999.0;;24582;-9999;-9999
1;19600;2540-EAG-1;-9999;-9999;Gemaal;Flux;FEWS;;Pompvolumes|60001_pomp_2|Vol.berekend.dag|-999.0;;24583;-9999;-9999
2;19600;2540-EAG-1;-9999;-9999;Verdamping;Flux;FEWS;;ImportCAW|66002_VerdampingCAL|E.metingcal|-999.0;;24584;-9999;-9999
3;19600;2540-EAG-1;-9999;-9999;Neerslag;Flux;FEWS;;ImportCAW|66005cal|P.meting.dagcal|-999.0;;24585;-9999;-9999
4;19600;2540-EAG-1;-9999;-9999;Peil;Flux;FEWS;;Statistiek|70305_Polderpeil|H.meting.gem|-999.0;;24586;-9999;-9999
