;EAGID;EAGCode;BakjeID;Laagvolgorde;ClusterType;ReeksType;ParamType;Waarde;WaardeAlfa;StartDag;EAGReeksWaardeID;BakjeReeksWaardeID;LaagReeksWaardeID
0;19761;4210-EAG-4;-9999;-9999;Inlaat;Flux;ValueSeries;40.0;;01-04;24546;-9999;-9999
1;19761;4210-EAG-4;-9999;-9999;Inlaat;Flux;ValueSeries;40.0;;01-10;24547;-9999;-9999
2;19761;4210-EAG-4;-9999;-9999;Verdamping;Flux;FEWS;;ImportCAW|66003_VerdampingCAl|E.metingcal|-999.0;;25017;-9999;-9999
3;19761;4210-EAG-4;-9999;-9999;Neerslag;Flux;FEWS;;ImportCAW|66015cal|P.meting.dagcal|-999.0;;25018;-9999;-9999
0;19761;4210-EAG-4;16502;-9999;ClVerhard;Cl;-9999;10.0;;;-9999;959;-9999
1;19761;4210-EAG-4;16502;-9999;ClRiolering;Cl;-9999;100.0;;;-9999;960;-9999
2;19761;4210-EAG-4;16502;-9999;ClDrain;Cl;-9999;70.0;;;-9999;961;-9999
3;19761;4210-EAG-4;16502;-9999;ClUitspoeling;Cl;-9999;70.0;;;-9999;962;-9999
4;19761;4210-EAG-4;16502;-9999;ClAfstroming;Cl;-9999;40.0;;;-9999;963;-9999
0;19761;4210-EAG-4;16500;2;Qkwel;Flux;Constant;0.0;;;-9999;-9999;9258
1;19761;4210-EAG-4;16501;1;Qkwel;Flux;Constant;1.38;;;-9999;-9999;9259
2;19761;4210-EAG-4;16502;1;Qkwel;Flux;Constant;1.3799974351;;;-9999;-9999;9260
3;19761;4210-EAG-4;16502;1;Qkwel;Cl;Constant;100.0;;;-9999;-9999;9261
4;19761;4210-EAG-4;16502;1;Qwegz;Flux;Constant;0.0;;;-9999;-9999;9262
