EAGID;EAGCode;BakjeID;Laagvolgorde;ClusterType;ParamType;Waarde;WaardeAlfa;StartDag;Eenheid
102;2330-GAF;102000422;2;Qkwel;Constant;0.4000000000;;;mm/dag
102;2330-GAF;102000423;1;Qkwel;Constant;0.4000000000;;;mm/dag
102;2330-GAF;102000427;2;Qkwel;Constant;0.4000000000;;;mm/dag
102;2330-GAF;102000428;1;Qkwel;Constant;0.4000000000;;;mm/dag
102;2330-GAF;102000432;2;Qkwel;Constant;0.4000000000;;;mm/dag
102;2330-GAF;102000433;1;Qkwel;Constant;0.4000000000;;;mm/dag
102;2330-GAF;102000000;1;Qkwel;Constant;0.4000000000;;;mm/dag
102;2330-GAF;102000000;1;Qwegz;Constant;0.0000000000;;;mm/dag
102;2330-GAF;102000000;1;hTargetMax;ValueSeries;0.0000000000;;01-05;mNAP
102;2330-GAF;102000000;1;hTargetMax;ValueSeries;0.0000000000;;01-10;mNAP
102;2330-GAF;102000000;1;hTargetMax;ValueSeries;0.0000000000;;15-03;mNAP
102;2330-GAF;102000000;1;hTargetMax;ValueSeries;0.0000000000;;15-08;mNAP
102;2330-GAF;102000000;1;hTargetMin;ValueSeries;0.0000000000;;01-05;mNAP
102;2330-GAF;102000000;1;hTargetMin;ValueSeries;0.0000000000;;01-10;mNAP
102;2330-GAF;102000000;1;hTargetMin;ValueSeries;0.0000000000;;15-03;mNAP
102;2330-GAF;102000000;1;hTargetMin;ValueSeries;0.0000000000;;15-08;mNAP
102;2330-GAF;-9999;-9999;Inlaat1;ValueSeries;20000.0000000000;;01-04;m3/dag
102;2330-GAF;-9999;-9999;Inlaat1;ValueSeries;10000.0000000000;;01-10;m3/dag
102;2330-GAF;-9999;-9999;Inlaat2;ValueSeries;0.0000000000;;01-04;m3/dag
102;2330-GAF;-9999;-9999;Inlaat2;ValueSeries;0.0000000000;;01-10;m3/dag
102;2330-GAF;-9999;-9999;Inlaat3;ValueSeries;0.0000000000;;01-04;m3/dag
102;2330-GAF;-9999;-9999;Inlaat3;ValueSeries;0.0000000000;;01-10;m3/dag
102;2330-GAF;-9999;-9999;Inlaat4;ValueSeries;0.0000000000;;01-04;m3/dag
102;2330-GAF;-9999;-9999;Inlaat4;ValueSeries;0.0000000000;;01-10;m3/dag
102;2330-GAF;-9999;-9999;Uitlaat1;ValueSeries;0.0000000000;;01-04;m3/dag
102;2330-GAF;-9999;-9999;Uitlaat1;ValueSeries;0.0000000000;;01-10;m3/dag
102;2330-GAF;-9999;-9999;Uitlaat2;ValueSeries;0.0000000000;;01-04;m3/dag
102;2330-GAF;-9999;-9999;Uitlaat2;ValueSeries;0.0000000000;;01-10;m3/dag
102;2330-GAF;-9999;-9999;Uitlaat3;ValueSeries;0.0000000000;;01-04;m3/dag
102;2330-GAF;-9999;-9999;Uitlaat3;ValueSeries;0.0000000000;;01-10;m3/dag
102;2330-GAF;-9999;-9999;Uitlaat4;ValueSeries;0.0000000000;;01-04;m3/dag
102;2330-GAF;-9999;-9999;Uitlaat4;ValueSeries;0.0000000000;;01-10;m3/dag
102;2330-GAF;-9999;-9999;Inlaat1;Local;;;;m3/dag
102;2330-GAF;-9999;-9999;Inlaat2;Local;;;;m3/dag
102;2330-GAF;-9999;-9999;Inlaat3;Local;;;;m3/dag
102;2330-GAF;-9999;-9999;Inlaat4;Local;;;;m3/dag
102;2330-GAF;-9999;-9999;Uitlaat1;Local;;;;m3/dag
102;2330-GAF;-9999;-9999;Uitlaat2;Local;;;;m3/dag
102;2330-GAF;-9999;-9999;Uitlaat3;Local;;;;m3/dag
102;2330-GAF;-9999;-9999;Uitlaat4;Local;;;;m3/dag
102;2330-GAF;-9999;-9999;Gemaal1Debiet Pomp 1;FEWS;;polder|Pompvolumes|60171_pomp_1|Vol.berekend.dag;;m3/dag
102;2330-GAF;-9999;-9999;Neerslag;FEWS;;meteo_meetstation_KNMI|ImportCAW|66011cal|P.meting.dagcal;;mm/dag
102;2330-GAF;-9999;-9999;Peil;FEWS;;polder|Statistiek|60171_polder|H.meting.gem;;mNAP
102;2330-GAF;-9999;-9999;Verdamping;FEWS;;meteo_meetstation_KNMI|ImportCAW|66002_VerdampingCAL|E.metingcal;;mm/dag
102;2330-GAF;-9999;-9999;Gemaal1Debiet Pomp 1;Local;;;;m3/dag
102;2330-GAF;-9999;-9999;Gemaal1Debiet Pomp 2;Local;;;;m3/dag
102;2330-GAF;-9999;-9999;Gemaal2Debiet Pomp 1;Local;;;;m3/dag
102;2330-GAF;-9999;-9999;Gemaal2Debiet Pomp 2;Local;;;;m3/dag
102;2330-GAF;-9999;-9999;Gemaal3Debiet Pomp 1;Local;;;;m3/dag
102;2330-GAF;-9999;-9999;Gemaal3Debiet Pomp 2;Local;;;;m3/dag
102;2330-GAF;-9999;-9999;Neerslag;Local;;;;mm/dag
102;2330-GAF;-9999;-9999;Peil;Local;;;;mNAP
102;2330-GAF;-9999;-9999;Verdamping;Local;;;;mm/dag
