;EAGID;EAGCode;BakjeID;Laagvolgorde;ClusterType;ReeksType;ParamType;Waarde;WaardeAlfa;StartDag;EAGReeksWaardeID;BakjeReeksWaardeID;LaagReeksWaardeID
0;19813;6540-EAG-3;-9999;-9999;Gemaal;Flux;FEWS;;Pompvolumes|62077_pomp_1|Vol.berekend.dag|-999.0;;25330;-9999;-9999
1;19813;6540-EAG-3;-9999;-9999;Gemaal;Flux;FEWS;;Pompvolumes|62077_pomp_2|Vol.berekend.dag|-999.0;;25331;-9999;-9999
2;19813;6540-EAG-3;-9999;-9999;Gemaal;Flux;FEWS;;Pompvolumes|62077_pomp_3|Vol.berekend.dag|-999.0;;25332;-9999;-9999
3;19813;6540-EAG-3;-9999;-9999;Verdamping;Flux;FEWS;;ImportCAW|66003_VerdampingCAl|E.metingcal|-999.0;;25333;-9999;-9999
4;19813;6540-EAG-3;-9999;-9999;Neerslag;Flux;FEWS;;ImportCAW|66015cal|P.meting.dagcal|-999.0;;25334;-9999;-9999
