;EAGID;EAGCode;BakjeID;Laagvolgorde;ClusterType;ReeksType;ParamType;Waarde;WaardeAlfa;StartDag;EAGReeksWaardeID;BakjeReeksWaardeID;LaagReeksWaardeID
0;19844;8030-EAG-2;-9999;-9999;Inlaat;Flux;ValueSeries;320.0;;01-04;24550;-9999;-9999
1;19844;8030-EAG-2;-9999;-9999;Inlaat;Flux;ValueSeries;320.0;;01-10;24551;-9999;-9999
2;19844;8030-EAG-2;-9999;-9999;Gemaal;Flux;FEWS;;Pompvolumes|62321_Pomp_1_bedrijf|Vol.berekend.dag|-999.0;;25390;-9999;-9999
3;19844;8030-EAG-2;-9999;-9999;Gemaal;Flux;FEWS;;Pompvolumes|62321_Pomp_1_bedrijf|Vol.berekend.dag|-999.0;;25391;-9999;-9999
4;19844;8030-EAG-2;-9999;-9999;Gemaal;Flux;FEWS;;Pompvolumes|62321_Pomp_2_bedrijf|Vol.berekend.dag|-999.0;;25392;-9999;-9999
5;19844;8030-EAG-2;-9999;-9999;Gemaal;Flux;FEWS;;Pompvolumes|62321_Pomp_2_bedrijf|Vol.berekend.dag|-999.0;;25393;-9999;-9999
6;19844;8030-EAG-2;-9999;-9999;Gemaal;Flux;FEWS;;Pompvolumes|64282_pomp_1|Vol.berekend.dag|-999.0;;25394;-9999;-9999
7;19844;8030-EAG-2;-9999;-9999;Gemaal;Flux;FEWS;;Pompvolumes|64282_pomp_2|Vol.berekend.dag|-999.0;;25395;-9999;-9999
8;19844;8030-EAG-2;-9999;-9999;Verdamping;Flux;FEWS;;ImportCAW|66002_VerdampingCAL|E.metingcal|-999.0;;25396;-9999;-9999
9;19844;8030-EAG-2;-9999;-9999;Neerslag;Flux;FEWS;;ImportCAW|66010cal|P.meting.dagcal|-999.0;;25397;-9999;-9999
0;19844;8030-EAG-2;16516;-9999;ClVerhard;Cl;-9999;50.0;;;-9999;979;-9999
1;19844;8030-EAG-2;16516;-9999;ClRiolering;Cl;-9999;100.0;;;-9999;980;-9999
2;19844;8030-EAG-2;16516;-9999;ClDrain;Cl;-9999;175.0;;;-9999;981;-9999
3;19844;8030-EAG-2;16516;-9999;ClUitspoeling;Cl;-9999;200.0;;;-9999;982;-9999
4;19844;8030-EAG-2;16516;-9999;ClAfstroming;Cl;-9999;25.0;;;-9999;983;-9999
0;19844;8030-EAG-2;16513;2;Qkwel;Flux;Constant;1.0;;;-9999;-9999;9278
1;19844;8030-EAG-2;16514;1;Qkwel;Flux;Constant;1.0;;;-9999;-9999;9279
2;19844;8030-EAG-2;16516;1;Qkwel;Flux;Constant;1.0;;;-9999;-9999;9280
3;19844;8030-EAG-2;16516;1;Qkwel;Cl;Constant;300.0;;;-9999;-9999;9281
4;19844;8030-EAG-2;16516;1;Qwegz;Flux;Constant;0.0;;;-9999;-9999;9282
