;EAGID;EAGCode;BakjeID;Laagvolgorde;ClusterType;ReeksType;ParamType;Waarde;WaardeAlfa;StartDag;EAGReeksWaardeID;BakjeReeksWaardeID;LaagReeksWaardeID
0;19734;3370-EAG-4;-9999;-9999;Verdamping;Flux;FEWS;;ImportCAW|66003_VerdampingCAl|E.metingcal|-999.0;;25043;-9999;-9999
1;19734;3370-EAG-4;-9999;-9999;Neerslag;Flux;FEWS;;ImportCAW|66011cal|P.meting.dagcal|-999.0;;25044;-9999;-9999
2;19734;3370-EAG-4;-9999;-9999;Peil;Flux;FEWS;;Statistiek|70002_Polderpeil|H.meting.gem|-999.0;;25045;-9999;-9999
3;19734;3370-EAG-4;-9999;-9999;Peil;Flux;FEWS;;Statistiek|70940_Oost|H.meting.gem|-999.0;;25046;-9999;-9999
0;19734;3370-EAG-4;16482;-9999;ClVerhard;Cl;-9999;10;;;-9999;924;-9999
1;19734;3370-EAG-4;16482;-9999;ClRiolering;Cl;-9999;100;;;-9999;925;-9999
2;19734;3370-EAG-4;16482;-9999;ClDrain;Cl;-9999;150;;;-9999;926;-9999
3;19734;3370-EAG-4;16482;-9999;ClUitspoeling;Cl;-9999;30;;;-9999;927;-9999
4;19734;3370-EAG-4;16482;-9999;ClAfstroming;Cl;-9999;10;;;-9999;928;-9999
0;19734;3370-EAG-4;16481;1;Qkwel;Flux;ValueSeries;1.0;;01-04;-9999;-9999;9219
1;19734;3370-EAG-4;16481;1;Qkwel;Flux;ValueSeries;0.18;;01-10;-9999;-9999;9220
2;19734;3370-EAG-4;16482;1;Qkwel;Cl;Constant;30.0;;;-9999;-9999;9221
3;19734;3370-EAG-4;16482;1;Qkwel;Flux;ValueSeries;1.45;;01-04;-9999;-9999;9222
4;19734;3370-EAG-4;16482;1;Qkwel;Flux;ValueSeries;0.45;;01-10;-9999;-9999;9224
5;19734;3370-EAG-4;16482;1;Qwegz;Flux;ValueSeries;0.0;;01-04;-9999;-9999;9223
6;19734;3370-EAG-4;16482;1;Qwegz;Flux;ValueSeries;0.0;;01-10;-9999;-9999;9225
