;EAGID;EAGCode;BakjeID;Laagvolgorde;ClusterType;ReeksType;ParamType;Waarde;WaardeAlfa;StartDag;EAGReeksWaardeID;BakjeReeksWaardeID;LaagReeksWaardeID
0;19483;1000-EAG-2;-9999;-9999;Gemaal;Flux;FEWS;;Pompvolumes|64016_pomp_1|Vol.berekend.dag|-999.0;;25485;-9999;-9999
1;19483;1000-EAG-2;-9999;-9999;Gemaal;Flux;FEWS;;Pompvolumes|64016_pomp_2|Vol.berekend.dag|-999.0;;25486;-9999;-9999
2;19483;1000-EAG-2;-9999;-9999;Verdamping;Flux;FEWS;;ImportCAW|66002_VerdampingCAL|E.metingcal|-999.0;;25487;-9999;-9999
3;19483;1000-EAG-2;-9999;-9999;Neerslag;Flux;FEWS;;ImportCAW|66006cal|P.meting.dagcal|-999.0;;25488;-9999;-9999
