;EAGID;EAGCode;BakjeID;Laagvolgorde;ClusterType;ParamType;Waarde;WaardeAlfa;StartDag
0;1272;2510-EAG-3;1272000000;-9999;ClAfstroming;-9999;35.0;;
1;1272;2510-EAG-3;1272000000;-9999;ClDrain;-9999;70.0;;
2;1272;2510-EAG-3;1272000000;-9999;ClKwel;-9999;400.0;;
3;1272;2510-EAG-3;1272000000;-9999;ClNeerslag;-9999;6.0;;
4;1272;2510-EAG-3;1272000000;-9999;ClRiolering;-9999;100.0;;
5;1272;2510-EAG-3;1272000000;-9999;ClUitspoeling;-9999;70.0;;
6;1272;2510-EAG-3;1272000000;-9999;ClVerhard;-9999;10.0;;
0;1272;2510-EAG-3;1272046015;1;Qkwel;Constant;0.0;;
1;1272;2510-EAG-3;1272046016;1;Qkwel;ValueSeries;-1.5470102783;;01-10
2;1272;2510-EAG-3;1272046016;1;Qkwel;ValueSeries;-1.1602577087;;01-04
0;1272;2510-EAG-3;1272000000;1;Qkwel;Constant;0.0;;
1;1272;2510-EAG-3;1272000000;1;Qwegz;Constant;1.1602577087;;
0;1272;2510-EAG-3;1272000000;1;hTargetMax;ValueSeries;-2.45;;01-05
1;1272;2510-EAG-3;1272000000;1;hTargetMax;ValueSeries;-2.45;;01-10
2;1272;2510-EAG-3;1272000000;1;hTargetMax;ValueSeries;-2.45;;15-03
3;1272;2510-EAG-3;1272000000;1;hTargetMax;ValueSeries;-2.45;;15-08
4;1272;2510-EAG-3;1272000000;1;hTargetMin;ValueSeries;-2.47;;01-05
5;1272;2510-EAG-3;1272000000;1;hTargetMin;ValueSeries;-2.47;;01-10
6;1272;2510-EAG-3;1272000000;1;hTargetMin;ValueSeries;-2.47;;15-03
7;1272;2510-EAG-3;1272000000;1;hTargetMin;ValueSeries;-2.47;;15-08
