;EAGID;EAGCode;BakjeID;Laagvolgorde;ClusterType;ReeksType;ParamType;Waarde;WaardeAlfa;StartDag;EAGReeksWaardeID;BakjeReeksWaardeID;LaagReeksWaardeID
0;19543;2250-EAG-4;-9999;-9999;Gemaal;Flux;FEWS;;Pompvolumes|60150_dieselpomp|Vol.berekend.dag|-999.0;;24807;-9999;-9999
1;19543;2250-EAG-4;-9999;-9999;Gemaal;Flux;FEWS;;Pompvolumes|60150_pomp_1|Vol.berekend.dag|-999.0;;24808;-9999;-9999
2;19543;2250-EAG-4;-9999;-9999;Peil;Flux;FEWS;;Statistiek|62751_polder|H.meting.gem|-999.0;;24809;-9999;-9999
3;19543;2250-EAG-4;-9999;-9999;Verdamping;Flux;FEWS;;ImportCAW|66002_VerdampingCAL|E.metingcal|-999.0;;24810;-9999;-9999
4;19543;2250-EAG-4;-9999;-9999;Neerslag;Flux;FEWS;;ImportCAW|66005cal|P.meting.dagcal|-999.0;;24811;-9999;-9999
