;EAGID;EAGCode;BakjeID;Laagvolgorde;ClusterType;ReeksType;ParamType;Waarde;WaardeAlfa;StartDag;EAGReeksWaardeID;BakjeReeksWaardeID;LaagReeksWaardeID
0;19762;4210-EAG-5;-9999;-9999;Verdamping;Flux;FEWS;;ImportCAW|66003_VerdampingCAl|E.metingcal|-999.0;;25019;-9999;-9999
1;19762;4210-EAG-5;-9999;-9999;Neerslag;Flux;FEWS;;ImportCAW|66015cal|P.meting.dagcal|-999.0;;25020;-9999;-9999
0;19762;4210-EAG-5;16505;-9999;ClVerhard;Cl;-9999;10;;;-9999;964;-9999
1;19762;4210-EAG-5;16505;-9999;ClRiolering;Cl;-9999;100;;;-9999;965;-9999
2;19762;4210-EAG-5;16505;-9999;ClDrain;Cl;-9999;70;;;-9999;966;-9999
3;19762;4210-EAG-5;16505;-9999;ClUitspoeling;Cl;-9999;40;;;-9999;967;-9999
4;19762;4210-EAG-5;16505;-9999;ClAfstroming;Cl;-9999;20;;;-9999;968;-9999
0;19762;4210-EAG-5;16503;2;Qkwel;Flux;Constant;0.0;;;-9999;-9999;9263
1;19762;4210-EAG-5;16504;1;Qkwel;Flux;Constant;0.42;;;-9999;-9999;9264
2;19762;4210-EAG-5;16505;1;Qkwel;Flux;Constant;0.4199991601;;;-9999;-9999;9265
3;19762;4210-EAG-5;16505;1;Qkwel;Cl;Constant;100.0;;;-9999;-9999;9266
4;19762;4210-EAG-5;16505;1;Qwegz;Flux;Constant;0.0;;;-9999;-9999;9267
