;EAGID;EAGCode;BakjeID;Laagvolgorde;ClusterType;ParamType;Waarde;WaardeAlfa;StartDag
0;1618;8020-GAF;1618000000;-9999;ClAfstroming;-9999;30.0;;
1;1618;8020-GAF;1618000000;-9999;ClDrain;-9999;300.0;;
2;1618;8020-GAF;1618000000;-9999;ClKwel;-9999;800.0;;
3;1618;8020-GAF;1618000000;-9999;ClNeerslag;-9999;6.0;;
4;1618;8020-GAF;1618000000;-9999;ClRiolering;-9999;100.0;;
5;1618;8020-GAF;1618000000;-9999;ClUitspoeling;-9999;159.459459459459;;
6;1618;8020-GAF;1618000000;-9999;ClVerhard;-9999;10.0;;
0;1618;8020-GAF;1618046800;1;Qkwel;Constant;0.7;;
1;1618;8020-GAF;1618046801;1;Qkwel;Constant;0.7;;
0;1618;8020-GAF;1618000000;1;Qkwel;Constant;0.7;;
1;1618;8020-GAF;1618000000;1;Qwegz;Constant;0.0;;
0;1618;8020-GAF;1618000000;1;hTargetMax;ValueSeries;-2.13;;01-05
1;1618;8020-GAF;1618000000;1;hTargetMax;ValueSeries;-2.13;;01-10
2;1618;8020-GAF;1618000000;1;hTargetMax;ValueSeries;-2.13;;15-03
3;1618;8020-GAF;1618000000;1;hTargetMax;ValueSeries;-2.13;;15-08
4;1618;8020-GAF;1618000000;1;hTargetMin;ValueSeries;-2.17;;01-05
5;1618;8020-GAF;1618000000;1;hTargetMin;ValueSeries;-2.17;;01-10
6;1618;8020-GAF;1618000000;1;hTargetMin;ValueSeries;-2.17;;15-03
7;1618;8020-GAF;1618000000;1;hTargetMin;ValueSeries;-2.17;;15-08
