;EAGID;EAGCode;BakjeID;Laagvolgorde;ClusterType;ParamType;Waarde;WaardeAlfa;StartDag
0;1587;2610-GAF;1587000000;-9999;ClAfstroming;-9999;25.0;;
1;1587;2610-GAF;1587000000;-9999;ClDrain;-9999;70.0;;
2;1587;2610-GAF;1587000000;-9999;ClKwel;-9999;400.0;;
3;1587;2610-GAF;1587000000;-9999;ClNeerslag;-9999;6.0;;
4;1587;2610-GAF;1587000000;-9999;ClRiolering;-9999;100.0;;
5;1587;2610-GAF;1587000000;-9999;ClUitspoeling;-9999;50.0;;
6;1587;2610-GAF;1587000000;-9999;ClVerhard;-9999;10.0;;
0;1587;2610-GAF;1587046085;1;Qkwel;Constant;0.0;;
1;1587;2610-GAF;1587046086;1;Qkwel;Constant;-0.2;;
0;1587;2610-GAF;1587000000;1;Qkwel;Constant;0.0;;
1;1587;2610-GAF;1587000000;1;Qwegz;Constant;0.2;;
0;1587;2610-GAF;1587000000;1;hTargetMax;ValueSeries;-2.09;;01-10
1;1587;2610-GAF;1587000000;1;hTargetMax;ValueSeries;-2.09;;15-03
2;1587;2610-GAF;1587000000;1;hTargetMax;ValueSeries;-2.0;;01-05
3;1587;2610-GAF;1587000000;1;hTargetMax;ValueSeries;-2.0;;15-08
4;1587;2610-GAF;1587000000;1;hTargetMin;ValueSeries;-2.11;;01-10
5;1587;2610-GAF;1587000000;1;hTargetMin;ValueSeries;-2.11;;15-03
6;1587;2610-GAF;1587000000;1;hTargetMin;ValueSeries;-2.02;;01-05
7;1587;2610-GAF;1587000000;1;hTargetMin;ValueSeries;-2.02;;15-08
