;EAGID;EAGCode;BakjeID;Laagvolgorde;ClusterType;ReeksType;ParamType;Waarde;WaardeAlfa;StartDag;EAGReeksWaardeID;BakjeReeksWaardeID;LaagReeksWaardeID
0;19806;6490-EAG-1;-9999;-9999;Gemaal;Flux;FEWS;;Pompvolumes|60179_pomp_1|Vol.berekend.dag|-999.0;;24847;-9999;-9999
1;19806;6490-EAG-1;-9999;-9999;Gemaal;Flux;FEWS;;Pompvolumes|60179_pomp_2|Vol.berekend.dag|-999.0;;24848;-9999;-9999
2;19806;6490-EAG-1;-9999;-9999;Verdamping;Flux;FEWS;;ImportCAW|66002_VerdampingCAL|E.metingcal|-999.0;;24849;-9999;-9999
3;19806;6490-EAG-1;-9999;-9999;Neerslag;Flux;FEWS;;ImportCAW|66015cal|P.meting.dagcal|-999.0;;24850;-9999;-9999
