EAGID;EAGCode;BakjeID;Laagvolgorde;ClusterType;ParamType;Waarde;WaardeAlfa;StartDag;Eenheid
147;2505-EAG-1;147000667;2;Qkwel;Constant;0.0000000000;;;mm/dag
147;2505-EAG-1;147000668;1;Qkwel;ValueSeries;-0.3998795905;;01-10;mm/dag
147;2505-EAG-1;147000668;1;Qkwel;ValueSeries;-0.2999096929;;01-04;mm/dag
147;2505-EAG-1;147000672;2;Qkwel;Constant;0.0000000000;;;mm/dag
147;2505-EAG-1;147000673;1;Qkwel;ValueSeries;-0.7037474665;;01-10;mm/dag
147;2505-EAG-1;147000673;1;Qkwel;ValueSeries;-0.5278105999;;01-04;mm/dag
147;2505-EAG-1;147000677;2;Qkwel;Constant;0.0000000000;;;mm/dag
147;2505-EAG-1;147000678;1;Qkwel;ValueSeries;-1.4763361142;;01-10;mm/dag
147;2505-EAG-1;147000678;1;Qkwel;ValueSeries;-1.1072520857;;01-04;mm/dag
147;2505-EAG-1;147000000;1;Qkwel;Constant;0.0000000000;;;mm/dag
147;2505-EAG-1;147000000;1;Qwegz;Constant;0.5787947703;;;mm/dag
147;2505-EAG-1;147000000;1;hTargetMax;ValueSeries;-2.4500000000;;01-05;mNAP
147;2505-EAG-1;147000000;1;hTargetMax;ValueSeries;-2.4500000000;;01-10;mNAP
147;2505-EAG-1;147000000;1;hTargetMax;ValueSeries;-2.4500000000;;15-03;mNAP
147;2505-EAG-1;147000000;1;hTargetMax;ValueSeries;-2.4500000000;;15-08;mNAP
147;2505-EAG-1;147000000;1;hTargetMin;ValueSeries;-2.4700000000;;01-05;mNAP
147;2505-EAG-1;147000000;1;hTargetMin;ValueSeries;-2.4700000000;;01-10;mNAP
147;2505-EAG-1;147000000;1;hTargetMin;ValueSeries;-2.4700000000;;15-03;mNAP
147;2505-EAG-1;147000000;1;hTargetMin;ValueSeries;-2.4700000000;;15-08;mNAP
147;2505-EAG-1;-9999;-9999;Inlaat1;ValueSeries;0.0000000000;;01-04;m3/dag
147;2505-EAG-1;-9999;-9999;Inlaat1;ValueSeries;0.0000000000;;01-10;m3/dag
147;2505-EAG-1;-9999;-9999;Inlaat2;ValueSeries;0.0000000000;;01-04;m3/dag
147;2505-EAG-1;-9999;-9999;Inlaat2;ValueSeries;0.0000000000;;01-10;m3/dag
147;2505-EAG-1;-9999;-9999;Inlaat3;ValueSeries;0.0000000000;;01-04;m3/dag
147;2505-EAG-1;-9999;-9999;Inlaat3;ValueSeries;0.0000000000;;01-10;m3/dag
147;2505-EAG-1;-9999;-9999;Inlaat4;ValueSeries;0.0000000000;;01-04;m3/dag
147;2505-EAG-1;-9999;-9999;Inlaat4;ValueSeries;0.0000000000;;01-10;m3/dag
147;2505-EAG-1;-9999;-9999;Uitlaat1;ValueSeries;0.0000000000;;01-04;m3/dag
147;2505-EAG-1;-9999;-9999;Uitlaat1;ValueSeries;0.0000000000;;01-10;m3/dag
147;2505-EAG-1;-9999;-9999;Uitlaat2;ValueSeries;0.0000000000;;01-04;m3/dag
147;2505-EAG-1;-9999;-9999;Uitlaat2;ValueSeries;0.0000000000;;01-10;m3/dag
147;2505-EAG-1;-9999;-9999;Uitlaat3;ValueSeries;0.0000000000;;01-04;m3/dag
147;2505-EAG-1;-9999;-9999;Uitlaat3;ValueSeries;0.0000000000;;01-10;m3/dag
147;2505-EAG-1;-9999;-9999;Uitlaat4;ValueSeries;0.0000000000;;01-04;m3/dag
147;2505-EAG-1;-9999;-9999;Uitlaat4;ValueSeries;0.0000000000;;01-10;m3/dag
147;2505-EAG-1;-9999;-9999;Inlaat1;Local;;;;m3/dag
147;2505-EAG-1;-9999;-9999;Inlaat2;Local;;;;m3/dag
147;2505-EAG-1;-9999;-9999;Inlaat3;Local;;;;m3/dag
147;2505-EAG-1;-9999;-9999;Inlaat4;Local;;;;m3/dag
147;2505-EAG-1;-9999;-9999;Uitlaat1;Local;;;;m3/dag
147;2505-EAG-1;-9999;-9999;Uitlaat2;Local;;;;m3/dag
147;2505-EAG-1;-9999;-9999;Uitlaat3;Local;;;;m3/dag
147;2505-EAG-1;-9999;-9999;Uitlaat4;Local;;;;m3/dag
147;2505-EAG-1;-9999;-9999;Gemaal1Debiet Pomp 1;FEWS;;polder|Pompvolumes|60017_Pomp1|Vol.berekend.dag;;m3/dag
147;2505-EAG-1;-9999;-9999;Neerslag;FEWS;;meteo_meetstation_KNMI|ImportCAW|66017cal|P.meting.dagcal;;mm/dag
147;2505-EAG-1;-9999;-9999;Peil;FEWS;;polder|Statistiek|70026_West|H.meting.gem;;mNAP
147;2505-EAG-1;-9999;-9999;Verdamping;FEWS;;meteo_meetstation_KNMI|ImportCAW|66002_VerdampingCAL|E.metingcal;;mm/dag
147;2505-EAG-1;-9999;-9999;Gemaal1Debiet Pomp 1;Local;;;;m3/dag
147;2505-EAG-1;-9999;-9999;Gemaal1Debiet Pomp 2;Local;;;;m3/dag
147;2505-EAG-1;-9999;-9999;Gemaal2Debiet Pomp 1;Local;;;;m3/dag
147;2505-EAG-1;-9999;-9999;Gemaal2Debiet Pomp 2;Local;;;;m3/dag
147;2505-EAG-1;-9999;-9999;Gemaal3Debiet Pomp 1;Local;;;;m3/dag
147;2505-EAG-1;-9999;-9999;Gemaal3Debiet Pomp 2;Local;;;;m3/dag
147;2505-EAG-1;-9999;-9999;Neerslag;Local;;;;mm/dag
147;2505-EAG-1;-9999;-9999;Peil;Local;;;;mNAP
147;2505-EAG-1;-9999;-9999;Verdamping;Local;;;;mm/dag
