;EAGID;EAGCode;BakjeID;Laagvolgorde;ClusterType;ParamType;Waarde;WaardeAlfa;StartDag
0;1351;3230-EAG-3;1351000000;-9999;ClAfstroming;-9999;30.0;;
1;1351;3230-EAG-3;1351000000;-9999;ClDrain;-9999;50.0;;
2;1351;3230-EAG-3;1351000000;-9999;ClKwel;-9999;30.0;;
3;1351;3230-EAG-3;1351000000;-9999;ClNeerslag;-9999;6.0;;
4;1351;3230-EAG-3;1351000000;-9999;ClRiolering;-9999;100.0;;
5;1351;3230-EAG-3;1351000000;-9999;ClUitspoeling;-9999;50.0;;
6;1351;3230-EAG-3;1351000000;-9999;ClVerhard;-9999;10.0;;
0;1351;3230-EAG-3;1351046306;1;Qkwel;Constant;-5.8523345692;;
0;1351;3230-EAG-3;1351000000;1;Qkwel;Constant;0.0;;
1;1351;3230-EAG-3;1351000000;1;Qwegz;Constant;5.85;;
0;1351;3230-EAG-3;1351000000;1;hTargetMax;ValueSeries;-1.2;;01-05
1;1351;3230-EAG-3;1351000000;1;hTargetMax;ValueSeries;-1.2;;01-10
2;1351;3230-EAG-3;1351000000;1;hTargetMax;ValueSeries;-1.2;;15-03
3;1351;3230-EAG-3;1351000000;1;hTargetMax;ValueSeries;-1.2;;15-08
4;1351;3230-EAG-3;1351000000;1;hTargetMin;ValueSeries;-1.24;;01-05
5;1351;3230-EAG-3;1351000000;1;hTargetMin;ValueSeries;-1.24;;01-10
6;1351;3230-EAG-3;1351000000;1;hTargetMin;ValueSeries;-1.24;;15-03
7;1351;3230-EAG-3;1351000000;1;hTargetMin;ValueSeries;-1.24;;15-08
