;EAGID;EAGCode;BakjeID;Laagvolgorde;ClusterType;ParamType;Waarde;WaardeAlfa;StartDag
0;1619;8030-GAF;1619000000;-9999;ClAfstroming;-9999;25.0;;
1;1619;8030-GAF;1619000000;-9999;ClDrain;-9999;175.0;;
2;1619;8030-GAF;1619000000;-9999;ClKwel;-9999;300.0;;
3;1619;8030-GAF;1619000000;-9999;ClNeerslag;-9999;6.0;;
4;1619;8030-GAF;1619000000;-9999;ClRiolering;-9999;100.0;;
5;1619;8030-GAF;1619000000;-9999;ClUitspoeling;-9999;140.0;;
6;1619;8030-GAF;1619000000;-9999;ClVerhard;-9999;50.0;;
0;1619;8030-GAF;1619046810;1;Qkwel;Constant;1.0;;
1;1619;8030-GAF;1619046811;1;Qkwel;Constant;2.0;;
2;1619;8030-GAF;1619046815;1;Qkwel;Constant;1.0;;
3;1619;8030-GAF;1619046817;1;Qkwel;ValueSeries;0.0;;01-10
4;1619;8030-GAF;1619046817;1;Qkwel;ValueSeries;1.0;;01-04
5;1619;8030-GAF;1619046820;1;Qkwel;Constant;1.0;;
6;1619;8030-GAF;1619046821;1;Qkwel;Constant;1.0;;
7;1619;8030-GAF;1619046825;1;Qkwel;Constant;1.0;;
8;1619;8030-GAF;1619046826;1;Qkwel;Constant;-0.3;;
0;1619;8030-GAF;1619000000;1;Qkwel;Constant;1.0;;
1;1619;8030-GAF;1619000000;1;Qwegz;Constant;1.0;;
0;1619;8030-GAF;1619000000;1;hTargetMax;ValueSeries;-5.33;;01-05
1;1619;8030-GAF;1619000000;1;hTargetMax;ValueSeries;-5.33;;01-10
2;1619;8030-GAF;1619000000;1;hTargetMax;ValueSeries;-5.33;;15-03
3;1619;8030-GAF;1619000000;1;hTargetMax;ValueSeries;-5.33;;15-08
4;1619;8030-GAF;1619000000;1;hTargetMin;ValueSeries;-5.37;;01-05
5;1619;8030-GAF;1619000000;1;hTargetMin;ValueSeries;-5.37;;01-10
6;1619;8030-GAF;1619000000;1;hTargetMin;ValueSeries;-5.37;;15-03
7;1619;8030-GAF;1619000000;1;hTargetMin;ValueSeries;-5.37;;15-08
