;EAGID;EAGCode;BakjeID;Laagvolgorde;ClusterType;ReeksType;ParamType;Waarde;WaardeAlfa;StartDag;EAGReeksWaardeID;BakjeReeksWaardeID;LaagReeksWaardeID
0;19548;2280-EAG-1;-9999;-9999;Gemaal;Flux;FEWS;;Pompvolumes|60300_pomp1|Vol.berekend.dag|-999.0;;24934;-9999;-9999
1;19548;2280-EAG-1;-9999;-9999;Gemaal;Flux;FEWS;;Pompvolumes|60300_pomp2|Vol.berekend.dag|-999.0;;24935;-9999;-9999
2;19548;2280-EAG-1;-9999;-9999;Verdamping;Flux;FEWS;;ImportCAW|66002_VerdampingCAL|E.metingcal|-999.0;;24936;-9999;-9999
3;19548;2280-EAG-1;-9999;-9999;Neerslag;Flux;FEWS;;ImportCAW|66006cal|P.meting.dagcal|-999.0;;24937;-9999;-9999
