;EAGID;EAGCode;BakjeID;Laagvolgorde;ClusterType;ReeksType;ParamType;Waarde;WaardeAlfa;StartDag;EAGReeksWaardeID;BakjeReeksWaardeID;LaagReeksWaardeID
0;19759;4210-EAG-2;-9999;-9999;Verdamping;Flux;FEWS;;ImportCAW|66003_VerdampingCAl|E.metingcal|-999.0;;25021;-9999;-9999
1;19759;4210-EAG-2;-9999;-9999;Neerslag;Flux;FEWS;;ImportCAW|66015cal|P.meting.dagcal|-999.0;;25022;-9999;-9999
0;19759;4210-EAG-2;16496;-9999;ClVerhard;Cl;-9999;10;;;-9999;949;-9999
1;19759;4210-EAG-2;16496;-9999;ClRiolering;Cl;-9999;100;;;-9999;950;-9999
2;19759;4210-EAG-2;16496;-9999;ClDrain;Cl;-9999;70;;;-9999;951;-9999
3;19759;4210-EAG-2;16496;-9999;ClUitspoeling;Cl;-9999;40;;;-9999;952;-9999
4;19759;4210-EAG-2;16496;-9999;ClAfstroming;Cl;-9999;40;;;-9999;953;-9999
0;19759;4210-EAG-2;16494;2;Qkwel;Flux;Constant;0.0;;;-9999;-9999;9248
1;19759;4210-EAG-2;16495;1;Qkwel;Flux;Constant;-0.7;;;-9999;-9999;9249
2;19759;4210-EAG-2;16496;1;Qkwel;Flux;Constant;0.0;;;-9999;-9999;9250
3;19759;4210-EAG-2;16496;1;Qkwel;Cl;Constant;50.0;;;-9999;-9999;9251
4;19759;4210-EAG-2;16496;1;Qwegz;Flux;Constant;0.7;;;-9999;-9999;9252
