;EAGID;EAGCode;BakjeID;Laagvolgorde;ClusterType;ParamType;Waarde;WaardeAlfa;StartDag
0;1590;3020-GAF;1590000000;-9999;ClAfstroming;-9999;30.0;;
1;1590;3020-GAF;1590000000;-9999;ClDrain;-9999;0.0;;
2;1590;3020-GAF;1590000000;-9999;ClKwel;-9999;1500.0;;
3;1590;3020-GAF;1590000000;-9999;ClNeerslag;-9999;6.0;;
4;1590;3020-GAF;1590000000;-9999;ClRiolering;-9999;0.0;;
5;1590;3020-GAF;1590000000;-9999;ClUitspoeling;-9999;50.0;;
6;1590;3020-GAF;1590000000;-9999;ClVerhard;-9999;10.0;;
0;1590;3020-GAF;1590046120;1;Qkwel;Constant;0.1064777727;;
1;1590;3020-GAF;1590046121;1;Qkwel;Constant;0.1;;
2;1590;3020-GAF;1590046125;1;Qkwel;Constant;0.1064777727;;
3;1590;3020-GAF;1590046126;1;Qkwel;Constant;0.2;;
0;1590;3020-GAF;1590000000;1;Qkwel;Constant;0.1064777727;;
1;1590;3020-GAF;1590000000;1;Qwegz;Constant;0.0;;
0;1590;3020-GAF;1590000000;1;hTargetMax;ValueSeries;-1.22;;01-05
1;1590;3020-GAF;1590000000;1;hTargetMax;ValueSeries;-1.22;;01-10
2;1590;3020-GAF;1590000000;1;hTargetMax;ValueSeries;-1.22;;15-03
3;1590;3020-GAF;1590000000;1;hTargetMax;ValueSeries;-1.22;;15-08
4;1590;3020-GAF;1590000000;1;hTargetMin;ValueSeries;-1.28;;01-05
5;1590;3020-GAF;1590000000;1;hTargetMin;ValueSeries;-1.28;;01-10
6;1590;3020-GAF;1590000000;1;hTargetMin;ValueSeries;-1.28;;15-03
7;1590;3020-GAF;1590000000;1;hTargetMin;ValueSeries;-1.28;;15-08
