;EAGID;EAGCode;BakjeID;Laagvolgorde;ClusterType;ReeksType;ParamType;Waarde;WaardeAlfa;StartDag;EAGReeksWaardeID;BakjeReeksWaardeID;LaagReeksWaardeID
0;19690;3303-EAG-1;-9999;-9999;Verdamping;Flux;FEWS;;ImportCAW|66003_VerdampingCAl|E.metingcal|-999.0;;25665;-9999;-9999
1;19690;3303-EAG-1;-9999;-9999;Neerslag;Flux;FEWS;;ImportCAW|66011cal|P.meting.dagcal|-999.0;;25666;-9999;-9999
0;19690;3303-EAG-1;16429;-9999;ClVerhard;Cl;-9999;10;;;-9999;829;-9999
1;19690;3303-EAG-1;16429;-9999;ClRiolering;Cl;-9999;100;;;-9999;830;-9999
2;19690;3303-EAG-1;16429;-9999;ClDrain;Cl;-9999;50;;;-9999;831;-9999
3;19690;3303-EAG-1;16429;-9999;ClUitspoeling;Cl;-9999;50;;;-9999;832;-9999
4;19690;3303-EAG-1;16429;-9999;ClAfstroming;Cl;-9999;50;;;-9999;833;-9999
0;19690;3303-EAG-1;16427;2;Qkwel;Flux;Constant;-2.5;;;-9999;-9999;9068
1;19690;3303-EAG-1;16428;1;Qkwel;Flux;Constant;-2.5;;;-9999;-9999;9069
2;19690;3303-EAG-1;16429;1;Qkwel;Flux;Constant;0.0;;;-9999;-9999;9070
3;19690;3303-EAG-1;16429;1;Qkwel;Cl;Constant;10.0;;;-9999;-9999;9071
4;19690;3303-EAG-1;16429;1;Qwegz;Flux;Constant;2.5;;;-9999;-9999;9072
