;EAGID;EAGCode;BakjeID;Laagvolgorde;ClusterType;ParamType;Waarde;WaardeAlfa;StartDag
0;1625;8090-GAF;1625000000;-9999;ClAfstroming;-9999;10.0;;
1;1625;8090-GAF;1625000000;-9999;ClDrain;-9999;100.0;;
2;1625;8090-GAF;1625000000;-9999;ClKwel;-9999;50.0;;
3;1625;8090-GAF;1625000000;-9999;ClNeerslag;-9999;6.0;;
4;1625;8090-GAF;1625000000;-9999;ClRiolering;-9999;100.0;;
5;1625;8090-GAF;1625000000;-9999;ClUitspoeling;-9999;100.0;;
6;1625;8090-GAF;1625000000;-9999;ClVerhard;-9999;50.0;;
0;1625;8090-GAF;1625046885;1;Qkwel;Constant;0.2;;
1;1625;8090-GAF;1625046886;1;Qkwel;Constant;0.2;;
2;1625;8090-GAF;1625046887;1;Qkwel;ValueSeries;0.0;;01-10
3;1625;8090-GAF;1625046887;1;Qkwel;ValueSeries;0.2;;01-04
0;1625;8090-GAF;1625000000;1;Qkwel;Constant;0.2;;
1;1625;8090-GAF;1625000000;1;Qwegz;Constant;0.0;;
0;1625;8090-GAF;1625000000;1;hTargetMax;ValueSeries;-2.8;;01-05
1;1625;8090-GAF;1625000000;1;hTargetMax;ValueSeries;-2.8;;01-10
2;1625;8090-GAF;1625000000;1;hTargetMax;ValueSeries;-2.8;;15-03
3;1625;8090-GAF;1625000000;1;hTargetMax;ValueSeries;-2.8;;15-08
4;1625;8090-GAF;1625000000;1;hTargetMin;ValueSeries;-2.84;;01-05
5;1625;8090-GAF;1625000000;1;hTargetMin;ValueSeries;-2.84;;01-10
6;1625;8090-GAF;1625000000;1;hTargetMin;ValueSeries;-2.84;;15-03
7;1625;8090-GAF;1625000000;1;hTargetMin;ValueSeries;-2.84;;15-08
