;EAGID;EAGCode;BakjeID;Laagvolgorde;ClusterType;ParamType;Waarde;WaardeAlfa;StartDag
0;1261;2501-EAG-1;1261000000;-9999;ClAfstroming;-9999;35.0;;
1;1261;2501-EAG-1;1261000000;-9999;ClDrain;-9999;70.0;;
2;1261;2501-EAG-1;1261000000;-9999;ClKwel;-9999;400.0;;
3;1261;2501-EAG-1;1261000000;-9999;ClNeerslag;-9999;6.0;;
4;1261;2501-EAG-1;1261000000;-9999;ClRiolering;-9999;100.0;;
5;1261;2501-EAG-1;1261000000;-9999;ClUitspoeling;-9999;70.0;;
6;1261;2501-EAG-1;1261000000;-9999;ClVerhard;-9999;10.0;;
0;1261;2501-EAG-1;1261045915;1;Qkwel;Constant;0.0508394381;;
1;1261;2501-EAG-1;1261045916;1;Qkwel;Constant;0.0871853139;;
2;1261;2501-EAG-1;1261045920;1;Qkwel;Constant;0.0508394381;;
3;1261;2501-EAG-1;1261045921;1;Qkwel;ValueSeries;-0.1633770806;;01-10
4;1261;2501-EAG-1;1261045921;1;Qkwel;ValueSeries;-0.1225328104;;01-04
5;1261;2501-EAG-1;1261045925;1;Qkwel;Constant;0.0508394381;;
6;1261;2501-EAG-1;1261045926;1;Qkwel;ValueSeries;-0.7125271992;;01-10
7;1261;2501-EAG-1;1261045926;1;Qkwel;ValueSeries;-0.5343953994;;01-04
0;1261;2501-EAG-1;1261000000;1;Qkwel;Constant;0.0508394381;;
1;1261;2501-EAG-1;1261000000;1;Qwegz;Constant;0.1190455372;;
0;1261;2501-EAG-1;1261000000;1;hTargetMax;ValueSeries;-2.45;;01-05
1;1261;2501-EAG-1;1261000000;1;hTargetMax;ValueSeries;-2.45;;01-10
2;1261;2501-EAG-1;1261000000;1;hTargetMax;ValueSeries;-2.45;;15-03
3;1261;2501-EAG-1;1261000000;1;hTargetMax;ValueSeries;-2.45;;15-08
4;1261;2501-EAG-1;1261000000;1;hTargetMin;ValueSeries;-2.47;;01-05
5;1261;2501-EAG-1;1261000000;1;hTargetMin;ValueSeries;-2.47;;01-10
6;1261;2501-EAG-1;1261000000;1;hTargetMin;ValueSeries;-2.47;;15-03
7;1261;2501-EAG-1;1261000000;1;hTargetMin;ValueSeries;-2.47;;15-08
