;EAGID;EAGCode;BakjeID;Laagvolgorde;ClusterType;ReeksType;ParamType;Waarde;WaardeAlfa;StartDag;EAGReeksWaardeID;BakjeReeksWaardeID;LaagReeksWaardeID
0;19648;3110-EAG-3;-9999;-9999;Inlaat;Flux;ValueSeries;0.0;;01-04;24530;-9999;-9999
1;19648;3110-EAG-3;-9999;-9999;Inlaat;Flux;ValueSeries;0.0;;01-10;24531;-9999;-9999
2;19648;3110-EAG-3;-9999;-9999;Verdamping;Flux;FEWS;;ImportCAW|66003_VerdampingCAl|E.metingcal|-999.0;;25005;-9999;-9999
3;19648;3110-EAG-3;-9999;-9999;Neerslag;Flux;FEWS;;ImportCAW|66015cal|P.meting.dagcal|-999.0;;25006;-9999;-9999
4;19648;3110-EAG-3;-9999;-9999;Peil;Flux;FEWS;;Statistiek|70008_Polderpeil|H.meting.gem|-999.0;;25007;-9999;-9999
5;19648;3110-EAG-3;-9999;-9999;Peil;Flux;FEWS;;Statistiek|99999T022_Oost|H.meting.gem|-999.0;;25008;-9999;-9999
6;19648;3110-EAG-3;-9999;-9999;Peil;Flux;FEWS;;Statistiek|99999T024_Oost|H.meting.gem|-999.0;;25009;-9999;-9999
0;19648;3110-EAG-3;16391;-9999;ClVerhard;Cl;-9999;10.0;;;-9999;764;-9999
1;19648;3110-EAG-3;16391;-9999;ClRiolering;Cl;-9999;100.0;;;-9999;765;-9999
2;19648;3110-EAG-3;16391;-9999;ClDrain;Cl;-9999;70.0;;;-9999;766;-9999
3;19648;3110-EAG-3;16391;-9999;ClUitspoeling;Cl;-9999;500.0;;;-9999;767;-9999
4;19648;3110-EAG-3;16391;-9999;ClAfstroming;Cl;-9999;30.0;;;-9999;768;-9999
0;19648;3110-EAG-3;16387;2;Qkwel;Flux;Constant;0.6;;;-9999;-9999;9004
1;19648;3110-EAG-3;16388;1;Qkwel;Flux;Constant;0.6;;;-9999;-9999;9005
2;19648;3110-EAG-3;16389;2;Qkwel;Flux;Constant;0.6;;;-9999;-9999;9006
3;19648;3110-EAG-3;16390;1;Qkwel;Flux;Constant;0.3;;;-9999;-9999;9007
4;19648;3110-EAG-3;16391;1;Qkwel;Flux;Constant;0.6;;;-9999;-9999;9008
5;19648;3110-EAG-3;16391;1;Qkwel;Cl;Constant;3500.0;;;-9999;-9999;9009
6;19648;3110-EAG-3;16391;1;Qwegz;Flux;Constant;0.3;;;-9999;-9999;9010
