;EAGID;EAGCode;BakjeID;Laagvolgorde;ClusterType;ReeksType;ParamType;Waarde;WaardeAlfa;StartDag;EAGReeksWaardeID;BakjeReeksWaardeID;LaagReeksWaardeID
0;19558;2380-EAG-1;-9999;-9999;Gemaal;Flux;FEWS;;Pompvolumes|60201_pomp_1|Vol.berekend.dag|-999.0;;24890;-9999;-9999
1;19558;2380-EAG-1;-9999;-9999;Gemaal;Flux;FEWS;;Pompvolumes|60201_pomp_2|Vol.berekend.dag|-999.0;;24891;-9999;-9999
2;19558;2380-EAG-1;-9999;-9999;Verdamping;Flux;FEWS;;ImportCAW|66002_VerdampingCAL|E.metingcal|-999.0;;24892;-9999;-9999
3;19558;2380-EAG-1;-9999;-9999;Neerslag;Flux;FEWS;;ImportCAW|66011cal|P.meting.dagcal|-999.0;;24893;-9999;-9999
4;19558;2380-EAG-1;-9999;-9999;Peil;Flux;FEWS;;Statistiek|70603_Polderpeil|H.meting.gem|-999.0;;24894;-9999;-9999
