;EAGID;EAGCode;BakjeID;Laagvolgorde;ClusterType;ReeksType;ParamType;Waarde;WaardeAlfa;StartDag;EAGReeksWaardeID;BakjeReeksWaardeID;LaagReeksWaardeID
0;19587;2510-EAG-1;-9999;-9999;Gemaal;Flux;FEWS;;Pompvolumes|60013_pomp1|Vol.berekend.dag|-999.0;;24636;-9999;-9999
1;19587;2510-EAG-1;-9999;-9999;Gemaal;Flux;FEWS;;Pompvolumes|60035_pomp_1|Vol.berekend.dag|-999.0;;24637;-9999;-9999
2;19587;2510-EAG-1;-9999;-9999;Verdamping;Flux;FEWS;;ImportCAW|66002_VerdampingCAL|E.metingcal|-999.0;;24638;-9999;-9999
3;19587;2510-EAG-1;-9999;-9999;Neerslag;Flux;FEWS;;ImportCAW|66017cal|P.meting.dagcal|-999.0;;24639;-9999;-9999
4;19587;2510-EAG-1;-9999;-9999;Peil;Flux;FEWS;;Statistiek|70313_polderpeil|H.meting.gem|-999.0;;24640;-9999;-9999
5;19587;2510-EAG-1;-9999;-9999;Peil;Flux;FEWS;;Statistiek|99999T001_West|H.meting.gem|-999.0;;24641;-9999;-9999
6;19587;2510-EAG-1;-9999;-9999;Peil;Flux;FEWS;;Statistiek|99999T002_West|H.meting.gem|-999.0;;24642;-9999;-9999
