;EAGID;EAGCode;BakjeID;Laagvolgorde;ClusterType;ReeksType;ParamType;Waarde;WaardeAlfa;StartDag;EAGReeksWaardeID;BakjeReeksWaardeID;LaagReeksWaardeID
0;19860;8090-EAG-1;-9999;-9999;Gemaal;Flux;FEWS;;Pompvolumes|64078_pomp_1|Vol.berekend.dag|-999.0;;25512;-9999;-9999
1;19860;8090-EAG-1;-9999;-9999;Gemaal;Flux;FEWS;;Pompvolumes|64078_pomp_2|Vol.berekend.dag|-999.0;;25513;-9999;-9999
2;19860;8090-EAG-1;-9999;-9999;Verdamping;Flux;FEWS;;ImportCAW|66002_VerdampingCAL|E.metingcal|-999.0;;25514;-9999;-9999
3;19860;8090-EAG-1;-9999;-9999;Neerslag;Flux;FEWS;;ImportCAW|66010cal|P.meting.dagcal|-999.0;;25515;-9999;-9999
