;EAGID;EAGCode;BakjeID;Laagvolgorde;ClusterType;ReeksType;ParamType;Waarde;WaardeAlfa;StartDag;EAGReeksWaardeID;BakjeReeksWaardeID;LaagReeksWaardeID
0;19719;3360-EAG-16;-9999;-9999;Verdamping;Flux;FEWS;;ImportCAW|66003_VerdampingCAl|E.metingcal|-999.0;;25268;-9999;-9999
1;19719;3360-EAG-16;-9999;-9999;Neerslag;Flux;FEWS;;ImportCAW|66011cal|P.meting.dagcal|-999.0;;25269;-9999;-9999
2;19719;3360-EAG-16;-9999;-9999;Peil;Flux;FEWS;;Statistiek|70039_West|H.meting.gem|-999.0;;25270;-9999;-9999
0;19719;3360-EAG-16;16451;-9999;ClVerhard;Cl;-9999;10;;;-9999;869;-9999
1;19719;3360-EAG-16;16451;-9999;ClRiolering;Cl;-9999;100;;;-9999;870;-9999
2;19719;3360-EAG-16;16451;-9999;ClDrain;Cl;-9999;100;;;-9999;871;-9999
3;19719;3360-EAG-16;16451;-9999;ClUitspoeling;Cl;-9999;15;;;-9999;872;-9999
4;19719;3360-EAG-16;16451;-9999;ClAfstroming;Cl;-9999;15;;;-9999;873;-9999
0;19719;3360-EAG-16;16446;2;Qkwel;Flux;Constant;0.0;;;-9999;-9999;9125
1;19719;3360-EAG-16;16447;1;Qkwel;Flux;ValueSeries;-1.44;;01-04;-9999;-9999;9126
2;19719;3360-EAG-16;16447;1;Qkwel;Flux;ValueSeries;-1.7;;01-10;-9999;-9999;9127
3;19719;3360-EAG-16;16448;1;Qkwel;Flux;Constant;0.0;;;-9999;-9999;9128
4;19719;3360-EAG-16;16449;1;Qkwel;Flux;Constant;0.0;;;-9999;-9999;9129
5;19719;3360-EAG-16;16450;1;Qkwel;Flux;Constant;0.0;;;-9999;-9999;9130
6;19719;3360-EAG-16;16451;1;Qkwel;Cl;Constant;10.0;;;-9999;-9999;9131
7;19719;3360-EAG-16;16451;1;Qkwel;Flux;ValueSeries;0.0;;01-04;-9999;-9999;9132
8;19719;3360-EAG-16;16451;1;Qkwel;Flux;ValueSeries;0.0;;01-10;-9999;-9999;9134
9;19719;3360-EAG-16;16451;1;Qwegz;Flux;ValueSeries;1.44;;01-04;-9999;-9999;9133
10;19719;3360-EAG-16;16451;1;Qwegz;Flux;ValueSeries;1.7;;01-10;-9999;-9999;9135
