;EAGID;EAGCode;BakjeID;Laagvolgorde;ClusterType;ParamType;Waarde;WaardeAlfa;StartDag
0;1594;3210-GAF;1594000000;-9999;ClAfstroming;-9999;25.0;;
1;1594;3210-GAF;1594000000;-9999;ClDrain;-9999;70.0;;
2;1594;3210-GAF;1594000000;-9999;ClKwel;-9999;100.0;;
3;1594;3210-GAF;1594000000;-9999;ClNeerslag;-9999;6.0;;
4;1594;3210-GAF;1594000000;-9999;ClRiolering;-9999;100.0;;
5;1594;3210-GAF;1594000000;-9999;ClUitspoeling;-9999;50.0;;
6;1594;3210-GAF;1594000000;-9999;ClVerhard;-9999;10.0;;
0;1594;3210-GAF;1594046255;1;Qkwel;Constant;0.0;;
1;1594;3210-GAF;1594046256;1;Qkwel;Constant;-0.2;;
2;1594;3210-GAF;1594046261;1;Qkwel;Constant;-0.2;;
0;1594;3210-GAF;1594000000;1;Qkwel;Constant;0.0;;
1;1594;3210-GAF;1594000000;1;Qwegz;Constant;0.2;;
0;1594;3210-GAF;1594000000;1;hTargetMax;ValueSeries;-2.2;;01-10
1;1594;3210-GAF;1594000000;1;hTargetMax;ValueSeries;-2.2;;15-03
2;1594;3210-GAF;1594000000;1;hTargetMax;ValueSeries;-2.1;;01-05
3;1594;3210-GAF;1594000000;1;hTargetMax;ValueSeries;-2.1;;15-08
4;1594;3210-GAF;1594000000;1;hTargetMin;ValueSeries;-2.22;;01-10
5;1594;3210-GAF;1594000000;1;hTargetMin;ValueSeries;-2.22;;15-03
6;1594;3210-GAF;1594000000;1;hTargetMin;ValueSeries;-2.12;;01-05
7;1594;3210-GAF;1594000000;1;hTargetMin;ValueSeries;-2.12;;15-08
