;EAGID;EAGCode;BakjeID;Laagvolgorde;ClusterType;ReeksType;ParamType;Waarde;WaardeAlfa;StartDag;EAGReeksWaardeID;BakjeReeksWaardeID;LaagReeksWaardeID
0;19830;7050-EAG-1;-9999;-9999;Gemaal;Flux;FEWS;;Pompvolumes|64012_pomp_1|Vol.berekend.dag|-999.0;;25481;-9999;-9999
1;19830;7050-EAG-1;-9999;-9999;Gemaal;Flux;FEWS;;Pompvolumes|64012_pomp_2|Vol.berekend.dag|-999.0;;25482;-9999;-9999
2;19830;7050-EAG-1;-9999;-9999;Verdamping;Flux;FEWS;;ImportCAW|66002_VerdampingCAL|E.metingcal|-999.0;;25483;-9999;-9999
3;19830;7050-EAG-1;-9999;-9999;Neerslag;Flux;FEWS;;ImportCAW|66013cal|P.meting.dagcal|-999.0;;25484;-9999;-9999
