;EAGID;EAGCode;BakjeID;Laagvolgorde;ClusterType;ReeksType;ParamType;Waarde;WaardeAlfa;StartDag;EAGReeksWaardeID;BakjeReeksWaardeID;LaagReeksWaardeID
0;19533;2210-EAG-1;-9999;-9999;Gemaal;Flux;FEWS;;Pompvolumes|60320_Pomp_1_bedrijf|Vol.berekend.dag|-999.0;;24945;-9999;-9999
1;19533;2210-EAG-1;-9999;-9999;Gemaal;Flux;FEWS;;Pompvolumes|60320_Pomp_2_bedrijf|Vol.berekend.dag|-999.0;;24946;-9999;-9999
2;19533;2210-EAG-1;-9999;-9999;Gemaal;Flux;FEWS;;Pompvolumes|60320_Pomp_3_bedrijf|Vol.berekend.dag|-999.0;;24947;-9999;-9999
3;19533;2210-EAG-1;-9999;-9999;Peil;Flux;FEWS;;Statistiek|62851_polder|H.meting.gem|-999.0;;24948;-9999;-9999
4;19533;2210-EAG-1;-9999;-9999;Verdamping;Flux;FEWS;;ImportCAW|66002_VerdampingCAL|E.metingcal|-999.0;;24949;-9999;-9999
5;19533;2210-EAG-1;-9999;-9999;Neerslag;Flux;FEWS;;ImportCAW|66015cal|P.meting.dagcal|-999.0;;24950;-9999;-9999
6;19533;2210-EAG-1;-9999;-9999;Peil;Flux;FEWS;;Statistiek|70606_Polderpeil|H.meting.gem|-999.0;;24951;-9999;-9999
