;EAGID;EAGCode;BakjeID;Laagvolgorde;ClusterType;ParamType;Waarde;WaardeAlfa;StartDag;Eenheid
0;1611;6400-GAF;1611000000;-9999;ClAfstroming;-9999;25.0;;;mg/l
1;1611;6400-GAF;1611000000;-9999;ClDrain;-9999;80.0;;;mg/l
2;1611;6400-GAF;1611000000;-9999;ClKwel;-9999;350.0;;;mg/l
3;1611;6400-GAF;1611000000;-9999;ClNeerslag;-9999;6.0;;;mg/l
4;1611;6400-GAF;1611000000;-9999;ClRiolering;-9999;100.0;;;mg/l
5;1611;6400-GAF;1611000000;-9999;ClUitspoeling;-9999;200.0;;;mg/l
6;1611;6400-GAF;1611000000;-9999;ClVerhard;-9999;10.0;;;mg/l
0;1611;6400-GAF;1611059330;2;Qkwel;Constant;1.03;;;mm/dag
1;1611;6400-GAF;1611059331;1;Qkwel;Constant;1.03;;;mm/dag
2;1611;6400-GAF;1611059332;2;Qkwel;ValueSeries;0.0;;01-10;mm/dag
3;1611;6400-GAF;1611059332;2;Qkwel;ValueSeries;1.03;;01-04;mm/dag
4;1611;6400-GAF;1611059336;1;Qkwel;Constant;1.03;;;mm/dag
5;1611;6400-GAF;1611059337;2;Qkwel;ValueSeries;0.0;;01-10;mm/dag
6;1611;6400-GAF;1611059337;2;Qkwel;ValueSeries;1.03;;01-04;mm/dag
0;1611;6400-GAF;1611000000;1;Qkwel;Constant;1.029999967;;;mm/dag
1;1611;6400-GAF;1611000000;1;Qwegz;Constant;0.0;;;mm/dag
0;1611;6400-GAF;1611000000;1;hTargetMax;ValueSeries;-5.45;;01-05;mNAP
1;1611;6400-GAF;1611000000;1;hTargetMax;ValueSeries;-5.45;;01-10;mNAP
2;1611;6400-GAF;1611000000;1;hTargetMax;ValueSeries;-5.45;;15-03;mNAP
3;1611;6400-GAF;1611000000;1;hTargetMax;ValueSeries;-5.45;;15-08;mNAP
4;1611;6400-GAF;1611000000;1;hTargetMin;ValueSeries;-5.55;;01-05;mNAP
5;1611;6400-GAF;1611000000;1;hTargetMin;ValueSeries;-5.55;;01-10;mNAP
6;1611;6400-GAF;1611000000;1;hTargetMin;ValueSeries;-5.55;;15-03;mNAP
7;1611;6400-GAF;1611000000;1;hTargetMin;ValueSeries;-5.55;;15-08;mNAP
0;1611;6400-GAF;-9999;-9999;Uitlaat1;ValueSeries;0.0;;01-04;m3/dag
1;1611;6400-GAF;-9999;-9999;Inlaat1;ValueSeries;0.0;;01-10;m3/dag
2;1611;6400-GAF;-9999;-9999;Inlaat2;ValueSeries;0.0;;01-04;m3/dag
3;1611;6400-GAF;-9999;-9999;Inlaat2;ValueSeries;0.0;;01-10;m3/dag
4;1611;6400-GAF;-9999;-9999;Inlaat3;ValueSeries;0.0;;01-04;m3/dag
5;1611;6400-GAF;-9999;-9999;Inlaat3;ValueSeries;0.0;;01-10;m3/dag
6;1611;6400-GAF;-9999;-9999;Inlaat1;ValueSeries;5000.0;;01-04;m3/dag
7;1611;6400-GAF;-9999;-9999;Inlaat4;ValueSeries;0.0;;01-10;m3/dag
8;1611;6400-GAF;-9999;-9999;Uitlaat4;ValueSeries;0.0;;01-10;m3/dag
9;1611;6400-GAF;-9999;-9999;Uitlaat1;ValueSeries;0.0;;01-10;m3/dag
10;1611;6400-GAF;-9999;-9999;Uitlaat2;ValueSeries;0.0;;01-04;m3/dag
11;1611;6400-GAF;-9999;-9999;Uitlaat2;ValueSeries;0.0;;01-10;m3/dag
12;1611;6400-GAF;-9999;-9999;Uitlaat3;ValueSeries;0.0;;01-04;m3/dag
13;1611;6400-GAF;-9999;-9999;Uitlaat3;ValueSeries;0.0;;01-10;m3/dag
14;1611;6400-GAF;-9999;-9999;Uitlaat4;ValueSeries;0.0;;01-04;m3/dag
15;1611;6400-GAF;-9999;-9999;Inlaat4;ValueSeries;0.0;;01-04;m3/dag
