;EAGID;EAGCode;BakjeID;Laagvolgorde;ClusterType;ParamType;Waarde;WaardeAlfa;StartDag
0;1370;3301-EAG-1;1370000000;-9999;ClAfstroming;-9999;10.0;;
1;1370;3301-EAG-1;1370000000;-9999;ClDrain;-9999;70.0;;
2;1370;3301-EAG-1;1370000000;-9999;ClKwel;-9999;10.0;;
3;1370;3301-EAG-1;1370000000;-9999;ClNeerslag;-9999;6.0;;
4;1370;3301-EAG-1;1370000000;-9999;ClRiolering;-9999;100.0;;
5;1370;3301-EAG-1;1370000000;-9999;ClUitspoeling;-9999;10.0;;
6;1370;3301-EAG-1;1370000000;-9999;ClVerhard;-9999;10.0;;
0;1370;3301-EAG-1;1370046375;1;Qkwel;Constant;0.0;;
1;1370;3301-EAG-1;1370046376;1;Qkwel;Constant;-2.0;;
0;1370;3301-EAG-1;1370000000;1;Qkwel;Constant;0.0;;
1;1370;3301-EAG-1;1370000000;1;Qwegz;Constant;2.0;;
0;1370;3301-EAG-1;1370000000;1;hTargetMax;ValueSeries;-1.33;;01-10
1;1370;3301-EAG-1;1370000000;1;hTargetMax;ValueSeries;-1.33;;15-03
2;1370;3301-EAG-1;1370000000;1;hTargetMax;ValueSeries;-1.25;;01-05
3;1370;3301-EAG-1;1370000000;1;hTargetMax;ValueSeries;-1.25;;15-08
4;1370;3301-EAG-1;1370000000;1;hTargetMin;ValueSeries;-1.35;;01-10
5;1370;3301-EAG-1;1370000000;1;hTargetMin;ValueSeries;-1.35;;15-03
6;1370;3301-EAG-1;1370000000;1;hTargetMin;ValueSeries;-1.27;;01-05
7;1370;3301-EAG-1;1370000000;1;hTargetMin;ValueSeries;-1.27;;15-08
