;EAGID;EAGCode;BakjeID;Laagvolgorde;ClusterType;ReeksType;ParamType;Waarde;WaardeAlfa;StartDag;EAGReeksWaardeID;BakjeReeksWaardeID;LaagReeksWaardeID
0;19692;3310-EAG-2;-9999;-9999;Peil;Flux;FEWS;;Statistiek|2V205ZB01LT002|H.meting.gem|-999.0;;24552;-9999;-9999
1;19692;3310-EAG-2;-9999;-9999;Peil;Flux;FEWS;;Statistiek|2V305PE01LT001|H.meting.gem|-999.0;;24553;-9999;-9999
2;19692;3310-EAG-2;-9999;-9999;Verdamping;Flux;FEWS;;ImportCAW|66003_VerdampingCAl|E.metingcal|-999.0;;24554;-9999;-9999
3;19692;3310-EAG-2;-9999;-9999;Neerslag;Flux;FEWS;;ImportCAW|66011cal|P.meting.dagcal|-999.0;;24555;-9999;-9999
4;19692;3310-EAG-2;-9999;-9999;Peil;Flux;FEWS;;Statistiek|99999GWA19_Oost|H.meting.gem|-999.0;;24556;-9999;-9999
