;EAGID;EAGCode;BakjeID;Laagvolgorde;ClusterType;ParamType;Waarde;WaardeAlfa;StartDag;Eenheid
0;1261;2501-EAG-1;1261121730;2;Qkwel;Constant;0.0;;;mm/dag
1;1261;2501-EAG-1;1261121731;1;Qkwel;Constant;0.0871853139;;;mm/dag
2;1261;2501-EAG-1;1261121735;2;Qkwel;Constant;0.0;;;mm/dag
3;1261;2501-EAG-1;1261121736;1;Qkwel;ValueSeries;-0.1633770806;;01-10;mm/dag
4;1261;2501-EAG-1;1261121736;1;Qkwel;ValueSeries;-0.1225328104;;01-04;mm/dag
5;1261;2501-EAG-1;1261121740;2;Qkwel;Constant;0.0;;;mm/dag
6;1261;2501-EAG-1;1261121741;1;Qkwel;ValueSeries;-0.7125271992;;01-10;mm/dag
7;1261;2501-EAG-1;1261121741;1;Qkwel;ValueSeries;-0.5343953994;;01-04;mm/dag
0;1261;2501-EAG-1;1261000000;1;Qkwel;Constant;0.0508394381;;;mm/dag
1;1261;2501-EAG-1;1261000000;1;Qwegz;Constant;0.1190455372;;;mm/dag
0;1261;2501-EAG-1;1261000000;1;hTargetMax;ValueSeries;-2.45;;01-05;mNAP
1;1261;2501-EAG-1;1261000000;1;hTargetMax;ValueSeries;-2.45;;01-10;mNAP
2;1261;2501-EAG-1;1261000000;1;hTargetMax;ValueSeries;-2.45;;15-03;mNAP
3;1261;2501-EAG-1;1261000000;1;hTargetMax;ValueSeries;-2.45;;15-08;mNAP
4;1261;2501-EAG-1;1261000000;1;hTargetMin;ValueSeries;-2.47;;01-05;mNAP
5;1261;2501-EAG-1;1261000000;1;hTargetMin;ValueSeries;-2.47;;01-10;mNAP
6;1261;2501-EAG-1;1261000000;1;hTargetMin;ValueSeries;-2.47;;15-03;mNAP
7;1261;2501-EAG-1;1261000000;1;hTargetMin;ValueSeries;-2.47;;15-08;mNAP
0;1261;2501-EAG-1;-9999;-9999;Inlaat1;ValueSeries;0.0;;01-10;m3/dag
1;1261;2501-EAG-1;-9999;-9999;Inlaat1;ValueSeries;0.0;;01-04;m3/dag
2;1261;2501-EAG-1;-9999;-9999;Inlaat2;ValueSeries;0.0;;01-04;m3/dag
3;1261;2501-EAG-1;-9999;-9999;Inlaat2;ValueSeries;0.0;;01-10;m3/dag
4;1261;2501-EAG-1;-9999;-9999;Inlaat3;ValueSeries;0.0;;01-04;m3/dag
5;1261;2501-EAG-1;-9999;-9999;Inlaat3;ValueSeries;0.0;;01-10;m3/dag
6;1261;2501-EAG-1;-9999;-9999;Inlaat4;ValueSeries;3000.0;;01-10;m3/dag
7;1261;2501-EAG-1;-9999;-9999;Inlaat4;ValueSeries;6000.0;;01-04;m3/dag
8;1261;2501-EAG-1;-9999;-9999;Uitlaat1;ValueSeries;0.0;;01-10;m3/dag
9;1261;2501-EAG-1;-9999;-9999;Uitlaat1;ValueSeries;0.0;;01-04;m3/dag
10;1261;2501-EAG-1;-9999;-9999;Uitlaat2;ValueSeries;0.0;;01-04;m3/dag
11;1261;2501-EAG-1;-9999;-9999;Uitlaat2;ValueSeries;0.0;;01-10;m3/dag
12;1261;2501-EAG-1;-9999;-9999;Uitlaat3;ValueSeries;0.0;;01-04;m3/dag
13;1261;2501-EAG-1;-9999;-9999;Uitlaat3;ValueSeries;0.0;;01-10;m3/dag
14;1261;2501-EAG-1;-9999;-9999;Uitlaat4;ValueSeries;0.0;;01-10;m3/dag
15;1261;2501-EAG-1;-9999;-9999;Uitlaat4;ValueSeries;0.0;;01-04;m3/dag
0;1261;2501-EAG-1;-9999;-9999;Inlaat1;Local;;;;m3/dag
1;1261;2501-EAG-1;-9999;-9999;Inlaat2;Local;;;;m3/dag
2;1261;2501-EAG-1;-9999;-9999;Inlaat3;Local;;;;m3/dag
3;1261;2501-EAG-1;-9999;-9999;Inlaat4;Local;;;;m3/dag
4;1261;2501-EAG-1;-9999;-9999;Uitlaat1;Local;;;;m3/dag
5;1261;2501-EAG-1;-9999;-9999;Uitlaat2;Local;;;;m3/dag
6;1261;2501-EAG-1;-9999;-9999;Uitlaat3;Local;;;;m3/dag
7;1261;2501-EAG-1;-9999;-9999;Uitlaat4;Local;;;;m3/dag
0;1261;2501-EAG-1;-9999;-9999;Neerslag;FEWS;;meteo_meetstation_KNMI|ImportCAW|66011cal|P.meting.dagcal;;mm/dag
1;1261;2501-EAG-1;-9999;-9999;Peil;FEWS;;polder|Statistiek|99999T010_West|H.meting.gem;;mNAP
2;1261;2501-EAG-1;-9999;-9999;Verdamping;FEWS;;ImportCAW|66002_VerdampingCAL|E.metingcal;;mm/dag
0;1261;2501-EAG-1;-9999;-9999;Gemaal1Debiet Pomp 1;Local;;;;m3/dag
1;1261;2501-EAG-1;-9999;-9999;Gemaal1Debiet Pomp 2;Local;;;;m3/dag
2;1261;2501-EAG-1;-9999;-9999;Gemaal2Debiet Pomp 1;Local;;;;m3/dag
3;1261;2501-EAG-1;-9999;-9999;Gemaal2Debiet Pomp 2;Local;;;;m3/dag
4;1261;2501-EAG-1;-9999;-9999;Gemaal3Debiet Pomp 1;Local;;;;m3/dag
5;1261;2501-EAG-1;-9999;-9999;Gemaal3Debiet Pomp 2;Local;;;;m3/dag
6;1261;2501-EAG-1;-9999;-9999;Neerslag;Local;;;;mm/dag
7;1261;2501-EAG-1;-9999;-9999;Peil;Local;;;;mNAP
8;1261;2501-EAG-1;-9999;-9999;Verdamping;Local;;;;mm/dag
