;EAGID;EAGCode;BakjeID;Laagvolgorde;ClusterType;ParamType;Waarde;WaardeAlfa;StartDag
0;1528;8030-EAG-2;1528000000;-9999;ClAfstroming;-9999;25.0;;
1;1528;8030-EAG-2;1528000000;-9999;ClDrain;-9999;175.0;;
2;1528;8030-EAG-2;1528000000;-9999;ClKwel;-9999;300.0;;
3;1528;8030-EAG-2;1528000000;-9999;ClNeerslag;-9999;6.0;;
4;1528;8030-EAG-2;1528000000;-9999;ClRiolering;-9999;100.0;;
5;1528;8030-EAG-2;1528000000;-9999;ClUitspoeling;-9999;200.0;;
6;1528;8030-EAG-2;1528000000;-9999;ClVerhard;-9999;50.0;;
0;1528;8030-EAG-2;1528046805;1;Qkwel;Constant;1.0;;
1;1528;8030-EAG-2;1528046806;1;Qkwel;Constant;1.0;;
2;1528;8030-EAG-2;1528046807;1;Qkwel;ValueSeries;0.0;;01-10
3;1528;8030-EAG-2;1528046807;1;Qkwel;ValueSeries;1.0;;01-04
0;1528;8030-EAG-2;1528000000;1;Qkwel;Constant;1.0;;
1;1528;8030-EAG-2;1528000000;1;Qwegz;Constant;0.0;;
0;1528;8030-EAG-2;1528000000;1;hTargetMax;ValueSeries;-4.21;;01-05
1;1528;8030-EAG-2;1528000000;1;hTargetMax;ValueSeries;-4.21;;01-10
2;1528;8030-EAG-2;1528000000;1;hTargetMax;ValueSeries;-4.21;;15-03
3;1528;8030-EAG-2;1528000000;1;hTargetMax;ValueSeries;-4.21;;15-08
4;1528;8030-EAG-2;1528000000;1;hTargetMin;ValueSeries;-4.27;;01-05
5;1528;8030-EAG-2;1528000000;1;hTargetMin;ValueSeries;-4.27;;01-10
6;1528;8030-EAG-2;1528000000;1;hTargetMin;ValueSeries;-4.27;;15-03
7;1528;8030-EAG-2;1528000000;1;hTargetMin;ValueSeries;-4.27;;15-08
