;EAGID;EAGCode;BakjeID;Laagvolgorde;ClusterType;ReeksType;ParamType;Waarde;WaardeAlfa;StartDag;EAGReeksWaardeID;BakjeReeksWaardeID;LaagReeksWaardeID
0;19831;7060-EAG-1;-9999;-9999;Verdamping;Flux;FEWS;;ImportCAW|66002_VerdampingCAL|E.metingcal|-999.0;;25600;-9999;-9999
1;19831;7060-EAG-1;-9999;-9999;Neerslag;Flux;FEWS;;ImportCAW|66013cal|P.meting.dagcal|-999.0;;25601;-9999;-9999
0;19831;7060-EAG-1;16512;-9999;ClVerhard;Cl;-9999;10;;;-9999;974;-9999
1;19831;7060-EAG-1;16512;-9999;ClRiolering;Cl;-9999;100;;;-9999;975;-9999
2;19831;7060-EAG-1;16512;-9999;ClDrain;Cl;-9999;70;;;-9999;976;-9999
3;19831;7060-EAG-1;16512;-9999;ClUitspoeling;Cl;-9999;10;;;-9999;977;-9999
4;19831;7060-EAG-1;16512;-9999;ClAfstroming;Cl;-9999;10;;;-9999;978;-9999
0;19831;7060-EAG-1;16510;2;Qkwel;Flux;Constant;0.0;;;-9999;-9999;9273
1;19831;7060-EAG-1;16511;1;Qkwel;Flux;Constant;0.0;;;-9999;-9999;9274
2;19831;7060-EAG-1;16512;1;Qkwel;Flux;Constant;0.0;;;-9999;-9999;9275
3;19831;7060-EAG-1;16512;1;Qkwel;Cl;Constant;10.0;;;-9999;-9999;9276
4;19831;7060-EAG-1;16512;1;Qwegz;Flux;Constant;0.0;;;-9999;-9999;9277
