;EAGID;EAGCode;BakjeID;Laagvolgorde;ClusterType;ParamType;Waarde;WaardeAlfa;StartDag;Eenheid
0;1400;3360-EAG-13;1400000000;-9999;ClAfstroming;-9999;10.0;;;mg/l
1;1400;3360-EAG-13;1400000000;-9999;ClDrain;-9999;150.0;;;mg/l
2;1400;3360-EAG-13;1400000000;-9999;ClKwel;-9999;30.0;;;mg/l
3;1400;3360-EAG-13;1400000000;-9999;ClNeerslag;-9999;6.0;;;mg/l
4;1400;3360-EAG-13;1400000000;-9999;ClRiolering;-9999;100.0;;;mg/l
5;1400;3360-EAG-13;1400000000;-9999;ClUitspoeling;-9999;30.0;;;mg/l
6;1400;3360-EAG-13;1400000000;-9999;ClVerhard;-9999;10.0;;;mg/l
0;1400;3360-EAG-13;1400058691;1;Qkwel;ValueSeries;-3.7669970521;;01-10;mm/dag
1;1400;3360-EAG-13;1400058691;1;Qkwel;ValueSeries;-2.9372154065;;01-04;mm/dag
0;1400;3360-EAG-13;1400000000;1;Qkwel;Constant;0.0;;;mm/dag
1;1400;3360-EAG-13;1400000000;1;Qwegz;ValueSeries;2.9372154065;;01-04;mm/dag
2;1400;3360-EAG-13;1400000000;1;Qwegz;ValueSeries;3.7669970521;;01-10;mm/dag
0;1400;3360-EAG-13;1400000000;1;hTargetMax;ValueSeries;-1.26;;01-05;mNAP
1;1400;3360-EAG-13;1400000000;1;hTargetMax;ValueSeries;-1.26;;01-10;mNAP
2;1400;3360-EAG-13;1400000000;1;hTargetMax;ValueSeries;-1.26;;15-03;mNAP
3;1400;3360-EAG-13;1400000000;1;hTargetMax;ValueSeries;-1.26;;15-08;mNAP
4;1400;3360-EAG-13;1400000000;1;hTargetMin;ValueSeries;-1.3;;01-05;mNAP
5;1400;3360-EAG-13;1400000000;1;hTargetMin;ValueSeries;-1.3;;01-10;mNAP
6;1400;3360-EAG-13;1400000000;1;hTargetMin;ValueSeries;-1.3;;15-03;mNAP
7;1400;3360-EAG-13;1400000000;1;hTargetMin;ValueSeries;-1.3;;15-08;mNAP
0;1400;3360-EAG-13;-9999;-9999;Uitlaat1;ValueSeries;0.0;;01-04;m3/dag
1;1400;3360-EAG-13;-9999;-9999;Inlaat1;ValueSeries;0.0;;01-10;m3/dag
2;1400;3360-EAG-13;-9999;-9999;Inlaat2;ValueSeries;0.0;;01-04;m3/dag
3;1400;3360-EAG-13;-9999;-9999;Inlaat2;ValueSeries;0.0;;01-10;m3/dag
4;1400;3360-EAG-13;-9999;-9999;Inlaat3;ValueSeries;0.0;;01-04;m3/dag
5;1400;3360-EAG-13;-9999;-9999;Inlaat3;ValueSeries;0.0;;01-10;m3/dag
6;1400;3360-EAG-13;-9999;-9999;Inlaat1;ValueSeries;0.0;;01-04;m3/dag
7;1400;3360-EAG-13;-9999;-9999;Inlaat4;ValueSeries;0.0;;01-10;m3/dag
8;1400;3360-EAG-13;-9999;-9999;Uitlaat4;ValueSeries;0.0;;01-10;m3/dag
9;1400;3360-EAG-13;-9999;-9999;Uitlaat1;ValueSeries;0.0;;01-10;m3/dag
10;1400;3360-EAG-13;-9999;-9999;Uitlaat2;ValueSeries;0.0;;01-04;m3/dag
11;1400;3360-EAG-13;-9999;-9999;Uitlaat2;ValueSeries;0.0;;01-10;m3/dag
12;1400;3360-EAG-13;-9999;-9999;Uitlaat3;ValueSeries;0.0;;01-04;m3/dag
13;1400;3360-EAG-13;-9999;-9999;Uitlaat3;ValueSeries;0.0;;01-10;m3/dag
14;1400;3360-EAG-13;-9999;-9999;Uitlaat4;ValueSeries;0.0;;01-04;m3/dag
15;1400;3360-EAG-13;-9999;-9999;Inlaat4;ValueSeries;0.0;;01-04;m3/dag
