;EAGID;EAGCode;BakjeID;Laagvolgorde;ClusterType;ReeksType;ParamType;Waarde;WaardeAlfa;StartDag;EAGReeksWaardeID;BakjeReeksWaardeID;LaagReeksWaardeID
0;19737;4000-EAG-2;-9999;-9999;Verdamping;Flux;FEWS;;ImportCAW|66003_VerdampingCAl|E.metingcal|-999.0;;25160;-9999;-9999
1;19737;4000-EAG-2;-9999;-9999;Neerslag;Flux;FEWS;;ImportCAW|66009cal|P.meting.dagcal|-999.0;;25161;-9999;-9999
0;19737;4000-EAG-2;16487;-9999;ClVerhard;Cl;-9999;10;;;-9999;934;-9999
1;19737;4000-EAG-2;16487;-9999;ClRiolering;Cl;-9999;100;;;-9999;935;-9999
2;19737;4000-EAG-2;16487;-9999;ClDrain;Cl;-9999;150;;;-9999;936;-9999
3;19737;4000-EAG-2;16487;-9999;ClUitspoeling;Cl;-9999;50;;;-9999;937;-9999
4;19737;4000-EAG-2;16487;-9999;ClAfstroming;Cl;-9999;10;;;-9999;938;-9999
0;19737;4000-EAG-2;16485;1;Qkwel;Flux;Constant;0.5;;;-9999;-9999;9233
1;19737;4000-EAG-2;16486;1;Qkwel;Flux;Constant;-2.0;;;-9999;-9999;9234
2;19737;4000-EAG-2;16487;1;Qkwel;Flux;Constant;0.0;;;-9999;-9999;9235
3;19737;4000-EAG-2;16487;1;Qkwel;Cl;Constant;50.0;;;-9999;-9999;9236
4;19737;4000-EAG-2;16487;1;Qwegz;Flux;Constant;1.0;;;-9999;-9999;9237
