EAGID;EAGCode;BakjeID;Laagvolgorde;ClusterType;ParamType;Waarde;WaardeAlfa;StartDag;Eenheid
85;2250-EAG-2;85000282;2;Qkwel;Constant;1.6000000000;;;mm/dag
85;2250-EAG-2;85000283;1;Qkwel;Constant;1.6000000000;;;mm/dag
85;2250-EAG-2;85000284;2;Qkwel;Constant;1.6000000000;;;mm/dag
85;2250-EAG-2;85000288;1;Qkwel;Constant;1.6000000000;;;mm/dag
85;2250-EAG-2;85000289;2;Qkwel;Constant;1.6000000000;;;mm/dag
85;2250-EAG-2;85000000;1;Qkwel;Constant;1.5999999746;;;mm/dag
85;2250-EAG-2;85000000;1;Qwegz;Constant;0.0000000000;;;mm/dag
85;2250-EAG-2;85000000;1;hTargetMax;ValueSeries;0.0000000000;;01-05;mNAP
85;2250-EAG-2;85000000;1;hTargetMax;ValueSeries;0.0000000000;;01-10;mNAP
85;2250-EAG-2;85000000;1;hTargetMax;ValueSeries;0.0000000000;;15-03;mNAP
85;2250-EAG-2;85000000;1;hTargetMax;ValueSeries;0.0000000000;;15-08;mNAP
85;2250-EAG-2;85000000;1;hTargetMin;ValueSeries;0.0000000000;;01-05;mNAP
85;2250-EAG-2;85000000;1;hTargetMin;ValueSeries;0.0000000000;;01-10;mNAP
85;2250-EAG-2;85000000;1;hTargetMin;ValueSeries;0.0000000000;;15-03;mNAP
85;2250-EAG-2;85000000;1;hTargetMin;ValueSeries;0.0000000000;;15-08;mNAP
85;2250-EAG-2;-9999;-9999;Inlaat1;ValueSeries;0.0000000000;;01-04;m3/dag
85;2250-EAG-2;-9999;-9999;Inlaat1;ValueSeries;0.0000000000;;01-10;m3/dag
85;2250-EAG-2;-9999;-9999;Inlaat2;ValueSeries;0.0000000000;;01-04;m3/dag
85;2250-EAG-2;-9999;-9999;Inlaat2;ValueSeries;0.0000000000;;01-10;m3/dag
85;2250-EAG-2;-9999;-9999;Inlaat3;ValueSeries;0.0000000000;;01-04;m3/dag
85;2250-EAG-2;-9999;-9999;Inlaat3;ValueSeries;0.0000000000;;01-10;m3/dag
85;2250-EAG-2;-9999;-9999;Inlaat4;ValueSeries;0.0000000000;;01-04;m3/dag
85;2250-EAG-2;-9999;-9999;Inlaat4;ValueSeries;0.0000000000;;01-10;m3/dag
85;2250-EAG-2;-9999;-9999;Uitlaat1;ValueSeries;0.0000000000;;01-04;m3/dag
85;2250-EAG-2;-9999;-9999;Uitlaat1;ValueSeries;0.0000000000;;01-10;m3/dag
85;2250-EAG-2;-9999;-9999;Uitlaat2;ValueSeries;0.0000000000;;01-04;m3/dag
85;2250-EAG-2;-9999;-9999;Uitlaat2;ValueSeries;0.0000000000;;01-10;m3/dag
85;2250-EAG-2;-9999;-9999;Uitlaat3;ValueSeries;0.0000000000;;01-04;m3/dag
85;2250-EAG-2;-9999;-9999;Uitlaat3;ValueSeries;0.0000000000;;01-10;m3/dag
85;2250-EAG-2;-9999;-9999;Uitlaat4;ValueSeries;0.0000000000;;01-04;m3/dag
85;2250-EAG-2;-9999;-9999;Uitlaat4;ValueSeries;0.0000000000;;01-10;m3/dag
85;2250-EAG-2;-9999;-9999;Inlaat1;Local;;;;m3/dag
85;2250-EAG-2;-9999;-9999;Inlaat2;Local;;;;m3/dag
85;2250-EAG-2;-9999;-9999;Inlaat3;Local;;;;m3/dag
85;2250-EAG-2;-9999;-9999;Inlaat4;Local;;;;m3/dag
85;2250-EAG-2;-9999;-9999;Uitlaat1;Local;;;;m3/dag
85;2250-EAG-2;-9999;-9999;Uitlaat2;Local;;;;m3/dag
85;2250-EAG-2;-9999;-9999;Uitlaat3;Local;;;;m3/dag
85;2250-EAG-2;-9999;-9999;Uitlaat4;Local;;;;m3/dag
85;2250-EAG-2;-9999;-9999;Gemaal1Debiet Pomp 1;FEWS;;polder|Pompvolumes|60151_pomp_1|Vol.berekend.dag;;m3/dag
85;2250-EAG-2;-9999;-9999;Neerslag;FEWS;;meteo_meetstation_KNMI|ImportCAW|66005cal|P.meting.dagcal;;mm/dag
85;2250-EAG-2;-9999;-9999;Peil;FEWS;;polder|Statistiek|60151_onderbemaling|H.meting.gem;;mNAP
85;2250-EAG-2;-9999;-9999;Verdamping;FEWS;;meteo_meetstation_KNMI|ImportCAW|66002_VerdampingCAL|E.metingcal;;mm/dag
85;2250-EAG-2;-9999;-9999;Gemaal1Debiet Pomp 1;Local;;;;m3/dag
85;2250-EAG-2;-9999;-9999;Gemaal1Debiet Pomp 2;Local;;;;m3/dag
85;2250-EAG-2;-9999;-9999;Gemaal2Debiet Pomp 1;Local;;;;m3/dag
85;2250-EAG-2;-9999;-9999;Gemaal2Debiet Pomp 2;Local;;;;m3/dag
85;2250-EAG-2;-9999;-9999;Gemaal3Debiet Pomp 1;Local;;;;m3/dag
85;2250-EAG-2;-9999;-9999;Gemaal3Debiet Pomp 2;Local;;;;m3/dag
85;2250-EAG-2;-9999;-9999;Neerslag;Local;;;;mm/dag
85;2250-EAG-2;-9999;-9999;Peil;Local;;;;mNAP
85;2250-EAG-2;-9999;-9999;Verdamping;Local;;;;mm/dag
