;EAGID;EAGCode;BakjeID;Laagvolgorde;ClusterType;ReeksType;ParamType;Waarde;WaardeAlfa;StartDag;EAGReeksWaardeID;BakjeReeksWaardeID;LaagReeksWaardeID
0;19653;3201-EAG-1;-9999;-9999;Peil;Flux;FEWS;;Statistiek|62085_polder_1_meting_1|H.meting.gem|-999.0;;25341;-9999;-9999
1;19653;3201-EAG-1;-9999;-9999;Verdamping;Flux;FEWS;;ImportCAW|66003_VerdampingCAl|E.metingcal|-999.0;;25342;-9999;-9999
2;19653;3201-EAG-1;-9999;-9999;Neerslag;Flux;FEWS;;ImportCAW|66015cal|P.meting.dagcal|-999.0;;25343;-9999;-9999
0;19653;3201-EAG-1;16396;-9999;ClVerhard;Cl;-9999;10;;;-9999;774;-9999
1;19653;3201-EAG-1;16396;-9999;ClRiolering;Cl;-9999;100;;;-9999;775;-9999
2;19653;3201-EAG-1;16396;-9999;ClDrain;Cl;-9999;30;;;-9999;776;-9999
3;19653;3201-EAG-1;16396;-9999;ClUitspoeling;Cl;-9999;10;;;-9999;777;-9999
4;19653;3201-EAG-1;16396;-9999;ClAfstroming;Cl;-9999;10;;;-9999;778;-9999
0;19653;3201-EAG-1;16395;1;Qkwel;Flux;Constant;-1.2;;;-9999;-9999;9016
1;19653;3201-EAG-1;16396;1;Qkwel;Flux;Constant;0.0;;;-9999;-9999;9017
2;19653;3201-EAG-1;16396;1;Qkwel;Cl;Constant;20.0;;;-9999;-9999;9018
3;19653;3201-EAG-1;16396;1;Qwegz;Flux;Constant;1.2;;;-9999;-9999;9019
