;EAGID;EAGCode;BakjeID;Laagvolgorde;ClusterType;ReeksType;ParamType;Waarde;WaardeAlfa;StartDag;EAGReeksWaardeID;BakjeReeksWaardeID;LaagReeksWaardeID
0;19490;1060-EAG-1;-9999;-9999;Gemaal;Flux;FEWS;;Pompvolumes|64179_pomp_1|Vol.berekend.dag|-999.0;;25535;-9999;-9999
1;19490;1060-EAG-1;-9999;-9999;Gemaal;Flux;FEWS;;Pompvolumes|64179_pomp_2|Vol.berekend.dag|-999.0;;25536;-9999;-9999
2;19490;1060-EAG-1;-9999;-9999;Verdamping;Flux;FEWS;;ImportCAW|66002_VerdampingCAL|E.metingcal|-999.0;;25537;-9999;-9999
3;19490;1060-EAG-1;-9999;-9999;Neerslag;Flux;FEWS;;ImportCAW|66006cal|P.meting.dagcal|-999.0;;25538;-9999;-9999
