;EAGID;EAGCode;BakjeID;Laagvolgorde;ClusterType;ParamType;Waarde;WaardeAlfa;StartDag;Eenheid
0;1419;3370-EAG-5;1419000000;-9999;ClAfstroming;-9999;10.0;;;mg/l
1;1419;3370-EAG-5;1419000000;-9999;ClDrain;-9999;150.0;;;mg/l
2;1419;3370-EAG-5;1419000000;-9999;ClKwel;-9999;30.0;;;mg/l
3;1419;3370-EAG-5;1419000000;-9999;ClNeerslag;-9999;6.0;;;mg/l
4;1419;3370-EAG-5;1419000000;-9999;ClRiolering;-9999;100.0;;;mg/l
5;1419;3370-EAG-5;1419000000;-9999;ClUitspoeling;-9999;30.0;;;mg/l
6;1419;3370-EAG-5;1419000000;-9999;ClVerhard;-9999;10.0;;;mg/l
0;1419;3370-EAG-5;1419058991;1;Qkwel;ValueSeries;0.18;;01-04;mm/dag
1;1419;3370-EAG-5;1419058991;1;Qkwel;ValueSeries;3.81;;01-10;mm/dag
0;1419;3370-EAG-5;1419000000;1;Qkwel;ValueSeries;0.18;;01-04;mm/dag
1;1419;3370-EAG-5;1419000000;1;Qkwel;ValueSeries;3.81;;01-10;mm/dag
2;1419;3370-EAG-5;1419000000;1;Qwegz;Constant;0.0;;;mm/dag
0;1419;3370-EAG-5;1419000000;1;hTargetMax;ValueSeries;-0.4;;01-10;mNAP
1;1419;3370-EAG-5;1419000000;1;hTargetMax;ValueSeries;-0.4;;15-03;mNAP
2;1419;3370-EAG-5;1419000000;1;hTargetMax;ValueSeries;0.0;;01-05;mNAP
3;1419;3370-EAG-5;1419000000;1;hTargetMax;ValueSeries;0.0;;15-08;mNAP
4;1419;3370-EAG-5;1419000000;1;hTargetMin;ValueSeries;-1.0;;01-05;mNAP
5;1419;3370-EAG-5;1419000000;1;hTargetMin;ValueSeries;-1.0;;01-10;mNAP
6;1419;3370-EAG-5;1419000000;1;hTargetMin;ValueSeries;-1.0;;15-03;mNAP
7;1419;3370-EAG-5;1419000000;1;hTargetMin;ValueSeries;-1.0;;15-08;mNAP
0;1419;3370-EAG-5;-9999;-9999;Uitlaat1;ValueSeries;0.0;;01-04;m3/dag
1;1419;3370-EAG-5;-9999;-9999;Inlaat1;ValueSeries;0.0;;01-10;m3/dag
2;1419;3370-EAG-5;-9999;-9999;Inlaat2;ValueSeries;0.0;;01-04;m3/dag
3;1419;3370-EAG-5;-9999;-9999;Inlaat2;ValueSeries;0.0;;01-10;m3/dag
4;1419;3370-EAG-5;-9999;-9999;Inlaat3;ValueSeries;0.0;;01-04;m3/dag
5;1419;3370-EAG-5;-9999;-9999;Inlaat3;ValueSeries;0.0;;01-10;m3/dag
6;1419;3370-EAG-5;-9999;-9999;Inlaat1;ValueSeries;0.0;;01-04;m3/dag
7;1419;3370-EAG-5;-9999;-9999;Inlaat4;ValueSeries;0.0;;01-10;m3/dag
8;1419;3370-EAG-5;-9999;-9999;Uitlaat4;ValueSeries;0.0;;01-10;m3/dag
9;1419;3370-EAG-5;-9999;-9999;Uitlaat1;ValueSeries;0.0;;01-10;m3/dag
10;1419;3370-EAG-5;-9999;-9999;Uitlaat2;ValueSeries;0.0;;01-04;m3/dag
11;1419;3370-EAG-5;-9999;-9999;Uitlaat2;ValueSeries;0.0;;01-10;m3/dag
12;1419;3370-EAG-5;-9999;-9999;Uitlaat3;ValueSeries;0.0;;01-04;m3/dag
13;1419;3370-EAG-5;-9999;-9999;Uitlaat3;ValueSeries;0.0;;01-10;m3/dag
14;1419;3370-EAG-5;-9999;-9999;Uitlaat4;ValueSeries;0.0;;01-04;m3/dag
15;1419;3370-EAG-5;-9999;-9999;Inlaat4;ValueSeries;0.0;;01-04;m3/dag
