;EAGID;EAGCode;BakjeID;Laagvolgorde;ClusterType;ReeksType;ParamType;Waarde;WaardeAlfa;StartDag;EAGReeksWaardeID;BakjeReeksWaardeID;LaagReeksWaardeID
0;19671;3240-EAG-1;-9999;-9999;Gemaal;Flux;FEWS;;Pompvolumes|62050_pomp_1|Vol.berekend.dag|-999.0;;25225;-9999;-9999
1;19671;3240-EAG-1;-9999;-9999;Gemaal;Flux;FEWS;;Pompvolumes|62050_pomp_2|Vol.berekend.dag|-999.0;;25226;-9999;-9999
2;19671;3240-EAG-1;-9999;-9999;Verdamping;Flux;FEWS;;ImportCAW|66003_VerdampingCAl|E.metingcal|-999.0;;25227;-9999;-9999
3;19671;3240-EAG-1;-9999;-9999;Neerslag;Flux;FEWS;;ImportCAW|66011cal|P.meting.dagcal|-999.0;;25228;-9999;-9999
4;19671;3240-EAG-1;-9999;-9999;Peil;Flux;FEWS;;Statistiek|99999T011_Oost|H.meting.gem|-999.0;;25229;-9999;-9999
