;EAGID;EAGCode;BakjeID;Laagvolgorde;ClusterType;ReeksType;ParamType;Waarde;WaardeAlfa;StartDag;EAGReeksWaardeID;BakjeReeksWaardeID;LaagReeksWaardeID
0;19673;3260-EAG-1;-9999;-9999;Gemaal;Flux;FEWS;;Pompvolumes|62007_pomp_1|Vol.berekend.dag|-999.0;;25070;-9999;-9999
1;19673;3260-EAG-1;-9999;-9999;Verdamping;Flux;FEWS;;ImportCAW|66003_VerdampingCAl|E.metingcal|-999.0;;25071;-9999;-9999
2;19673;3260-EAG-1;-9999;-9999;Neerslag;Flux;FEWS;;ImportCAW|66005cal|P.meting.dagcal|-999.0;;25072;-9999;-9999
0;19673;3260-EAG-1;16420;-9999;ClVerhard;Cl;-9999;10;;;-9999;814;-9999
1;19673;3260-EAG-1;16420;-9999;ClRiolering;Cl;-9999;100;;;-9999;815;-9999
2;19673;3260-EAG-1;16420;-9999;ClDrain;Cl;-9999;50;;;-9999;816;-9999
3;19673;3260-EAG-1;16420;-9999;ClUitspoeling;Cl;-9999;150;;;-9999;817;-9999
4;19673;3260-EAG-1;16420;-9999;ClAfstroming;Cl;-9999;30;;;-9999;818;-9999
0;19673;3260-EAG-1;16418;2;Qkwel;Flux;Constant;0.5;;;-9999;-9999;9053
1;19673;3260-EAG-1;16419;1;Qkwel;Flux;Constant;0.5;;;-9999;-9999;9054
2;19673;3260-EAG-1;16420;1;Qkwel;Flux;Constant;0.5;;;-9999;-9999;9055
3;19673;3260-EAG-1;16420;1;Qkwel;Cl;Constant;110.0;;;-9999;-9999;9056
4;19673;3260-EAG-1;16420;1;Qwegz;Flux;Constant;0.0;;;-9999;-9999;9057
