;EAGID;EAGCode;BakjeID;Laagvolgorde;ClusterType;ParamType;Waarde;WaardeAlfa;StartDag;Eenheid
0;1207;2140-EAG-3;1207000000;-9999;ClAfstroming;-9999;20.0;;;mg/l
1;1207;2140-EAG-3;1207000000;-9999;ClDrain;-9999;30.0;;;mg/l
2;1207;2140-EAG-3;1207000000;-9999;ClKwel;-9999;100.0;;;mg/l
3;1207;2140-EAG-3;1207000000;-9999;ClNeerslag;-9999;6.0;;;mg/l
4;1207;2140-EAG-3;1207000000;-9999;ClRiolering;-9999;100.0;;;mg/l
5;1207;2140-EAG-3;1207000000;-9999;ClUitspoeling;-9999;20.0;;;mg/l
6;1207;2140-EAG-3;1207000000;-9999;ClVerhard;-9999;20.0;;;mg/l
0;1207;2140-EAG-3;1207057250;2;Qkwel;Constant;-0.83;;;mm/dag
1;1207;2140-EAG-3;1207057251;1;Qkwel;Constant;-0.83;;;mm/dag
0;1207;2140-EAG-3;1207000000;1;Qkwel;Constant;0.0;;;mm/dag
1;1207;2140-EAG-3;1207000000;1;Qwegz;Constant;0.83;;;mm/dag
0;1207;2140-EAG-3;1207000000;1;hTargetMax;ValueSeries;-1.7;;01-05;mNAP
1;1207;2140-EAG-3;1207000000;1;hTargetMax;ValueSeries;-1.7;;01-10;mNAP
2;1207;2140-EAG-3;1207000000;1;hTargetMax;ValueSeries;-1.7;;15-03;mNAP
3;1207;2140-EAG-3;1207000000;1;hTargetMax;ValueSeries;-1.7;;15-08;mNAP
4;1207;2140-EAG-3;1207000000;1;hTargetMin;ValueSeries;-1.75;;01-05;mNAP
5;1207;2140-EAG-3;1207000000;1;hTargetMin;ValueSeries;-1.75;;01-10;mNAP
6;1207;2140-EAG-3;1207000000;1;hTargetMin;ValueSeries;-1.75;;15-03;mNAP
7;1207;2140-EAG-3;1207000000;1;hTargetMin;ValueSeries;-1.75;;15-08;mNAP
0;1207;2140-EAG-3;-9999;-9999;Uitlaat1;ValueSeries;500.0;;01-04;m3/dag
1;1207;2140-EAG-3;-9999;-9999;Inlaat1;ValueSeries;0.0;;01-10;m3/dag
2;1207;2140-EAG-3;-9999;-9999;Inlaat2;ValueSeries;0.0;;01-04;m3/dag
3;1207;2140-EAG-3;-9999;-9999;Inlaat2;ValueSeries;0.0;;01-10;m3/dag
4;1207;2140-EAG-3;-9999;-9999;Inlaat3;ValueSeries;0.0;;01-04;m3/dag
5;1207;2140-EAG-3;-9999;-9999;Inlaat3;ValueSeries;0.0;;01-10;m3/dag
6;1207;2140-EAG-3;-9999;-9999;Inlaat1;ValueSeries;0.0;;01-04;m3/dag
7;1207;2140-EAG-3;-9999;-9999;Inlaat4;ValueSeries;0.0;;01-10;m3/dag
8;1207;2140-EAG-3;-9999;-9999;Uitlaat4;ValueSeries;0.0;;01-10;m3/dag
9;1207;2140-EAG-3;-9999;-9999;Uitlaat1;ValueSeries;500.0;;01-10;m3/dag
10;1207;2140-EAG-3;-9999;-9999;Uitlaat2;ValueSeries;0.0;;01-04;m3/dag
11;1207;2140-EAG-3;-9999;-9999;Uitlaat2;ValueSeries;0.0;;01-10;m3/dag
12;1207;2140-EAG-3;-9999;-9999;Uitlaat3;ValueSeries;0.0;;01-04;m3/dag
13;1207;2140-EAG-3;-9999;-9999;Uitlaat3;ValueSeries;0.0;;01-10;m3/dag
14;1207;2140-EAG-3;-9999;-9999;Uitlaat4;ValueSeries;0.0;;01-04;m3/dag
15;1207;2140-EAG-3;-9999;-9999;Inlaat4;ValueSeries;0.0;;01-04;m3/dag
