;EAGID;EAGCode;BakjeID;Laagvolgorde;ClusterType;ReeksType;ParamType;Waarde;WaardeAlfa;StartDag;EAGReeksWaardeID;BakjeReeksWaardeID;LaagReeksWaardeID
0;19728;3360-EAG-7;-9999;-9999;Verdamping;Flux;FEWS;;ImportCAW|66003_VerdampingCAl|E.metingcal|-999.0;;25282;-9999;-9999
1;19728;3360-EAG-7;-9999;-9999;Neerslag;Flux;FEWS;;ImportCAW|66011cal|P.meting.dagcal|-999.0;;25283;-9999;-9999
0;19728;3360-EAG-7;16474;-9999;ClVerhard;Cl;-9999;10;;;-9999;909;-9999
1;19728;3360-EAG-7;16474;-9999;ClRiolering;Cl;-9999;100;;;-9999;910;-9999
2;19728;3360-EAG-7;16474;-9999;ClDrain;Cl;-9999;150;;;-9999;911;-9999
3;19728;3360-EAG-7;16474;-9999;ClUitspoeling;Cl;-9999;20;;;-9999;912;-9999
4;19728;3360-EAG-7;16474;-9999;ClAfstroming;Cl;-9999;10;;;-9999;913;-9999
0;19728;3360-EAG-7;16473;1;Qkwel;Flux;ValueSeries;-2.0403714283;;01-04;-9999;-9999;9194
1;19728;3360-EAG-7;16473;1;Qkwel;Flux;ValueSeries;-2.3711487568;;01-10;-9999;-9999;9195
2;19728;3360-EAG-7;16474;1;Qkwel;Cl;Constant;30.0;;;-9999;-9999;9196
3;19728;3360-EAG-7;16474;1;Qkwel;Flux;ValueSeries;0.0;;01-04;-9999;-9999;9197
4;19728;3360-EAG-7;16474;1;Qkwel;Flux;ValueSeries;0.0;;01-10;-9999;-9999;9199
5;19728;3360-EAG-7;16474;1;Qwegz;Flux;ValueSeries;2.0403714283;;01-04;-9999;-9999;9198
6;19728;3360-EAG-7;16474;1;Qwegz;Flux;ValueSeries;2.3711487568;;01-10;-9999;-9999;9200
