EAGID;EAGCode;BakjeID;Laagvolgorde;ClusterType;ParamType;Waarde;WaardeAlfa;StartDag;Eenheid
245;3201-EAG-3;245001192;2;Qkwel;Constant;-0.5200000000;;;mm/dag
245;3201-EAG-3;245001193;1;Qkwel;Constant;-0.7900000000;;;mm/dag
245;3201-EAG-3;245000000;1;Qkwel;Constant;0.8600000000;;;mm/dag
245;3201-EAG-3;245000000;1;Qwegz;Constant;0.8300000000;;;mm/dag
245;3201-EAG-3;245000000;1;hTargetMax;ValueSeries;-1.3600000000;;01-05;mNAP
245;3201-EAG-3;245000000;1;hTargetMax;ValueSeries;-1.3600000000;;01-10;mNAP
245;3201-EAG-3;245000000;1;hTargetMax;ValueSeries;-1.3600000000;;15-03;mNAP
245;3201-EAG-3;245000000;1;hTargetMax;ValueSeries;-1.3600000000;;15-08;mNAP
245;3201-EAG-3;245000000;1;hTargetMin;ValueSeries;-1.3800000000;;01-05;mNAP
245;3201-EAG-3;245000000;1;hTargetMin;ValueSeries;-1.3800000000;;01-10;mNAP
245;3201-EAG-3;245000000;1;hTargetMin;ValueSeries;-1.3800000000;;15-03;mNAP
245;3201-EAG-3;245000000;1;hTargetMin;ValueSeries;-1.3800000000;;15-08;mNAP
245;3201-EAG-3;-9999;-9999;Inlaat1;ValueSeries;1500.0000000000;;01-04;m3/dag
245;3201-EAG-3;-9999;-9999;Inlaat1;ValueSeries;1500.0000000000;;01-10;m3/dag
245;3201-EAG-3;-9999;-9999;Inlaat2;ValueSeries;0.0000000000;;01-04;m3/dag
245;3201-EAG-3;-9999;-9999;Inlaat2;ValueSeries;0.0000000000;;01-10;m3/dag
245;3201-EAG-3;-9999;-9999;Inlaat3;ValueSeries;0.0000000000;;01-04;m3/dag
245;3201-EAG-3;-9999;-9999;Inlaat3;ValueSeries;0.0000000000;;01-10;m3/dag
245;3201-EAG-3;-9999;-9999;Inlaat4;ValueSeries;0.0000000000;;01-04;m3/dag
245;3201-EAG-3;-9999;-9999;Inlaat4;ValueSeries;0.0000000000;;01-10;m3/dag
245;3201-EAG-3;-9999;-9999;Uitlaat1;ValueSeries;0.0000000000;;01-04;m3/dag
245;3201-EAG-3;-9999;-9999;Uitlaat1;ValueSeries;0.0000000000;;01-10;m3/dag
245;3201-EAG-3;-9999;-9999;Uitlaat2;ValueSeries;0.0000000000;;01-04;m3/dag
245;3201-EAG-3;-9999;-9999;Uitlaat2;ValueSeries;0.0000000000;;01-10;m3/dag
245;3201-EAG-3;-9999;-9999;Uitlaat3;ValueSeries;0.0000000000;;01-04;m3/dag
245;3201-EAG-3;-9999;-9999;Uitlaat3;ValueSeries;0.0000000000;;01-10;m3/dag
245;3201-EAG-3;-9999;-9999;Uitlaat4;ValueSeries;0.0000000000;;01-04;m3/dag
245;3201-EAG-3;-9999;-9999;Uitlaat4;ValueSeries;0.0000000000;;01-10;m3/dag
245;3201-EAG-3;-9999;-9999;Inlaat1;Local;;;;m3/dag
245;3201-EAG-3;-9999;-9999;Inlaat2;Local;;;;m3/dag
245;3201-EAG-3;-9999;-9999;Inlaat3;Local;;;;m3/dag
245;3201-EAG-3;-9999;-9999;Inlaat4;Local;;;;m3/dag
245;3201-EAG-3;-9999;-9999;Uitlaat1;Local;;;;m3/dag
245;3201-EAG-3;-9999;-9999;Uitlaat2;Local;;;;m3/dag
245;3201-EAG-3;-9999;-9999;Uitlaat3;Local;;;;m3/dag
245;3201-EAG-3;-9999;-9999;Uitlaat4;Local;;;;m3/dag
245;3201-EAG-3;-9999;-9999;Neerslag;FEWS;;meteo_meetstation_KNMI|ImportCAW|66009cal|P.meting.dagcal;;mm/dag
245;3201-EAG-3;-9999;-9999;Peil;FEWS;;polder|Statistiek|62024_Stichts_End|H.meting.gem;;mNAP
245;3201-EAG-3;-9999;-9999;Verdamping;FEWS;;meteo_meetstation_KNMI|ImportCAW|66002_VerdampingCAL|E.metingcal;;mm/dag
245;3201-EAG-3;-9999;-9999;Gemaal1Debiet Pomp 1;Local;;;;m3/dag
245;3201-EAG-3;-9999;-9999;Gemaal1Debiet Pomp 2;Local;;;;m3/dag
245;3201-EAG-3;-9999;-9999;Gemaal2Debiet Pomp 1;Local;;;;m3/dag
245;3201-EAG-3;-9999;-9999;Gemaal2Debiet Pomp 2;Local;;;;m3/dag
245;3201-EAG-3;-9999;-9999;Gemaal3Debiet Pomp 1;Local;;;;m3/dag
245;3201-EAG-3;-9999;-9999;Gemaal3Debiet Pomp 2;Local;;;;m3/dag
245;3201-EAG-3;-9999;-9999;Neerslag;Local;;;;mm/dag
245;3201-EAG-3;-9999;-9999;Peil;Local;;;;mNAP
245;3201-EAG-3;-9999;-9999;Verdamping;Local;;;;mm/dag
