;EAGID;EAGCode;BakjeID;Laagvolgorde;ClusterType;ParamType;Waarde;WaardeAlfa;StartDag
0;1399;3360-EAG-12;1399000000;-9999;ClAfstroming;-9999;10.0;;
1;1399;3360-EAG-12;1399000000;-9999;ClDrain;-9999;150.0;;
2;1399;3360-EAG-12;1399000000;-9999;ClKwel;-9999;30.0;;
3;1399;3360-EAG-12;1399000000;-9999;ClNeerslag;-9999;6.0;;
4;1399;3360-EAG-12;1399000000;-9999;ClRiolering;-9999;100.0;;
5;1399;3360-EAG-12;1399000000;-9999;ClUitspoeling;-9999;30.0;;
6;1399;3360-EAG-12;1399000000;-9999;ClVerhard;-9999;10.0;;
0;1399;3360-EAG-12;1399046441;1;Qkwel;ValueSeries;-1.179291864;;01-10
1;1399;3360-EAG-12;1399046441;1;Qkwel;ValueSeries;-0.4641531112;;01-04
0;1399;3360-EAG-12;1399000000;1;Qkwel;Constant;0.0;;
1;1399;3360-EAG-12;1399000000;1;Qwegz;ValueSeries;0.4641531112;;01-04
2;1399;3360-EAG-12;1399000000;1;Qwegz;ValueSeries;1.179291864;;01-10
0;1399;3360-EAG-12;1399000000;1;hTargetMax;ValueSeries;-1.08;;01-10
1;1399;3360-EAG-12;1399000000;1;hTargetMax;ValueSeries;-1.08;;15-03
2;1399;3360-EAG-12;1399000000;1;hTargetMax;ValueSeries;-0.98;;01-05
3;1399;3360-EAG-12;1399000000;1;hTargetMax;ValueSeries;-0.98;;15-08
4;1399;3360-EAG-12;1399000000;1;hTargetMin;ValueSeries;-1.12;;01-10
5;1399;3360-EAG-12;1399000000;1;hTargetMin;ValueSeries;-1.12;;15-03
6;1399;3360-EAG-12;1399000000;1;hTargetMin;ValueSeries;-1.02;;01-05
7;1399;3360-EAG-12;1399000000;1;hTargetMin;ValueSeries;-1.02;;15-08
