;EAGID;EAGCode;BakjeID;Laagvolgorde;ClusterType;ParamType;Waarde;WaardeAlfa;StartDag;Eenheid
0;1224;2250-EAG-2;1224121470;2;Qkwel;Constant;1.6;;;mm/dag
1;1224;2250-EAG-2;1224121471;1;Qkwel;Constant;1.6;;;mm/dag
2;1224;2250-EAG-2;1224121472;2;Qkwel;Constant;1.6;;;mm/dag
3;1224;2250-EAG-2;1224121476;1;Qkwel;Constant;1.6;;;mm/dag
4;1224;2250-EAG-2;1224121477;2;Qkwel;Constant;1.6;;;mm/dag
0;1224;2250-EAG-2;1224000000;1;Qkwel;Constant;1.5999999746;;;mm/dag
1;1224;2250-EAG-2;1224000000;1;Qwegz;Constant;0.0;;;mm/dag
0;1224;2250-EAG-2;1224000000;1;hTargetMax;ValueSeries;0.0;;01-05;mNAP
1;1224;2250-EAG-2;1224000000;1;hTargetMax;ValueSeries;0.0;;01-10;mNAP
2;1224;2250-EAG-2;1224000000;1;hTargetMax;ValueSeries;0.0;;15-03;mNAP
3;1224;2250-EAG-2;1224000000;1;hTargetMax;ValueSeries;0.0;;15-08;mNAP
4;1224;2250-EAG-2;1224000000;1;hTargetMin;ValueSeries;0.0;;01-05;mNAP
5;1224;2250-EAG-2;1224000000;1;hTargetMin;ValueSeries;0.0;;01-10;mNAP
6;1224;2250-EAG-2;1224000000;1;hTargetMin;ValueSeries;0.0;;15-03;mNAP
7;1224;2250-EAG-2;1224000000;1;hTargetMin;ValueSeries;0.0;;15-08;mNAP
0;1224;2250-EAG-2;-9999;-9999;Inlaat1;ValueSeries;0.0;;01-10;m3/dag
1;1224;2250-EAG-2;-9999;-9999;Inlaat1;ValueSeries;0.0;;01-04;m3/dag
2;1224;2250-EAG-2;-9999;-9999;Inlaat2;ValueSeries;0.0;;01-04;m3/dag
3;1224;2250-EAG-2;-9999;-9999;Inlaat2;ValueSeries;0.0;;01-10;m3/dag
4;1224;2250-EAG-2;-9999;-9999;Inlaat3;ValueSeries;0.0;;01-04;m3/dag
5;1224;2250-EAG-2;-9999;-9999;Inlaat3;ValueSeries;0.0;;01-10;m3/dag
6;1224;2250-EAG-2;-9999;-9999;Inlaat4;ValueSeries;0.0;;01-10;m3/dag
7;1224;2250-EAG-2;-9999;-9999;Inlaat4;ValueSeries;0.0;;01-04;m3/dag
8;1224;2250-EAG-2;-9999;-9999;Uitlaat1;ValueSeries;0.0;;01-10;m3/dag
9;1224;2250-EAG-2;-9999;-9999;Uitlaat1;ValueSeries;0.0;;01-04;m3/dag
10;1224;2250-EAG-2;-9999;-9999;Uitlaat2;ValueSeries;0.0;;01-04;m3/dag
11;1224;2250-EAG-2;-9999;-9999;Uitlaat2;ValueSeries;0.0;;01-10;m3/dag
12;1224;2250-EAG-2;-9999;-9999;Uitlaat3;ValueSeries;0.0;;01-04;m3/dag
13;1224;2250-EAG-2;-9999;-9999;Uitlaat3;ValueSeries;0.0;;01-10;m3/dag
14;1224;2250-EAG-2;-9999;-9999;Uitlaat4;ValueSeries;0.0;;01-10;m3/dag
15;1224;2250-EAG-2;-9999;-9999;Uitlaat4;ValueSeries;0.0;;01-04;m3/dag
0;1224;2250-EAG-2;-9999;-9999;Inlaat1;Local;;;;m3/dag
1;1224;2250-EAG-2;-9999;-9999;Inlaat2;Local;;;;m3/dag
2;1224;2250-EAG-2;-9999;-9999;Inlaat3;Local;;;;m3/dag
3;1224;2250-EAG-2;-9999;-9999;Inlaat4;Local;;;;m3/dag
4;1224;2250-EAG-2;-9999;-9999;Uitlaat1;Local;;;;m3/dag
5;1224;2250-EAG-2;-9999;-9999;Uitlaat2;Local;;;;m3/dag
6;1224;2250-EAG-2;-9999;-9999;Uitlaat3;Local;;;;m3/dag
7;1224;2250-EAG-2;-9999;-9999;Uitlaat4;Local;;;;m3/dag
0;1224;2250-EAG-2;-9999;-9999;Gemaal1Debiet Pomp 1;FEWS;;polder|Pompvolumes|60151_pomp_1|Vol.berekend.dag;;m3/dag
1;1224;2250-EAG-2;-9999;-9999;Neerslag;FEWS;;meteo_meetstation_KNMI|ImportCAW|66005cal|P.meting.dagcal;;mm/dag
2;1224;2250-EAG-2;-9999;-9999;Peil;FEWS;;polder|Statistiek|60151_onderbemaling|H.meting.gem;;mNAP
3;1224;2250-EAG-2;-9999;-9999;Verdamping;FEWS;;ImportCAW|66002_VerdampingCAL|E.metingcal;;mm/dag
0;1224;2250-EAG-2;-9999;-9999;Gemaal1Debiet Pomp 1;Local;;;;m3/dag
1;1224;2250-EAG-2;-9999;-9999;Gemaal1Debiet Pomp 2;Local;;;;m3/dag
2;1224;2250-EAG-2;-9999;-9999;Gemaal2Debiet Pomp 1;Local;;;;m3/dag
3;1224;2250-EAG-2;-9999;-9999;Gemaal2Debiet Pomp 2;Local;;;;m3/dag
4;1224;2250-EAG-2;-9999;-9999;Gemaal3Debiet Pomp 1;Local;;;;m3/dag
5;1224;2250-EAG-2;-9999;-9999;Gemaal3Debiet Pomp 2;Local;;;;m3/dag
6;1224;2250-EAG-2;-9999;-9999;Neerslag;Local;;;;mm/dag
7;1224;2250-EAG-2;-9999;-9999;Peil;Local;;;;mNAP
8;1224;2250-EAG-2;-9999;-9999;Verdamping;Local;;;;mm/dag
