EAGID;EAGCode;BakjeID;Laagvolgorde;ClusterType;ParamType;Waarde;WaardeAlfa;StartDag;Eenheid
376;4210-EAG-4;376002342;2;Qkwel;Constant;0.0000000000;;;mm/dag
376;4210-EAG-4;376002343;1;Qkwel;Constant;1.3800000000;;;mm/dag
376;4210-EAG-4;376000000;1;Qkwel;Constant;1.3799974351;;;mm/dag
376;4210-EAG-4;376000000;1;Qwegz;Constant;0.0000000000;;;mm/dag
376;4210-EAG-4;376000000;1;hTargetMax;ValueSeries;-1.3800000000;;01-05;mNAP
376;4210-EAG-4;376000000;1;hTargetMax;ValueSeries;-1.3800000000;;01-10;mNAP
376;4210-EAG-4;376000000;1;hTargetMax;ValueSeries;-1.3800000000;;15-03;mNAP
376;4210-EAG-4;376000000;1;hTargetMax;ValueSeries;-1.3800000000;;15-08;mNAP
376;4210-EAG-4;376000000;1;hTargetMin;ValueSeries;-1.4600000000;;01-05;mNAP
376;4210-EAG-4;376000000;1;hTargetMin;ValueSeries;-1.4600000000;;15-08;mNAP
376;4210-EAG-4;376000000;1;hTargetMin;ValueSeries;-1.4300000000;;01-10;mNAP
376;4210-EAG-4;376000000;1;hTargetMin;ValueSeries;-1.4300000000;;15-03;mNAP
376;4210-EAG-4;-9999;-9999;Inlaat2;ValueSeries;40.0000000000;;01-04;m3/dag
376;4210-EAG-4;-9999;-9999;Inlaat2;ValueSeries;40.0000000000;;01-10;m3/dag
376;4210-EAG-4;-9999;-9999;Inlaat3;ValueSeries;0.0000000000;;01-04;m3/dag
376;4210-EAG-4;-9999;-9999;Inlaat3;ValueSeries;0.0000000000;;01-10;m3/dag
376;4210-EAG-4;-9999;-9999;Inlaat4;ValueSeries;0.0000000000;;01-04;m3/dag
376;4210-EAG-4;-9999;-9999;Inlaat4;ValueSeries;0.0000000000;;01-10;m3/dag
376;4210-EAG-4;-9999;-9999;Uitlaat1;ValueSeries;0.0000000000;;01-04;m3/dag
376;4210-EAG-4;-9999;-9999;Uitlaat1;ValueSeries;0.0000000000;;01-10;m3/dag
376;4210-EAG-4;-9999;-9999;Uitlaat2;ValueSeries;0.0000000000;;01-04;m3/dag
376;4210-EAG-4;-9999;-9999;Uitlaat2;ValueSeries;0.0000000000;;01-10;m3/dag
376;4210-EAG-4;-9999;-9999;Uitlaat3;ValueSeries;0.0000000000;;01-04;m3/dag
376;4210-EAG-4;-9999;-9999;Uitlaat3;ValueSeries;0.0000000000;;01-10;m3/dag
376;4210-EAG-4;-9999;-9999;Uitlaat4;ValueSeries;0.0000000000;;01-04;m3/dag
376;4210-EAG-4;-9999;-9999;Uitlaat4;ValueSeries;0.0000000000;;01-10;m3/dag
376;4210-EAG-4;-9999;-9999;Inlaat2;Local;;;;m3/dag
376;4210-EAG-4;-9999;-9999;Inlaat3;Local;;;;m3/dag
376;4210-EAG-4;-9999;-9999;Inlaat4;Local;;;;m3/dag
376;4210-EAG-4;-9999;-9999;Uitlaat1;Local;;;;m3/dag
376;4210-EAG-4;-9999;-9999;Uitlaat2;Local;;;;m3/dag
376;4210-EAG-4;-9999;-9999;Uitlaat3;Local;;;;m3/dag
376;4210-EAG-4;-9999;-9999;Uitlaat4;Local;;;;m3/dag
376;4210-EAG-4;-9999;-9999;Neerslag;FEWS;;meteo_meetstation_KNMI|ImportCAW|66015cal|P.meting.dagcal;;mm/dag
376;4210-EAG-4;-9999;-9999;Verdamping;FEWS;;meteo_meetstation_KNMI|ImportCAW|66002_VerdampingCAL|E.metingcal;;mm/dag
376;4210-EAG-4;-9999;-9999;Gemaal1Debiet Pomp 1;Local;;;;m3/dag
376;4210-EAG-4;-9999;-9999;Gemaal1Debiet Pomp 2;Local;;;;m3/dag
376;4210-EAG-4;-9999;-9999;Gemaal2Debiet Pomp 1;Local;;;;m3/dag
376;4210-EAG-4;-9999;-9999;Gemaal2Debiet Pomp 2;Local;;;;m3/dag
376;4210-EAG-4;-9999;-9999;Gemaal3Debiet Pomp 1;Local;;;;m3/dag
376;4210-EAG-4;-9999;-9999;Gemaal3Debiet Pomp 2;Local;;;;m3/dag
376;4210-EAG-4;-9999;-9999;Neerslag;Local;;;;mm/dag
376;4210-EAG-4;-9999;-9999;Peil;Local;;;;mNAP
376;4210-EAG-4;-9999;-9999;Verdamping;Local;;;;mm/dag
