;EAGID;EAGCode;BakjeID;Laagvolgorde;ClusterType;ReeksType;ParamType;Waarde;WaardeAlfa;StartDag;EAGReeksWaardeID;BakjeReeksWaardeID;LaagReeksWaardeID
0;19801;6460-EAG-1;-9999;-9999;Gemaal;Flux;FEWS;;Pompvolumes|62038_Bedrijf_pomp_1|Vol.berekend.dag|-999.0;;25182;-9999;-9999
1;19801;6460-EAG-1;-9999;-9999;Gemaal;Flux;FEWS;;Pompvolumes|62038_Bedrijf_pomp_2|Vol.berekend.dag|-999.0;;25183;-9999;-9999
2;19801;6460-EAG-1;-9999;-9999;Verdamping;Flux;FEWS;;ImportCAW|66003_VerdampingCAl|E.metingcal|-999.0;;25184;-9999;-9999
3;19801;6460-EAG-1;-9999;-9999;Neerslag;Flux;FEWS;;ImportCAW|66011cal|P.meting.dagcal|-999.0;;25185;-9999;-9999
