;EAGID;EAGCode;BakjeID;Laagvolgorde;ClusterType;ReeksType;ParamType;Waarde;WaardeAlfa;StartDag;EAGReeksWaardeID;BakjeReeksWaardeID;LaagReeksWaardeID
0;19636;3070-EAG-1;-9999;-9999;Gemaal;Flux;FEWS;;Pompvolumes|62013_pomp_1|Vol.berekend.dag|-999.0;;25079;-9999;-9999
1;19636;3070-EAG-1;-9999;-9999;Gemaal;Flux;FEWS;;Pompvolumes|62013_pomp_2|Vol.berekend.dag|-999.0;;25080;-9999;-9999
2;19636;3070-EAG-1;-9999;-9999;Verdamping;Flux;FEWS;;ImportCAW|66003_VerdampingCAl|E.metingcal|-999.0;;25081;-9999;-9999
3;19636;3070-EAG-1;-9999;-9999;Neerslag;Flux;FEWS;;ImportCAW|66011cal|P.meting.dagcal|-999.0;;25082;-9999;-9999
