;EAGID;EAGCode;BakjeID;Laagvolgorde;ClusterType;ParamType;Waarde;WaardeAlfa;StartDag
0;1591;3070-GAF;1591000000;-9999;ClAfstroming;-9999;25.0;;
1;1591;3070-GAF;1591000000;-9999;ClDrain;-9999;70.0;;
2;1591;3070-GAF;1591000000;-9999;ClKwel;-9999;150.0;;
3;1591;3070-GAF;1591000000;-9999;ClNeerslag;-9999;6.0;;
4;1591;3070-GAF;1591000000;-9999;ClRiolering;-9999;100.0;;
5;1591;3070-GAF;1591000000;-9999;ClUitspoeling;-9999;50.0;;
6;1591;3070-GAF;1591000000;-9999;ClVerhard;-9999;25.0;;
0;1591;3070-GAF;1591046140;1;Qkwel;Constant;0.2;;
1;1591;3070-GAF;1591046141;1;Qkwel;Constant;0.2;;
2;1591;3070-GAF;1591046145;1;Qkwel;Constant;0.2;;
3;1591;3070-GAF;1591046146;1;Qkwel;Constant;-0.2;;
4;1591;3070-GAF;1591046150;1;Qkwel;Constant;0.2;;
5;1591;3070-GAF;1591046151;1;Qkwel;Constant;0.0;;
6;1591;3070-GAF;1591046155;1;Qkwel;Constant;0.2;;
7;1591;3070-GAF;1591046156;1;Qkwel;Constant;0.0;;
0;1591;3070-GAF;1591000000;1;Qkwel;Constant;0.2;;
1;1591;3070-GAF;1591000000;1;Qwegz;Constant;0.0;;
0;1591;3070-GAF;1591000000;1;hTargetMax;ValueSeries;-1.92;;01-10
1;1591;3070-GAF;1591000000;1;hTargetMax;ValueSeries;-1.92;;15-03
2;1591;3070-GAF;1591000000;1;hTargetMax;ValueSeries;-1.72;;01-05
3;1591;3070-GAF;1591000000;1;hTargetMax;ValueSeries;-1.72;;15-08
4;1591;3070-GAF;1591000000;1;hTargetMin;ValueSeries;-1.96;;01-10
5;1591;3070-GAF;1591000000;1;hTargetMin;ValueSeries;-1.96;;15-03
6;1591;3070-GAF;1591000000;1;hTargetMin;ValueSeries;-1.76;;01-05
7;1591;3070-GAF;1591000000;1;hTargetMin;ValueSeries;-1.76;;15-08
