;EAGID;EAGCode;BakjeID;Laagvolgorde;ClusterType;ParamType;Waarde;WaardeAlfa;StartDag
0;1271;2510-EAG-2;1271000000;-9999;ClAfstroming;-9999;10.0;;
1;1271;2510-EAG-2;1271000000;-9999;ClDrain;-9999;50.0;;
2;1271;2510-EAG-2;1271000000;-9999;ClKwel;-9999;110.0;;
3;1271;2510-EAG-2;1271000000;-9999;ClNeerslag;-9999;6.0;;
4;1271;2510-EAG-2;1271000000;-9999;ClRiolering;-9999;100.0;;
5;1271;2510-EAG-2;1271000000;-9999;ClUitspoeling;-9999;15.0;;
6;1271;2510-EAG-2;1271000000;-9999;ClVerhard;-9999;10.0;;
0;1271;2510-EAG-2;1271045996;1;Qkwel;Constant;-1.0;;
0;1271;2510-EAG-2;1271000000;1;Qkwel;Constant;0.0;;
1;1271;2510-EAG-2;1271000000;1;Qwegz;Constant;1.0;;
0;1271;2510-EAG-2;1271000000;1;hTargetMax;ValueSeries;-1.78;;01-05
1;1271;2510-EAG-2;1271000000;1;hTargetMax;ValueSeries;-1.78;;01-10
2;1271;2510-EAG-2;1271000000;1;hTargetMax;ValueSeries;-1.78;;15-03
3;1271;2510-EAG-2;1271000000;1;hTargetMax;ValueSeries;-1.78;;15-08
4;1271;2510-EAG-2;1271000000;1;hTargetMin;ValueSeries;-1.82;;01-05
5;1271;2510-EAG-2;1271000000;1;hTargetMin;ValueSeries;-1.82;;01-10
6;1271;2510-EAG-2;1271000000;1;hTargetMin;ValueSeries;-1.82;;15-03
7;1271;2510-EAG-2;1271000000;1;hTargetMin;ValueSeries;-1.82;;15-08
