;EAGID;EAGCode;BakjeID;Laagvolgorde;ClusterType;ParamType;Waarde;WaardeAlfa;StartDag
0;1582;2540-GAF;1582000000;-9999;ClAfstroming;-9999;25.0;;
1;1582;2540-GAF;1582000000;-9999;ClDrain;-9999;70.0;;
2;1582;2540-GAF;1582000000;-9999;ClKwel;-9999;1500.0;;
3;1582;2540-GAF;1582000000;-9999;ClNeerslag;-9999;6.0;;
4;1582;2540-GAF;1582000000;-9999;ClRiolering;-9999;100.0;;
5;1582;2540-GAF;1582000000;-9999;ClUitspoeling;-9999;50.0;;
6;1582;2540-GAF;1582000000;-9999;ClVerhard;-9999;10.0;;
0;1582;2540-GAF;1582046040;1;Qkwel;Constant;70.0;;
1;1582;2540-GAF;1582046041;1;Qkwel;Constant;1.0;;
2;1582;2540-GAF;1582046042;1;Qkwel;ValueSeries;0.0;;01-10
3;1582;2540-GAF;1582046042;1;Qkwel;ValueSeries;1.0;;01-04
0;1582;2540-GAF;1582000000;1;Qkwel;Constant;70.0;;
1;1582;2540-GAF;1582000000;1;Qwegz;Constant;0.0;;
0;1582;2540-GAF;1582000000;1;hTargetMax;ValueSeries;-6.7;;01-05
1;1582;2540-GAF;1582000000;1;hTargetMax;ValueSeries;-6.7;;01-10
2;1582;2540-GAF;1582000000;1;hTargetMax;ValueSeries;-6.7;;15-03
3;1582;2540-GAF;1582000000;1;hTargetMax;ValueSeries;-6.7;;15-08
4;1582;2540-GAF;1582000000;1;hTargetMin;ValueSeries;-6.72;;01-05
5;1582;2540-GAF;1582000000;1;hTargetMin;ValueSeries;-6.72;;01-10
6;1582;2540-GAF;1582000000;1;hTargetMin;ValueSeries;-6.72;;15-03
7;1582;2540-GAF;1582000000;1;hTargetMin;ValueSeries;-6.72;;15-08
