EAGID;EAGCode;BakjeID;Laagvolgorde;ClusterType;ParamType;Waarde;WaardeAlfa;StartDag;Eenheid
137;2501-EAG-2;137000587;2;Qkwel;Constant;0.0000000000;;;mm/dag
137;2501-EAG-2;137000588;1;Qkwel;ValueSeries;-0.1633770806;;01-10;mm/dag
137;2501-EAG-2;137000588;1;Qkwel;ValueSeries;-0.1225328104;;01-04;mm/dag
137;2501-EAG-2;137000592;2;Qkwel;Constant;0.0000000000;;;mm/dag
137;2501-EAG-2;137000593;1;Qkwel;ValueSeries;-0.7125271992;;01-10;mm/dag
137;2501-EAG-2;137000593;1;Qkwel;ValueSeries;-0.5343953994;;01-04;mm/dag
137;2501-EAG-2;137000000;1;Qkwel;Constant;0.0000000000;;;mm/dag
137;2501-EAG-2;137000000;1;Qwegz;Constant;0.2442009469;;;mm/dag
137;2501-EAG-2;137000000;1;hTargetMax;ValueSeries;-2.4500000000;;01-05;mNAP
137;2501-EAG-2;137000000;1;hTargetMax;ValueSeries;-2.4500000000;;01-10;mNAP
137;2501-EAG-2;137000000;1;hTargetMax;ValueSeries;-2.4500000000;;15-03;mNAP
137;2501-EAG-2;137000000;1;hTargetMax;ValueSeries;-2.4500000000;;15-08;mNAP
137;2501-EAG-2;137000000;1;hTargetMin;ValueSeries;-2.4700000000;;01-05;mNAP
137;2501-EAG-2;137000000;1;hTargetMin;ValueSeries;-2.4700000000;;01-10;mNAP
137;2501-EAG-2;137000000;1;hTargetMin;ValueSeries;-2.4700000000;;15-03;mNAP
137;2501-EAG-2;137000000;1;hTargetMin;ValueSeries;-2.4700000000;;15-08;mNAP
137;2501-EAG-2;-9999;-9999;Inlaat1;ValueSeries;0.0000000000;;01-04;m3/dag
137;2501-EAG-2;-9999;-9999;Inlaat1;ValueSeries;0.0000000000;;01-10;m3/dag
137;2501-EAG-2;-9999;-9999;Inlaat2;ValueSeries;0.0000000000;;01-04;m3/dag
137;2501-EAG-2;-9999;-9999;Inlaat2;ValueSeries;0.0000000000;;01-10;m3/dag
137;2501-EAG-2;-9999;-9999;Inlaat3;ValueSeries;0.0000000000;;01-04;m3/dag
137;2501-EAG-2;-9999;-9999;Inlaat3;ValueSeries;0.0000000000;;01-10;m3/dag
137;2501-EAG-2;-9999;-9999;Inlaat4;ValueSeries;0.0000000000;;01-04;m3/dag
137;2501-EAG-2;-9999;-9999;Uitlaat1;ValueSeries;0.0000000000;;01-04;m3/dag
137;2501-EAG-2;-9999;-9999;Uitlaat1;ValueSeries;0.0000000000;;01-10;m3/dag
137;2501-EAG-2;-9999;-9999;Uitlaat2;ValueSeries;0.0000000000;;01-04;m3/dag
137;2501-EAG-2;-9999;-9999;Uitlaat2;ValueSeries;0.0000000000;;01-10;m3/dag
137;2501-EAG-2;-9999;-9999;Uitlaat3;ValueSeries;0.0000000000;;01-04;m3/dag
137;2501-EAG-2;-9999;-9999;Uitlaat3;ValueSeries;0.0000000000;;01-10;m3/dag
137;2501-EAG-2;-9999;-9999;Uitlaat4;ValueSeries;0.0000000000;;01-04;m3/dag
137;2501-EAG-2;-9999;-9999;Uitlaat4;ValueSeries;0.0000000000;;01-10;m3/dag
137;2501-EAG-2;-9999;-9999;Inlaat4;FEWS;;polder|Debieten_overstorten|60038os1|Vol.berekend.dag;;m3/dag
137;2501-EAG-2;-9999;-9999;Inlaat1;Local;;;;m3/dag
137;2501-EAG-2;-9999;-9999;Inlaat2;Local;;;;m3/dag
137;2501-EAG-2;-9999;-9999;Inlaat3;Local;;;;m3/dag
137;2501-EAG-2;-9999;-9999;Inlaat4;Local;;;;m3/dag
137;2501-EAG-2;-9999;-9999;Uitlaat1;Local;;;;m3/dag
137;2501-EAG-2;-9999;-9999;Uitlaat2;Local;;;;m3/dag
137;2501-EAG-2;-9999;-9999;Uitlaat3;Local;;;;m3/dag
137;2501-EAG-2;-9999;-9999;Uitlaat4;Local;;;;m3/dag
137;2501-EAG-2;-9999;-9999;Gemaal1Debiet Pomp 1;FEWS;;polder|Pompvolumes|60010_pomp_3|Vol.berekend.dag;;m3/dag
137;2501-EAG-2;-9999;-9999;Neerslag;FEWS;;meteo_meetstation_KNMI|ImportCAW|66011cal|P.meting.dagcal;;mm/dag
137;2501-EAG-2;-9999;-9999;Peil;FEWS;;polder|Statistiek|70306_Polderpeil|H.meting.gem;;mNAP
137;2501-EAG-2;-9999;-9999;Verdamping;FEWS;;meteo_meetstation_KNMI|ImportCAW|66002_VerdampingCAL|E.metingcal;;mm/dag
137;2501-EAG-2;-9999;-9999;Gemaal1Debiet Pomp 1;Local;;;;m3/dag
137;2501-EAG-2;-9999;-9999;Gemaal1Debiet Pomp 2;Local;;;;m3/dag
137;2501-EAG-2;-9999;-9999;Gemaal2Debiet Pomp 1;Local;;;;m3/dag
137;2501-EAG-2;-9999;-9999;Gemaal2Debiet Pomp 2;Local;;;;m3/dag
137;2501-EAG-2;-9999;-9999;Gemaal3Debiet Pomp 1;Local;;;;m3/dag
137;2501-EAG-2;-9999;-9999;Gemaal3Debiet Pomp 2;Local;;;;m3/dag
137;2501-EAG-2;-9999;-9999;Neerslag;Local;;;;mm/dag
137;2501-EAG-2;-9999;-9999;Peil;Local;;;;mNAP
137;2501-EAG-2;-9999;-9999;Verdamping;Local;;;;mm/dag
