;EAGID;EAGCode;BakjeID;Laagvolgorde;ClusterType;ParamType;Waarde;WaardeAlfa;StartDag
0;1580;2520-GAF;1580000000;-9999;ClAfstroming;-9999;25.0;;
1;1580;2520-GAF;1580000000;-9999;ClDrain;-9999;70.0;;
2;1580;2520-GAF;1580000000;-9999;ClKwel;-9999;400.0;;
3;1580;2520-GAF;1580000000;-9999;ClNeerslag;-9999;6.0;;
4;1580;2520-GAF;1580000000;-9999;ClRiolering;-9999;100.0;;
5;1580;2520-GAF;1580000000;-9999;ClUitspoeling;-9999;50.0;;
6;1580;2520-GAF;1580000000;-9999;ClVerhard;-9999;10.0;;
0;1580;2520-GAF;1580046020;1;Qkwel;Constant;2.0;;
1;1580;2520-GAF;1580046022;1;Qkwel;ValueSeries;0.0;;01-10
2;1580;2520-GAF;1580046022;1;Qkwel;ValueSeries;0.5;;01-04
3;1580;2520-GAF;1580046025;1;Qkwel;Constant;2.0;;
4;1580;2520-GAF;1580046026;1;Qkwel;Constant;0.5;;
5;1580;2520-GAF;1580046027;1;Qkwel;ValueSeries;0.0;;01-10
6;1580;2520-GAF;1580046027;1;Qkwel;ValueSeries;0.5;;01-04
0;1580;2520-GAF;1580000000;1;Qkwel;Constant;2.0;;
1;1580;2520-GAF;1580000000;1;Qwegz;Constant;0.0;;
0;1580;2520-GAF;1580000000;1;hTargetMax;ValueSeries;-5.95;;01-10
1;1580;2520-GAF;1580000000;1;hTargetMax;ValueSeries;-5.95;;15-03
2;1580;2520-GAF;1580000000;1;hTargetMax;ValueSeries;-5.88;;01-05
3;1580;2520-GAF;1580000000;1;hTargetMax;ValueSeries;-5.88;;15-08
4;1580;2520-GAF;1580000000;1;hTargetMin;ValueSeries;-5.97;;01-10
5;1580;2520-GAF;1580000000;1;hTargetMin;ValueSeries;-5.97;;15-03
6;1580;2520-GAF;1580000000;1;hTargetMin;ValueSeries;-5.92;;01-05
7;1580;2520-GAF;1580000000;1;hTargetMin;ValueSeries;-5.92;;15-08
