;EAGID;EAGCode;BakjeID;Laagvolgorde;ClusterType;ReeksType;ParamType;Waarde;WaardeAlfa;StartDag;EAGReeksWaardeID;BakjeReeksWaardeID;LaagReeksWaardeID
0;19513;2120-EAG-1;-9999;-9999;Gemaal;Flux;FEWS;;Pompvolumes|60120_pomp_1|Vol.berekend.dag|-999.0;;24768;-9999;-9999
1;19513;2120-EAG-1;-9999;-9999;Gemaal;Flux;FEWS;;Pompvolumes|60120_pomp_2|Vol.berekend.dag|-999.0;;24769;-9999;-9999
2;19513;2120-EAG-1;-9999;-9999;Gemaal;Flux;FEWS;;Pompvolumes|60120_pomp_3|Vol.berekend.dag|-999.0;;24770;-9999;-9999
3;19513;2120-EAG-1;-9999;-9999;Verdamping;Flux;FEWS;;ImportCAW|66002_VerdampingCAL|E.metingcal|-999.0;;24771;-9999;-9999
4;19513;2120-EAG-1;-9999;-9999;Neerslag;Flux;FEWS;;ImportCAW|66004cal|P.meting.dagcal|-999.0;;24772;-9999;-9999
5;19513;2120-EAG-1;-9999;-9999;Peil;Flux;FEWS;;Statistiek|99999T043_West|H.meting.gem|-999.0;;24773;-9999;-9999
6;19513;2120-EAG-1;-9999;-9999;Peil;Flux;FEWS;;Statistiek|99999T044_West|H.meting.gem|-999.0;;24774;-9999;-9999
