;EAGID;EAGCode;BakjeID;Laagvolgorde;ClusterType;ParamType;Waarde;WaardeAlfa;StartDag;Eenheid
0;1352;3230-EAG-4;1352122430;2;Qkwel;Constant;0.0;;;mm/dag
1;1352;3230-EAG-4;1352122431;1;Qkwel;Constant;0.6077529534;;;mm/dag
0;1352;3230-EAG-4;1352000000;1;Qkwel;Constant;0.4684990888;;;mm/dag
1;1352;3230-EAG-4;1352000000;1;Qwegz;Constant;0.7696772665;;;mm/dag
0;1352;3230-EAG-4;1352000000;1;hTargetMax;ValueSeries;-1.2;;01-05;mNAP
1;1352;3230-EAG-4;1352000000;1;hTargetMax;ValueSeries;-1.2;;01-10;mNAP
2;1352;3230-EAG-4;1352000000;1;hTargetMax;ValueSeries;-1.2;;15-03;mNAP
3;1352;3230-EAG-4;1352000000;1;hTargetMax;ValueSeries;-1.2;;15-08;mNAP
4;1352;3230-EAG-4;1352000000;1;hTargetMin;ValueSeries;-1.24;;01-05;mNAP
5;1352;3230-EAG-4;1352000000;1;hTargetMin;ValueSeries;-1.24;;01-10;mNAP
6;1352;3230-EAG-4;1352000000;1;hTargetMin;ValueSeries;-1.24;;15-03;mNAP
7;1352;3230-EAG-4;1352000000;1;hTargetMin;ValueSeries;-1.24;;15-08;mNAP
0;1352;3230-EAG-4;-9999;-9999;Inlaat1;ValueSeries;300.0;;01-10;m3/dag
1;1352;3230-EAG-4;-9999;-9999;Inlaat1;ValueSeries;300.0;;01-04;m3/dag
2;1352;3230-EAG-4;-9999;-9999;Inlaat2;ValueSeries;800.0;;01-04;m3/dag
3;1352;3230-EAG-4;-9999;-9999;Inlaat2;ValueSeries;800.0;;01-10;m3/dag
4;1352;3230-EAG-4;-9999;-9999;Inlaat3;ValueSeries;0.0;;01-10;m3/dag
5;1352;3230-EAG-4;-9999;-9999;Inlaat3;ValueSeries;0.0;;01-04;m3/dag
6;1352;3230-EAG-4;-9999;-9999;Inlaat3;ValueSeries;0.0;;01-10;m3/dag
7;1352;3230-EAG-4;-9999;-9999;Inlaat3;ValueSeries;500.0;;01-04;m3/dag
8;1352;3230-EAG-4;-9999;-9999;Uitlaat1;ValueSeries;0.0;;01-10;m3/dag
9;1352;3230-EAG-4;-9999;-9999;Uitlaat1;ValueSeries;0.0;;01-04;m3/dag
10;1352;3230-EAG-4;-9999;-9999;Uitlaat2;ValueSeries;0.0;;01-04;m3/dag
11;1352;3230-EAG-4;-9999;-9999;Uitlaat2;ValueSeries;0.0;;01-10;m3/dag
12;1352;3230-EAG-4;-9999;-9999;Uitlaat3;ValueSeries;0.0;;01-04;m3/dag
13;1352;3230-EAG-4;-9999;-9999;Uitlaat3;ValueSeries;0.0;;01-10;m3/dag
14;1352;3230-EAG-4;-9999;-9999;Uitlaat4;ValueSeries;0.0;;01-10;m3/dag
15;1352;3230-EAG-4;-9999;-9999;Uitlaat4;ValueSeries;0.0;;01-04;m3/dag
0;1352;3230-EAG-4;-9999;-9999;Inlaat1;Local;;;;m3/dag
1;1352;3230-EAG-4;-9999;-9999;Inlaat2;Local;;;;m3/dag
2;1352;3230-EAG-4;-9999;-9999;Inlaat3;Local;;;;m3/dag
3;1352;3230-EAG-4;-9999;-9999;Uitlaat1;Local;;;;m3/dag
4;1352;3230-EAG-4;-9999;-9999;Uitlaat2;Local;;;;m3/dag
5;1352;3230-EAG-4;-9999;-9999;Uitlaat3;Local;;;;m3/dag
6;1352;3230-EAG-4;-9999;-9999;Uitlaat4;Local;;;;m3/dag
0;1352;3230-EAG-4;-9999;-9999;Neerslag;FEWS;;meteo_meetstation_KNMI|ImportCAW|66011cal|P.meting.dagcal;;mm/dag
1;1352;3230-EAG-4;-9999;-9999;Verdamping;FEWS;;ImportCAW|66002_VerdampingCAL|E.metingcal;;mm/dag
0;1352;3230-EAG-4;-9999;-9999;Gemaal1Debiet Pomp 1;Local;;;;m3/dag
1;1352;3230-EAG-4;-9999;-9999;Gemaal1Debiet Pomp 2;Local;;;;m3/dag
2;1352;3230-EAG-4;-9999;-9999;Gemaal2Debiet Pomp 1;Local;;;;m3/dag
3;1352;3230-EAG-4;-9999;-9999;Gemaal2Debiet Pomp 2;Local;;;;m3/dag
4;1352;3230-EAG-4;-9999;-9999;Gemaal3Debiet Pomp 1;Local;;;;m3/dag
5;1352;3230-EAG-4;-9999;-9999;Gemaal3Debiet Pomp 2;Local;;;;m3/dag
6;1352;3230-EAG-4;-9999;-9999;Neerslag;Local;;;;mm/dag
7;1352;3230-EAG-4;-9999;-9999;Peil;Local;;;;mNAP
8;1352;3230-EAG-4;-9999;-9999;Verdamping;Local;;;;mm/dag
