;EAGID;EAGCode;BakjeID;Laagvolgorde;ClusterType;ParamType;Waarde;WaardeAlfa;StartDag
0;1596;3230-GAF;1596000000;-9999;ClAfstroming;-9999;30.0;;
1;1596;3230-GAF;1596000000;-9999;ClDrain;-9999;50.0;;
2;1596;3230-GAF;1596000000;-9999;ClKwel;-9999;30.0;;
3;1596;3230-GAF;1596000000;-9999;ClNeerslag;-9999;6.0;;
4;1596;3230-GAF;1596000000;-9999;ClRiolering;-9999;100.0;;
5;1596;3230-GAF;1596000000;-9999;ClUitspoeling;-9999;50.0;;
6;1596;3230-GAF;1596000000;-9999;ClVerhard;-9999;10.0;;
0;1596;3230-GAF;1596046320;1;Qkwel;Constant;0.506169782;;
1;1596;3230-GAF;1596046321;1;Qkwel;Constant;1.4143800743;;
2;1596;3230-GAF;1596046326;1;Qkwel;Constant;-1.8854112889;;
3;1596;3230-GAF;1596046331;1;Qkwel;Constant;-5.8523345692;;
0;1596;3230-GAF;1596000000;1;Qkwel;Constant;0.506169782;;
1;1596;3230-GAF;1596000000;1;Qwegz;Constant;2.3730098545;;
0;1596;3230-GAF;1596000000;1;hTargetMax;ValueSeries;-1.2;;01-05
1;1596;3230-GAF;1596000000;1;hTargetMax;ValueSeries;-1.2;;01-10
2;1596;3230-GAF;1596000000;1;hTargetMax;ValueSeries;-1.2;;15-03
3;1596;3230-GAF;1596000000;1;hTargetMax;ValueSeries;-1.2;;15-08
4;1596;3230-GAF;1596000000;1;hTargetMin;ValueSeries;-1.24;;01-05
5;1596;3230-GAF;1596000000;1;hTargetMin;ValueSeries;-1.24;;01-10
6;1596;3230-GAF;1596000000;1;hTargetMin;ValueSeries;-1.24;;15-03
7;1596;3230-GAF;1596000000;1;hTargetMin;ValueSeries;-1.24;;15-08
