;EAGID;EAGCode;BakjeID;Laagvolgorde;ClusterType;ParamType;Waarde;WaardeAlfa;StartDag
0;1560;2140-GAF;1560000000;-9999;ClAfstroming;-9999;20.0;;
1;1560;2140-GAF;1560000000;-9999;ClDrain;-9999;50.0;;
2;1560;2140-GAF;1560000000;-9999;ClKwel;-9999;80.0;;
3;1560;2140-GAF;1560000000;-9999;ClNeerslag;-9999;6.0;;
4;1560;2140-GAF;1560000000;-9999;ClRiolering;-9999;80.0;;
5;1560;2140-GAF;1560000000;-9999;ClUitspoeling;-9999;40.0;;
6;1560;2140-GAF;1560000000;-9999;ClVerhard;-9999;10.0;;
0;1560;2140-GAF;1560045700;1;Qkwel;Constant;0.0;;
1;1560;2140-GAF;1560045701;1;Qkwel;Constant;-0.68;;
2;1560;2140-GAF;1560045702;1;Qkwel;ValueSeries;-0.68;;01-04
3;1560;2140-GAF;1560045702;1;Qkwel;ValueSeries;0.0;;01-10
4;1560;2140-GAF;1560045705;1;Qkwel;Constant;0.0;;
5;1560;2140-GAF;1560045706;1;Qkwel;Constant;-0.83;;
6;1560;2140-GAF;1560045710;1;Qkwel;Constant;0.0;;
7;1560;2140-GAF;1560045711;1;Qkwel;Constant;-1.02;;
8;1560;2140-GAF;1560045715;1;Qkwel;Constant;0.0;;
9;1560;2140-GAF;1560045716;1;Qkwel;Constant;-0.83;;
0;1560;2140-GAF;1560000000;1;Qkwel;Constant;0.0;;
1;1560;2140-GAF;1560000000;1;Qwegz;Constant;0.8281224331;;
0;1560;2140-GAF;1560000000;1;hTargetMax;ValueSeries;-1.7;;01-05
1;1560;2140-GAF;1560000000;1;hTargetMax;ValueSeries;-1.7;;01-10
2;1560;2140-GAF;1560000000;1;hTargetMax;ValueSeries;-1.7;;15-03
3;1560;2140-GAF;1560000000;1;hTargetMax;ValueSeries;-1.7;;15-08
4;1560;2140-GAF;1560000000;1;hTargetMin;ValueSeries;-1.77;;01-05
5;1560;2140-GAF;1560000000;1;hTargetMin;ValueSeries;-1.77;;01-10
6;1560;2140-GAF;1560000000;1;hTargetMin;ValueSeries;-1.77;;15-03
7;1560;2140-GAF;1560000000;1;hTargetMin;ValueSeries;-1.77;;15-08
