;EAGID;EAGCode;BakjeID;Laagvolgorde;ClusterType;ReeksType;ParamType;Waarde;WaardeAlfa;StartDag;EAGReeksWaardeID;BakjeReeksWaardeID;LaagReeksWaardeID
0;19568;2410-EAG-1;-9999;-9999;Gemaal;Flux;FEWS;;Pompvolumes|60190_pomp_1|Vol.berekend.dag|-999.0;;24856;-9999;-9999
1;19568;2410-EAG-1;-9999;-9999;Gemaal;Flux;FEWS;;Pompvolumes|60190_pomp_2|Vol.berekend.dag|-999.0;;24857;-9999;-9999
2;19568;2410-EAG-1;-9999;-9999;Verdamping;Flux;FEWS;;ImportCAW|66002_VerdampingCAL|E.metingcal|-999.0;;24858;-9999;-9999
3;19568;2410-EAG-1;-9999;-9999;Neerslag;Flux;FEWS;;ImportCAW|66005cal|P.meting.dagcal|-999.0;;24859;-9999;-9999
