;EAGID;EAGCode;BakjeID;Laagvolgorde;ClusterType;ParamType;Waarde;WaardeAlfa;StartDag;Eenheid
0;1561;2150-GAF;1561121370;2;Qkwel;Constant;0.74;;;mm/dag
1;1561;2150-GAF;1561121371;1;Qkwel;Constant;1.55;;;mm/dag
2;1561;2150-GAF;1561121372;2;Qkwel;Constant;0.74;;;mm/dag
3;1561;2150-GAF;1561121375;2;Qkwel;Constant;0.74;;;mm/dag
4;1561;2150-GAF;1561121376;1;Qkwel;Constant;1.5;;;mm/dag
5;1561;2150-GAF;1561121385;2;Qkwel;Constant;0.74;;;mm/dag
6;1561;2150-GAF;1561121386;1;Qkwel;Constant;0.0;;;mm/dag
0;1561;2150-GAF;1561000000;1;Qkwel;ValueSeries;1.477381575;;01-04;mm/dag
1;1561;2150-GAF;1561000000;1;Qkwel;ValueSeries;1.5267767835;;01-10;mm/dag
2;1561;2150-GAF;1561000000;1;Qwegz;Constant;0.0;;;mm/dag
0;1561;2150-GAF;1561000000;1;hTargetMax;ValueSeries;-5.93;;01-05;mNAP
1;1561;2150-GAF;1561000000;1;hTargetMax;ValueSeries;-5.93;;01-10;mNAP
2;1561;2150-GAF;1561000000;1;hTargetMax;ValueSeries;-5.93;;15-03;mNAP
3;1561;2150-GAF;1561000000;1;hTargetMax;ValueSeries;-5.93;;15-08;mNAP
4;1561;2150-GAF;1561000000;1;hTargetMin;ValueSeries;-5.97;;01-05;mNAP
5;1561;2150-GAF;1561000000;1;hTargetMin;ValueSeries;-5.97;;01-10;mNAP
6;1561;2150-GAF;1561000000;1;hTargetMin;ValueSeries;-5.97;;15-03;mNAP
7;1561;2150-GAF;1561000000;1;hTargetMin;ValueSeries;-5.97;;15-08;mNAP
0;1561;2150-GAF;-9999;-9999;Inlaat1;ValueSeries;1500.0;;01-10;m3/dag
1;1561;2150-GAF;-9999;-9999;Inlaat1;ValueSeries;2000.0;;01-04;m3/dag
2;1561;2150-GAF;-9999;-9999;Inlaat2;ValueSeries;822.0;;01-04;m3/dag
3;1561;2150-GAF;-9999;-9999;Inlaat2;ValueSeries;822.0;;01-10;m3/dag
4;1561;2150-GAF;-9999;-9999;Inlaat3;ValueSeries;1500.0;;01-04;m3/dag
5;1561;2150-GAF;-9999;-9999;Inlaat3;ValueSeries;750.0;;01-10;m3/dag
6;1561;2150-GAF;-9999;-9999;Inlaat4;ValueSeries;0.0;;01-10;m3/dag
7;1561;2150-GAF;-9999;-9999;Inlaat4;ValueSeries;2000.0;;01-04;m3/dag
8;1561;2150-GAF;-9999;-9999;Uitlaat1;ValueSeries;0.0;;01-10;m3/dag
9;1561;2150-GAF;-9999;-9999;Uitlaat1;ValueSeries;0.0;;01-04;m3/dag
10;1561;2150-GAF;-9999;-9999;Uitlaat2;ValueSeries;0.0;;01-04;m3/dag
11;1561;2150-GAF;-9999;-9999;Uitlaat2;ValueSeries;0.0;;01-10;m3/dag
12;1561;2150-GAF;-9999;-9999;Uitlaat3;ValueSeries;0.0;;01-04;m3/dag
13;1561;2150-GAF;-9999;-9999;Uitlaat3;ValueSeries;0.0;;01-10;m3/dag
14;1561;2150-GAF;-9999;-9999;Uitlaat4;ValueSeries;0.0;;01-10;m3/dag
15;1561;2150-GAF;-9999;-9999;Uitlaat4;ValueSeries;0.0;;01-04;m3/dag
0;1561;2150-GAF;-9999;-9999;Inlaat1;Local;;;;m3/dag
1;1561;2150-GAF;-9999;-9999;Inlaat2;Local;;;;m3/dag
2;1561;2150-GAF;-9999;-9999;Inlaat3;Local;;;;m3/dag
3;1561;2150-GAF;-9999;-9999;Inlaat4;Local;;;;m3/dag
4;1561;2150-GAF;-9999;-9999;Uitlaat1;Local;;;;m3/dag
5;1561;2150-GAF;-9999;-9999;Uitlaat2;Local;;;;m3/dag
6;1561;2150-GAF;-9999;-9999;Uitlaat3;Local;;;;m3/dag
7;1561;2150-GAF;-9999;-9999;Uitlaat4;Local;;;;m3/dag
0;1561;2150-GAF;-9999;-9999;Gemaal1Debiet Pomp 1;FEWS;;polder|Pompvolumes|60090_pomp_1|Vol.berekend.dag;;m3/dag
1;1561;2150-GAF;-9999;-9999;Gemaal1Debiet Pomp 2;FEWS;;polder|Pompvolumes|60090_pomp_2|Vol.berekend.dag;;m3/dag
2;1561;2150-GAF;-9999;-9999;Peil;FEWS;;polder|Statistiek|60090_polder|H.meting.gem;;mNAP
3;1561;2150-GAF;-9999;-9999;Verdamping;FEWS;;ImportCAW|66002_VerdampingCAL|E.metingcal;;mm/dag
0;1561;2150-GAF;-9999;-9999;Gemaal1Debiet Pomp 1;Local;;;;m3/dag
1;1561;2150-GAF;-9999;-9999;Gemaal1Debiet Pomp 2;Local;;;;m3/dag
2;1561;2150-GAF;-9999;-9999;Gemaal2Debiet Pomp 1;Local;;;;m3/dag
3;1561;2150-GAF;-9999;-9999;Gemaal2Debiet Pomp 2;Local;;;;m3/dag
4;1561;2150-GAF;-9999;-9999;Gemaal3Debiet Pomp 1;Local;;;;m3/dag
5;1561;2150-GAF;-9999;-9999;Gemaal3Debiet Pomp 2;Local;;;;m3/dag
6;1561;2150-GAF;-9999;-9999;Neerslag;Local;;;;mm/dag
7;1561;2150-GAF;-9999;-9999;Peil;Local;;;;mNAP
8;1561;2150-GAF;-9999;-9999;Verdamping;Local;;;;mm/dag
