;EAGID;EAGCode;BakjeID;Laagvolgorde;ClusterType;ParamType;Waarde;WaardeAlfa;StartDag
0;1353;3230-EAG-5;1353000000;-9999;ClAfstroming;-9999;30.0;;
1;1353;3230-EAG-5;1353000000;-9999;ClDrain;-9999;50.0;;
2;1353;3230-EAG-5;1353000000;-9999;ClKwel;-9999;30.0;;
3;1353;3230-EAG-5;1353000000;-9999;ClNeerslag;-9999;6.0;;
4;1353;3230-EAG-5;1353000000;-9999;ClRiolering;-9999;100.0;;
5;1353;3230-EAG-5;1353000000;-9999;ClUitspoeling;-9999;50.0;;
6;1353;3230-EAG-5;1353000000;-9999;ClVerhard;-9999;10.0;;
0;1353;3230-EAG-5;1353046315;1;Qkwel;Constant;0.4684990888;;
1;1353;3230-EAG-5;1353046316;1;Qkwel;Constant;0.6077529534;;
0;1353;3230-EAG-5;1353000000;1;Qkwel;Constant;0.4684990888;;
1;1353;3230-EAG-5;1353000000;1;Qwegz;Constant;0.7696772665;;
0;1353;3230-EAG-5;1353000000;1;hTargetMax;ValueSeries;-1.2;;01-05
1;1353;3230-EAG-5;1353000000;1;hTargetMax;ValueSeries;-1.2;;01-10
2;1353;3230-EAG-5;1353000000;1;hTargetMax;ValueSeries;-1.2;;15-03
3;1353;3230-EAG-5;1353000000;1;hTargetMax;ValueSeries;-1.2;;15-08
4;1353;3230-EAG-5;1353000000;1;hTargetMin;ValueSeries;-1.24;;01-05
5;1353;3230-EAG-5;1353000000;1;hTargetMin;ValueSeries;-1.24;;01-10
6;1353;3230-EAG-5;1353000000;1;hTargetMin;ValueSeries;-1.24;;15-03
7;1353;3230-EAG-5;1353000000;1;hTargetMin;ValueSeries;-1.24;;15-08
