EAGID;EAGCode;BakjeID;Laagvolgorde;ClusterType;ParamType;Waarde;WaardeAlfa;StartDag;Eenheid
202;2630-GAF;202000942;2;Qkwel;Constant;0.2000000000;;;mm/dag
202;2630-GAF;202000943;1;Qkwel;Constant;0.2000000000;;;mm/dag
202;2630-GAF;202000947;2;Qkwel;Constant;0.2000000000;;;mm/dag
202;2630-GAF;202000948;1;Qkwel;Constant;-0.2000000000;;;mm/dag
202;2630-GAF;202000952;2;Qkwel;Constant;0.2000000000;;;mm/dag
202;2630-GAF;202000953;1;Qkwel;Constant;-0.5000000000;;;mm/dag
202;2630-GAF;202000957;2;Qkwel;Constant;0.2000000000;;;mm/dag
202;2630-GAF;202000958;1;Qkwel;Constant;0.0000000000;;;mm/dag
202;2630-GAF;202000000;1;Qkwel;Constant;0.0026996248;;;mm/dag
202;2630-GAF;202000000;1;Qwegz;Constant;0.0000000000;;;mm/dag
202;2630-GAF;202000000;1;hTargetMax;ValueSeries;-4.0400000000;;01-05;mNAP
202;2630-GAF;202000000;1;hTargetMax;ValueSeries;-4.0400000000;;01-10;mNAP
202;2630-GAF;202000000;1;hTargetMax;ValueSeries;-4.0400000000;;15-03;mNAP
202;2630-GAF;202000000;1;hTargetMax;ValueSeries;-4.0400000000;;15-08;mNAP
202;2630-GAF;202000000;1;hTargetMin;ValueSeries;-4.0700000000;;01-05;mNAP
202;2630-GAF;202000000;1;hTargetMin;ValueSeries;-4.0700000000;;01-10;mNAP
202;2630-GAF;202000000;1;hTargetMin;ValueSeries;-4.0700000000;;15-03;mNAP
202;2630-GAF;202000000;1;hTargetMin;ValueSeries;-4.0700000000;;15-08;mNAP
202;2630-GAF;-9999;-9999;Inlaat1;ValueSeries;0.0000000000;;01-04;m3/dag
202;2630-GAF;-9999;-9999;Inlaat1;ValueSeries;0.0000000000;;01-10;m3/dag
202;2630-GAF;-9999;-9999;Inlaat2;ValueSeries;500.0000000000;;01-04;m3/dag
202;2630-GAF;-9999;-9999;Inlaat2;ValueSeries;500.0000000000;;01-10;m3/dag
202;2630-GAF;-9999;-9999;Inlaat3;ValueSeries;2500.0000000000;;01-04;m3/dag
202;2630-GAF;-9999;-9999;Inlaat3;ValueSeries;500.0000000000;;01-10;m3/dag
202;2630-GAF;-9999;-9999;Inlaat4;ValueSeries;1500.0000000000;;01-04;m3/dag
202;2630-GAF;-9999;-9999;Inlaat4;ValueSeries;1500.0000000000;;01-10;m3/dag
202;2630-GAF;-9999;-9999;Uitlaat1;ValueSeries;0.0000000000;;01-04;m3/dag
202;2630-GAF;-9999;-9999;Uitlaat1;ValueSeries;0.0000000000;;01-10;m3/dag
202;2630-GAF;-9999;-9999;Uitlaat2;ValueSeries;0.0000000000;;01-04;m3/dag
202;2630-GAF;-9999;-9999;Uitlaat2;ValueSeries;0.0000000000;;01-10;m3/dag
202;2630-GAF;-9999;-9999;Uitlaat3;ValueSeries;0.0000000000;;01-04;m3/dag
202;2630-GAF;-9999;-9999;Uitlaat3;ValueSeries;0.0000000000;;01-10;m3/dag
202;2630-GAF;-9999;-9999;Uitlaat4;ValueSeries;0.0000000000;;01-04;m3/dag
202;2630-GAF;-9999;-9999;Uitlaat4;ValueSeries;0.0000000000;;01-10;m3/dag
202;2630-GAF;-9999;-9999;Inlaat1;Local;;;;m3/dag
202;2630-GAF;-9999;-9999;Inlaat2;Local;;;;m3/dag
202;2630-GAF;-9999;-9999;Inlaat3;Local;;;;m3/dag
202;2630-GAF;-9999;-9999;Inlaat4;Local;;;;m3/dag
202;2630-GAF;-9999;-9999;Uitlaat1;Local;;;;m3/dag
202;2630-GAF;-9999;-9999;Uitlaat2;Local;;;;m3/dag
202;2630-GAF;-9999;-9999;Uitlaat3;Local;;;;m3/dag
202;2630-GAF;-9999;-9999;Uitlaat4;Local;;;;m3/dag
202;2630-GAF;-9999;-9999;Gemaal1Debiet Pomp 1;FEWS;;polder|Pompvolumes|60050_pomp_1|Vol.berekend.dag;;m3/dag
202;2630-GAF;-9999;-9999;Gemaal1Debiet Pomp 2;FEWS;;polder|Pompvolumes|60050_pomp_2|Vol.berekend.dag;;m3/dag
202;2630-GAF;-9999;-9999;Neerslag;FEWS;;meteo_meetstation_KNMI|ImportCAW|66017cal|P.meting.dagcal;;mm/dag
202;2630-GAF;-9999;-9999;Peil;FEWS;;polder|Statistiek|60050_poldera|H.meting.gem;;mNAP
202;2630-GAF;-9999;-9999;Verdamping;FEWS;;meteo_meetstation_KNMI|ImportCAW|66002_VerdampingCAL|E.metingcal;;mm/dag
202;2630-GAF;-9999;-9999;Gemaal1Debiet Pomp 1;Local;;;;m3/dag
202;2630-GAF;-9999;-9999;Gemaal1Debiet Pomp 2;Local;;;;m3/dag
202;2630-GAF;-9999;-9999;Gemaal2Debiet Pomp 1;Local;;;;m3/dag
202;2630-GAF;-9999;-9999;Gemaal2Debiet Pomp 2;Local;;;;m3/dag
202;2630-GAF;-9999;-9999;Gemaal3Debiet Pomp 1;Local;;;;m3/dag
202;2630-GAF;-9999;-9999;Gemaal3Debiet Pomp 2;Local;;;;m3/dag
202;2630-GAF;-9999;-9999;Neerslag;Local;;;;mm/dag
202;2630-GAF;-9999;-9999;Peil;Local;;;;mNAP
202;2630-GAF;-9999;-9999;Verdamping;Local;;;;mm/dag
