EAGID;EAGCode;BakjeID;Laagvolgorde;ClusterType;ParamType;Waarde;WaardeAlfa;StartDag;Eenheid
546;3300-EAG-5-10;546001423;1;Qkwel;Constant;-0.7000000000;;;mm/dag
546;3300-EAG-5-10;546000000;1;Qkwel;Constant;0.0000000000;;;mm/dag
546;3300-EAG-5-10;546000000;1;Qwegz;Constant;1.0000000000;;;mm/dag
546;3300-EAG-5-10;546000000;1;hTargetMax;ValueSeries;-1.0600000000;;01-05;mNAP
546;3300-EAG-5-10;546000000;1;hTargetMax;ValueSeries;-1.0600000000;;01-10;mNAP
546;3300-EAG-5-10;546000000;1;hTargetMax;ValueSeries;-1.0600000000;;15-03;mNAP
546;3300-EAG-5-10;546000000;1;hTargetMax;ValueSeries;-1.0600000000;;15-08;mNAP
546;3300-EAG-5-10;546000000;1;hTargetMin;ValueSeries;-1.1800000000;;01-05;mNAP
546;3300-EAG-5-10;546000000;1;hTargetMin;ValueSeries;-1.1800000000;;01-10;mNAP
546;3300-EAG-5-10;546000000;1;hTargetMin;ValueSeries;-1.1800000000;;15-03;mNAP
546;3300-EAG-5-10;546000000;1;hTargetMin;ValueSeries;-1.1800000000;;15-08;mNAP
546;3300-EAG-5-10;-9999;-9999;Inlaat1;ValueSeries;0.0000000000;;01-04;m3/dag
546;3300-EAG-5-10;-9999;-9999;Inlaat1;ValueSeries;0.0000000000;;01-10;m3/dag
546;3300-EAG-5-10;-9999;-9999;Inlaat2;ValueSeries;0.0000000000;;01-04;m3/dag
546;3300-EAG-5-10;-9999;-9999;Inlaat2;ValueSeries;0.0000000000;;01-10;m3/dag
546;3300-EAG-5-10;-9999;-9999;Inlaat3;ValueSeries;0.0000000000;;01-04;m3/dag
546;3300-EAG-5-10;-9999;-9999;Inlaat3;ValueSeries;0.0000000000;;01-10;m3/dag
546;3300-EAG-5-10;-9999;-9999;Inlaat4;ValueSeries;864.0000000000;;01-04;m3/dag
546;3300-EAG-5-10;-9999;-9999;Inlaat4;ValueSeries;864.0000000000;;01-10;m3/dag
546;3300-EAG-5-10;-9999;-9999;Uitlaat1;ValueSeries;0.0000000000;;01-04;m3/dag
546;3300-EAG-5-10;-9999;-9999;Uitlaat1;ValueSeries;0.0000000000;;01-10;m3/dag
546;3300-EAG-5-10;-9999;-9999;Uitlaat2;ValueSeries;0.0000000000;;01-04;m3/dag
546;3300-EAG-5-10;-9999;-9999;Uitlaat2;ValueSeries;0.0000000000;;01-10;m3/dag
546;3300-EAG-5-10;-9999;-9999;Uitlaat3;ValueSeries;0.0000000000;;01-04;m3/dag
546;3300-EAG-5-10;-9999;-9999;Uitlaat3;ValueSeries;0.0000000000;;01-10;m3/dag
546;3300-EAG-5-10;-9999;-9999;Uitlaat4;ValueSeries;0.0000000000;;01-04;m3/dag
546;3300-EAG-5-10;-9999;-9999;Uitlaat4;ValueSeries;0.0000000000;;01-10;m3/dag
546;3300-EAG-5-10;-9999;-9999;Inlaat1;Local;;;;m3/dag
546;3300-EAG-5-10;-9999;-9999;Inlaat2;Local;;;;m3/dag
546;3300-EAG-5-10;-9999;-9999;Inlaat3;Local;;;;m3/dag
546;3300-EAG-5-10;-9999;-9999;Inlaat4;Local;;;;m3/dag
546;3300-EAG-5-10;-9999;-9999;Uitlaat1;Local;;;;m3/dag
546;3300-EAG-5-10;-9999;-9999;Uitlaat2;Local;;;;m3/dag
546;3300-EAG-5-10;-9999;-9999;Uitlaat3;Local;;;;m3/dag
546;3300-EAG-5-10;-9999;-9999;Uitlaat4;Local;;;;m3/dag
546;3300-EAG-5-10;-9999;-9999;Neerslag;FEWS;;meteo_meetstation_KNMI|ImportCAW|66011cal|P.meting.dagcal;;mm/dag
546;3300-EAG-5-10;-9999;-9999;Peil;FEWS;;polder|Statistiek|62150_Polderpeil_Nieuweweg|H.meting.gem;;mNAP
546;3300-EAG-5-10;-9999;-9999;Verdamping;FEWS;;meteo_meetstation_KNMI|ImportCAW|66002_VerdampingCAL|E.metingcal;;mm/dag
546;3300-EAG-5-10;-9999;-9999;Gemaal1Debiet Pomp 1;Local;;;;m3/dag
546;3300-EAG-5-10;-9999;-9999;Gemaal1Debiet Pomp 2;Local;;;;m3/dag
546;3300-EAG-5-10;-9999;-9999;Gemaal2Debiet Pomp 1;Local;;;;m3/dag
546;3300-EAG-5-10;-9999;-9999;Gemaal2Debiet Pomp 2;Local;;;;m3/dag
546;3300-EAG-5-10;-9999;-9999;Gemaal3Debiet Pomp 1;Local;;;;m3/dag
546;3300-EAG-5-10;-9999;-9999;Gemaal3Debiet Pomp 2;Local;;;;m3/dag
546;3300-EAG-5-10;-9999;-9999;Neerslag;Local;;;;mm/dag
546;3300-EAG-5-10;-9999;-9999;Peil;Local;;;;mNAP
546;3300-EAG-5-10;-9999;-9999;Verdamping;Local;;;;mm/dag
