;EAGID;EAGCode;BakjeID;Laagvolgorde;ClusterType;ParamType;Waarde;WaardeAlfa;StartDag;Eenheid
0;1580;2520-GAF;1580000000;-9999;ClAfstroming;-9999;25.0;;;mg/l
1;1580;2520-GAF;1580000000;-9999;ClDrain;-9999;70.0;;;mg/l
2;1580;2520-GAF;1580000000;-9999;ClKwel;-9999;400.0;;;mg/l
3;1580;2520-GAF;1580000000;-9999;ClNeerslag;-9999;6.0;;;mg/l
4;1580;2520-GAF;1580000000;-9999;ClRiolering;-9999;100.0;;;mg/l
5;1580;2520-GAF;1580000000;-9999;ClUitspoeling;-9999;50.0;;;mg/l
6;1580;2520-GAF;1580000000;-9999;ClVerhard;-9999;10.0;;;mg/l
0;1580;2520-GAF;1580057830;2;Qkwel;Constant;0.5;;;mm/dag
1;1580;2520-GAF;1580057832;2;Qkwel;ValueSeries;0.0;;01-10;mm/dag
2;1580;2520-GAF;1580057832;2;Qkwel;ValueSeries;0.5;;01-04;mm/dag
3;1580;2520-GAF;1580057835;2;Qkwel;Constant;0.5;;;mm/dag
4;1580;2520-GAF;1580057836;1;Qkwel;Constant;0.5;;;mm/dag
5;1580;2520-GAF;1580057837;2;Qkwel;ValueSeries;0.0;;01-10;mm/dag
6;1580;2520-GAF;1580057837;2;Qkwel;ValueSeries;0.5;;01-04;mm/dag
0;1580;2520-GAF;1580000000;1;Qkwel;Constant;2.0;;;mm/dag
1;1580;2520-GAF;1580000000;1;Qwegz;Constant;0.0;;;mm/dag
0;1580;2520-GAF;1580000000;1;hTargetMax;ValueSeries;-5.95;;01-10;mNAP
1;1580;2520-GAF;1580000000;1;hTargetMax;ValueSeries;-5.95;;15-03;mNAP
2;1580;2520-GAF;1580000000;1;hTargetMax;ValueSeries;-5.88;;01-05;mNAP
3;1580;2520-GAF;1580000000;1;hTargetMax;ValueSeries;-5.88;;15-08;mNAP
4;1580;2520-GAF;1580000000;1;hTargetMin;ValueSeries;-5.97;;01-10;mNAP
5;1580;2520-GAF;1580000000;1;hTargetMin;ValueSeries;-5.97;;15-03;mNAP
6;1580;2520-GAF;1580000000;1;hTargetMin;ValueSeries;-5.92;;01-05;mNAP
7;1580;2520-GAF;1580000000;1;hTargetMin;ValueSeries;-5.92;;15-08;mNAP
0;1580;2520-GAF;-9999;-9999;Uitlaat1;ValueSeries;0.0;;01-04;m3/dag
1;1580;2520-GAF;-9999;-9999;Inlaat1;ValueSeries;198.0;;01-10;m3/dag
2;1580;2520-GAF;-9999;-9999;Inlaat2;ValueSeries;0.0;;01-04;m3/dag
3;1580;2520-GAF;-9999;-9999;Inlaat2;ValueSeries;0.0;;01-10;m3/dag
4;1580;2520-GAF;-9999;-9999;Inlaat3;ValueSeries;0.0;;01-04;m3/dag
5;1580;2520-GAF;-9999;-9999;Inlaat3;ValueSeries;0.0;;01-10;m3/dag
6;1580;2520-GAF;-9999;-9999;Inlaat1;ValueSeries;804.0;;01-04;m3/dag
7;1580;2520-GAF;-9999;-9999;Inlaat4;ValueSeries;0.0;;01-10;m3/dag
8;1580;2520-GAF;-9999;-9999;Uitlaat4;ValueSeries;0.0;;01-10;m3/dag
9;1580;2520-GAF;-9999;-9999;Uitlaat1;ValueSeries;0.0;;01-10;m3/dag
10;1580;2520-GAF;-9999;-9999;Uitlaat2;ValueSeries;0.0;;01-04;m3/dag
11;1580;2520-GAF;-9999;-9999;Uitlaat2;ValueSeries;0.0;;01-10;m3/dag
12;1580;2520-GAF;-9999;-9999;Uitlaat3;ValueSeries;0.0;;01-04;m3/dag
13;1580;2520-GAF;-9999;-9999;Uitlaat3;ValueSeries;0.0;;01-10;m3/dag
14;1580;2520-GAF;-9999;-9999;Uitlaat4;ValueSeries;0.0;;01-04;m3/dag
15;1580;2520-GAF;-9999;-9999;Inlaat4;ValueSeries;0.0;;01-04;m3/dag
