;EAGID;EAGCode;BakjeID;Laagvolgorde;ClusterType;ParamType;Waarde;WaardeAlfa;StartDag
0;1588;2620-GAF;1588000000;-9999;ClAfstroming;-9999;25.0;;
1;1588;2620-GAF;1588000000;-9999;ClDrain;-9999;70.0;;
2;1588;2620-GAF;1588000000;-9999;ClKwel;-9999;400.0;;
3;1588;2620-GAF;1588000000;-9999;ClNeerslag;-9999;6.0;;
4;1588;2620-GAF;1588000000;-9999;ClRiolering;-9999;100.0;;
5;1588;2620-GAF;1588000000;-9999;ClUitspoeling;-9999;50.0;;
6;1588;2620-GAF;1588000000;-9999;ClVerhard;-9999;10.0;;
0;1588;2620-GAF;1588046090;1;Qkwel;Constant;0.0;;
1;1588;2620-GAF;1588046091;1;Qkwel;Constant;-0.4;;
2;1588;2620-GAF;1588046095;1;Qkwel;Constant;0.0;;
3;1588;2620-GAF;1588046096;1;Qkwel;Constant;-0.3;;
0;1588;2620-GAF;1588000000;1;Qkwel;Constant;0.0;;
1;1588;2620-GAF;1588000000;1;Qwegz;Constant;0.3409696528;;
0;1588;2620-GAF;1588000000;1;hTargetMax;ValueSeries;-2.0;;01-05
1;1588;2620-GAF;1588000000;1;hTargetMax;ValueSeries;-2.0;;01-10
2;1588;2620-GAF;1588000000;1;hTargetMax;ValueSeries;-2.0;;15-03
3;1588;2620-GAF;1588000000;1;hTargetMax;ValueSeries;-2.0;;15-08
4;1588;2620-GAF;1588000000;1;hTargetMin;ValueSeries;-2.02;;01-05
5;1588;2620-GAF;1588000000;1;hTargetMin;ValueSeries;-2.02;;01-10
6;1588;2620-GAF;1588000000;1;hTargetMin;ValueSeries;-2.02;;15-03
7;1588;2620-GAF;1588000000;1;hTargetMin;ValueSeries;-2.02;;15-08
