EAGID;EAGCode;BakjeID;Laagvolgorde;ClusterType;ParamType;Waarde;WaardeAlfa;StartDag;Eenheid
74;2220-GAF;74000222;2;Qkwel;Constant;0.0000000000;;;mm/dag
74;2220-GAF;74000223;1;Qkwel;Constant;0.0000000000;;;mm/dag
74;2220-GAF;74000224;2;Qkwel;Constant;0.0000000000;;;mm/dag
74;2220-GAF;74000227;2;Qkwel;Constant;0.0000000000;;;mm/dag
74;2220-GAF;74000228;1;Qkwel;Constant;0.0000000000;;;mm/dag
74;2220-GAF;74000229;2;Qkwel;Constant;0.0000000000;;;mm/dag
74;2220-GAF;74000000;1;Qkwel;Constant;0.0000000000;;;mm/dag
74;2220-GAF;74000000;1;Qwegz;Constant;0.0000000000;;;mm/dag
74;2220-GAF;74000000;1;hTargetMax;ValueSeries;-2.5000000000;;01-05;mNAP
74;2220-GAF;74000000;1;hTargetMax;ValueSeries;-2.5000000000;;01-10;mNAP
74;2220-GAF;74000000;1;hTargetMax;ValueSeries;-2.5000000000;;15-03;mNAP
74;2220-GAF;74000000;1;hTargetMax;ValueSeries;-2.5000000000;;15-08;mNAP
74;2220-GAF;74000000;1;hTargetMin;ValueSeries;-3.0000000000;;01-05;mNAP
74;2220-GAF;74000000;1;hTargetMin;ValueSeries;-3.0000000000;;01-10;mNAP
74;2220-GAF;74000000;1;hTargetMin;ValueSeries;-3.0000000000;;15-03;mNAP
74;2220-GAF;74000000;1;hTargetMin;ValueSeries;-3.0000000000;;15-08;mNAP
74;2220-GAF;-9999;-9999;Inlaat1;ValueSeries;0.0000000000;;01-04;m3/dag
74;2220-GAF;-9999;-9999;Inlaat1;ValueSeries;0.0000000000;;01-10;m3/dag
74;2220-GAF;-9999;-9999;Inlaat2;ValueSeries;0.0000000000;;01-04;m3/dag
74;2220-GAF;-9999;-9999;Inlaat2;ValueSeries;0.0000000000;;01-10;m3/dag
74;2220-GAF;-9999;-9999;Inlaat3;ValueSeries;0.0000000000;;01-04;m3/dag
74;2220-GAF;-9999;-9999;Inlaat3;ValueSeries;0.0000000000;;01-10;m3/dag
74;2220-GAF;-9999;-9999;Inlaat4;ValueSeries;0.0000000000;;01-04;m3/dag
74;2220-GAF;-9999;-9999;Inlaat4;ValueSeries;0.0000000000;;01-10;m3/dag
74;2220-GAF;-9999;-9999;Uitlaat1;ValueSeries;0.0000000000;;01-04;m3/dag
74;2220-GAF;-9999;-9999;Uitlaat1;ValueSeries;0.0000000000;;01-10;m3/dag
74;2220-GAF;-9999;-9999;Uitlaat2;ValueSeries;0.0000000000;;01-04;m3/dag
74;2220-GAF;-9999;-9999;Uitlaat2;ValueSeries;0.0000000000;;01-10;m3/dag
74;2220-GAF;-9999;-9999;Uitlaat3;ValueSeries;0.0000000000;;01-04;m3/dag
74;2220-GAF;-9999;-9999;Uitlaat3;ValueSeries;0.0000000000;;01-10;m3/dag
74;2220-GAF;-9999;-9999;Uitlaat4;ValueSeries;0.0000000000;;01-04;m3/dag
74;2220-GAF;-9999;-9999;Uitlaat4;ValueSeries;0.0000000000;;01-10;m3/dag
74;2220-GAF;-9999;-9999;Inlaat1;Local;;;;m3/dag
74;2220-GAF;-9999;-9999;Inlaat2;Local;;;;m3/dag
74;2220-GAF;-9999;-9999;Inlaat3;Local;;;;m3/dag
74;2220-GAF;-9999;-9999;Inlaat4;Local;;;;m3/dag
74;2220-GAF;-9999;-9999;Uitlaat1;Local;;;;m3/dag
74;2220-GAF;-9999;-9999;Uitlaat2;Local;;;;m3/dag
74;2220-GAF;-9999;-9999;Uitlaat3;Local;;;;m3/dag
74;2220-GAF;-9999;-9999;Uitlaat4;Local;;;;m3/dag
74;2220-GAF;-9999;-9999;Gemaal1Debiet Pomp 1;FEWS;;polder|Pompvolumes|60340_Pomp_1_bedrijf|Vol.berekend.dag;;m3/dag
74;2220-GAF;-9999;-9999;Gemaal1Debiet Pomp 2;FEWS;;polder|Pompvolumes|60340_Pomp_2_bedrijf|Vol.berekend.dag;;m3/dag
74;2220-GAF;-9999;-9999;Gemaal2Debiet Pomp 1;FEWS;;polder|Pompvolumes|60340_Pomp_3_bedrijf|Vol.berekend.dag;;m3/dag
74;2220-GAF;-9999;-9999;Neerslag;FEWS;;meteo_meetstation_KNMI|ImportCAW|66015cal|P.meting.dagcal;;mm/dag
74;2220-GAF;-9999;-9999;Peil;FEWS;;polder|Statistiek|60340_Polderpeil|H.meting.gem;;mNAP
74;2220-GAF;-9999;-9999;Verdamping;FEWS;;meteo_meetstation_KNMI|ImportCAW|66002_VerdampingCAL|E.metingcal;;mm/dag
74;2220-GAF;-9999;-9999;Gemaal1Debiet Pomp 1;Local;;;;m3/dag
74;2220-GAF;-9999;-9999;Gemaal1Debiet Pomp 2;Local;;;;m3/dag
74;2220-GAF;-9999;-9999;Gemaal2Debiet Pomp 1;Local;;;;m3/dag
74;2220-GAF;-9999;-9999;Gemaal2Debiet Pomp 2;Local;;;;m3/dag
74;2220-GAF;-9999;-9999;Gemaal3Debiet Pomp 1;Local;;;;m3/dag
74;2220-GAF;-9999;-9999;Gemaal3Debiet Pomp 2;Local;;;;m3/dag
74;2220-GAF;-9999;-9999;Neerslag;Local;;;;mm/dag
74;2220-GAF;-9999;-9999;Peil;Local;;;;mNAP
74;2220-GAF;-9999;-9999;Verdamping;Local;;;;mm/dag
