EAGID;EAGCode;BakjeID;Laagvolgorde;ClusterType;ParamType;Waarde;WaardeAlfa;StartDag;Eenheid
545;3230-EAG-4-5;545001322;2;Qkwel;Constant;2.5000000000;;;mm/dag
545;3230-EAG-4-5;545001323;1;Qkwel;Constant;1.7000000000;;;mm/dag
545;3230-EAG-4-5;545000000;1;Qkwel;Constant;1.7000000000;;;mm/dag
545;3230-EAG-4-5;545000000;1;Qwegz;Constant;0.0000000000;;;mm/dag
545;3230-EAG-4-5;545000000;1;hTargetMax;ValueSeries;-1.2000000000;;01-05;mNAP
545;3230-EAG-4-5;545000000;1;hTargetMax;ValueSeries;-1.2000000000;;01-10;mNAP
545;3230-EAG-4-5;545000000;1;hTargetMax;ValueSeries;-1.2000000000;;15-03;mNAP
545;3230-EAG-4-5;545000000;1;hTargetMax;ValueSeries;-1.2000000000;;15-08;mNAP
545;3230-EAG-4-5;545000000;1;hTargetMin;ValueSeries;-1.2400000000;;01-05;mNAP
545;3230-EAG-4-5;545000000;1;hTargetMin;ValueSeries;-1.2400000000;;01-10;mNAP
545;3230-EAG-4-5;545000000;1;hTargetMin;ValueSeries;-1.2400000000;;15-03;mNAP
545;3230-EAG-4-5;545000000;1;hTargetMin;ValueSeries;-1.2400000000;;15-08;mNAP
545;3230-EAG-4-5;-9999;-9999;Inlaat1;ValueSeries;0.0000000000;;01-04;m3/dag
545;3230-EAG-4-5;-9999;-9999;Inlaat1;ValueSeries;0.0000000000;;01-10;m3/dag
545;3230-EAG-4-5;-9999;-9999;Inlaat2;ValueSeries;0.0000000000;;01-04;m3/dag
545;3230-EAG-4-5;-9999;-9999;Inlaat2;ValueSeries;0.0000000000;;01-10;m3/dag
545;3230-EAG-4-5;-9999;-9999;Inlaat2;ValueSeries;3000.0000000000;;01-04;m3/dag
545;3230-EAG-4-5;-9999;-9999;Inlaat2;ValueSeries;500.0000000000;;01-10;m3/dag
545;3230-EAG-4-5;-9999;-9999;Inlaat4;ValueSeries;0.0000000000;;01-04;m3/dag
545;3230-EAG-4-5;-9999;-9999;Inlaat4;ValueSeries;0.0000000000;;01-10;m3/dag
545;3230-EAG-4-5;-9999;-9999;Uitlaat1;ValueSeries;0.0000000000;;01-04;m3/dag
545;3230-EAG-4-5;-9999;-9999;Uitlaat1;ValueSeries;0.0000000000;;01-10;m3/dag
545;3230-EAG-4-5;-9999;-9999;Uitlaat1;ValueSeries;0.0000000000;;01-04;m3/dag
545;3230-EAG-4-5;-9999;-9999;Uitlaat1;ValueSeries;0.0000000000;;01-10;m3/dag
545;3230-EAG-4-5;-9999;-9999;Uitlaat3;ValueSeries;0.0000000000;;01-04;m3/dag
545;3230-EAG-4-5;-9999;-9999;Uitlaat3;ValueSeries;0.0000000000;;01-10;m3/dag
545;3230-EAG-4-5;-9999;-9999;Uitlaat4;ValueSeries;0.0000000000;;01-04;m3/dag
545;3230-EAG-4-5;-9999;-9999;Uitlaat4;ValueSeries;0.0000000000;;01-10;m3/dag
545;3230-EAG-4-5;-9999;-9999;Inlaat1;Local;;;;m3/dag
545;3230-EAG-4-5;-9999;-9999;Inlaat2;Local;;;;m3/dag
545;3230-EAG-4-5;-9999;-9999;Inlaat4;Local;;;;m3/dag
545;3230-EAG-4-5;-9999;-9999;Uitlaat1;Local;;;;m3/dag
545;3230-EAG-4-5;-9999;-9999;Uitlaat3;Local;;;;m3/dag
545;3230-EAG-4-5;-9999;-9999;Uitlaat4;Local;;;;m3/dag
545;3230-EAG-4-5;-9999;-9999;Neerslag;FEWS;;meteo_meetstation_KNMI|ImportCAW|66011cal|P.meting.dagcal;;mm/dag
545;3230-EAG-4-5;-9999;-9999;Peil;FEWS;;polder|Statistiek|62080_het_hol|H.meting.gem||polder|Statistiek|62084_Benedenstroomspeil|H.meting.gem;;mNAP
545;3230-EAG-4-5;-9999;-9999;Verdamping;FEWS;;meteo_meetstation_KNMI|ImportCAW|66002_VerdampingCAL|E.metingcal;;mm/dag
545;3230-EAG-4-5;-9999;-9999;Gemaal1Debiet Pomp 1;Local;;;;m3/dag
545;3230-EAG-4-5;-9999;-9999;Gemaal1Debiet Pomp 2;Local;;;;m3/dag
545;3230-EAG-4-5;-9999;-9999;Gemaal2Debiet Pomp 1;Local;;;;m3/dag
545;3230-EAG-4-5;-9999;-9999;Gemaal2Debiet Pomp 2;Local;;;;m3/dag
545;3230-EAG-4-5;-9999;-9999;Gemaal3Debiet Pomp 1;Local;;;;m3/dag
545;3230-EAG-4-5;-9999;-9999;Gemaal3Debiet Pomp 2;Local;;;;m3/dag
545;3230-EAG-4-5;-9999;-9999;Neerslag;Local;;;;mm/dag
545;3230-EAG-4-5;-9999;-9999;Peil;Local;;;;mNAP
545;3230-EAG-4-5;-9999;-9999;Verdamping;Local;;;;mm/dag
