;EAGID;EAGCode;BakjeID;Laagvolgorde;ClusterType;ParamType;Waarde;WaardeAlfa;StartDag
0;1319;3050-EAG-2;1319000000;-9999;ClAfstroming;-9999;30.0;;
1;1319;3050-EAG-2;1319000000;-9999;ClDrain;-9999;100.0;;
2;1319;3050-EAG-2;1319000000;-9999;ClKwel;-9999;400.0;;
3;1319;3050-EAG-2;1319000000;-9999;ClNeerslag;-9999;6.0;;
4;1319;3050-EAG-2;1319000000;-9999;ClRiolering;-9999;100.0;;
5;1319;3050-EAG-2;1319000000;-9999;ClUitspoeling;-9999;250.0;;
6;1319;3050-EAG-2;1319000000;-9999;ClVerhard;-9999;10.0;;
0;1319;3050-EAG-2;1319046135;1;Qkwel;Constant;3.0;;
1;1319;3050-EAG-2;1319046136;1;Qkwel;Constant;0.4;;
0;1319;3050-EAG-2;1319000000;1;Qkwel;Constant;3.0;;
1;1319;3050-EAG-2;1319000000;1;Qwegz;Constant;0.0;;
0;1319;3050-EAG-2;1319000000;1;hTargetMax;ValueSeries;-2.13;;01-10
1;1319;3050-EAG-2;1319000000;1;hTargetMax;ValueSeries;-2.13;;15-03
2;1319;3050-EAG-2;1319000000;1;hTargetMax;ValueSeries;-2.08;;01-05
3;1319;3050-EAG-2;1319000000;1;hTargetMax;ValueSeries;-2.08;;15-08
4;1319;3050-EAG-2;1319000000;1;hTargetMin;ValueSeries;-2.17;;01-10
5;1319;3050-EAG-2;1319000000;1;hTargetMin;ValueSeries;-2.17;;15-03
6;1319;3050-EAG-2;1319000000;1;hTargetMin;ValueSeries;-2.12;;01-05
7;1319;3050-EAG-2;1319000000;1;hTargetMin;ValueSeries;-2.12;;15-08
