;EAGID;EAGCode;BakjeID;Laagvolgorde;ClusterType;ParamType;Waarde;WaardeAlfa;StartDag
0;1624;8080-GAF;1624000000;-9999;ClAfstroming;-9999;50.0;;
1;1624;8080-GAF;1624000000;-9999;ClDrain;-9999;110.0;;
2;1624;8080-GAF;1624000000;-9999;ClKwel;-9999;50.0;;
3;1624;8080-GAF;1624000000;-9999;ClNeerslag;-9999;6.0;;
4;1624;8080-GAF;1624000000;-9999;ClRiolering;-9999;100.0;;
5;1624;8080-GAF;1624000000;-9999;ClUitspoeling;-9999;110.0;;
6;1624;8080-GAF;1624000000;-9999;ClVerhard;-9999;110.0;;
0;1624;8080-GAF;1624046865;1;Qkwel;Constant;0.0;;
1;1624;8080-GAF;1624046866;1;Qkwel;Constant;0.0;;
2;1624;8080-GAF;1624046867;1;Qkwel;ValueSeries;-0.4;;01-04
3;1624;8080-GAF;1624046867;1;Qkwel;ValueSeries;0.0;;01-10
4;1624;8080-GAF;1624046870;1;Qkwel;Constant;0.0;;
5;1624;8080-GAF;1624046871;1;Qkwel;Constant;0.0;;
6;1624;8080-GAF;1624046872;1;Qkwel;ValueSeries;-0.4;;01-04
7;1624;8080-GAF;1624046872;1;Qkwel;ValueSeries;0.0;;01-10
8;1624;8080-GAF;1624046875;1;Qkwel;Constant;0.0;;
9;1624;8080-GAF;1624046876;1;Qkwel;Constant;-0.4;;
10;1624;8080-GAF;1624046880;1;Qkwel;Constant;0.0;;
11;1624;8080-GAF;1624046881;1;Qkwel;Constant;-0.4;;
0;1624;8080-GAF;1624000000;1;Qkwel;Constant;0.0;;
1;1624;8080-GAF;1624000000;1;Qwegz;Constant;0.4;;
0;1624;8080-GAF;1624000000;1;hTargetMax;ValueSeries;0.0;;01-05
1;1624;8080-GAF;1624000000;1;hTargetMax;ValueSeries;0.0;;01-10
2;1624;8080-GAF;1624000000;1;hTargetMax;ValueSeries;0.0;;15-03
3;1624;8080-GAF;1624000000;1;hTargetMax;ValueSeries;0.0;;15-08
4;1624;8080-GAF;1624000000;1;hTargetMin;ValueSeries;0.0;;01-05
5;1624;8080-GAF;1624000000;1;hTargetMin;ValueSeries;0.0;;01-10
6;1624;8080-GAF;1624000000;1;hTargetMin;ValueSeries;0.0;;15-03
7;1624;8080-GAF;1624000000;1;hTargetMin;ValueSeries;0.0;;15-08
