;EAGID;EAGCode;BakjeID;Laagvolgorde;ClusterType;ReeksType;ParamType;Waarde;WaardeAlfa;StartDag;EAGReeksWaardeID;BakjeReeksWaardeID;LaagReeksWaardeID
0;19760;4210-EAG-3;-9999;-9999;Verdamping;Flux;FEWS;;ImportCAW|66003_VerdampingCAl|E.metingcal|-999.0;;25023;-9999;-9999
1;19760;4210-EAG-3;-9999;-9999;Neerslag;Flux;FEWS;;ImportCAW|66015cal|P.meting.dagcal|-999.0;;25024;-9999;-9999
0;19760;4210-EAG-3;16499;-9999;ClVerhard;Cl;-9999;10;;;-9999;954;-9999
1;19760;4210-EAG-3;16499;-9999;ClRiolering;Cl;-9999;100;;;-9999;955;-9999
2;19760;4210-EAG-3;16499;-9999;ClDrain;Cl;-9999;70;;;-9999;956;-9999
3;19760;4210-EAG-3;16499;-9999;ClUitspoeling;Cl;-9999;40;;;-9999;957;-9999
4;19760;4210-EAG-3;16499;-9999;ClAfstroming;Cl;-9999;40;;;-9999;958;-9999
0;19760;4210-EAG-3;16497;2;Qkwel;Flux;Constant;0.0;;;-9999;-9999;9253
1;19760;4210-EAG-3;16498;1;Qkwel;Flux;Constant;-1.42;;;-9999;-9999;9254
2;19760;4210-EAG-3;16499;1;Qkwel;Flux;Constant;0.0;;;-9999;-9999;9255
3;19760;4210-EAG-3;16499;1;Qkwel;Cl;Constant;50.0;;;-9999;-9999;9256
4;19760;4210-EAG-3;16499;1;Qwegz;Flux;Constant;1.42;;;-9999;-9999;9257
