EAGID;EAGCode;BakjeID;Laagvolgorde;ClusterType;ParamType;Waarde;WaardeAlfa;StartDag;Eenheid
113;2400-GAF;113000462;2;Qkwel;Constant;0.0000000000;;;mm/dag
113;2400-GAF;113000463;1;Qkwel;Constant;-0.3300000000;;;mm/dag
113;2400-GAF;113000472;2;Qkwel;Constant;0.0000000000;;;mm/dag
113;2400-GAF;113000473;1;Qkwel;Constant;-0.2200000000;;;mm/dag
113;2400-GAF;113000477;2;Qkwel;Constant;0.0000000000;;;mm/dag
113;2400-GAF;113000478;1;Qkwel;Constant;-0.7500000000;;;mm/dag
113;2400-GAF;113000000;1;Qkwel;Constant;0.0000000000;;;mm/dag
113;2400-GAF;113000000;1;Qwegz;Constant;0.4199284521;;;mm/dag
113;2400-GAF;113000000;1;hTargetMax;ValueSeries;-3.1200000000;;01-10;mNAP
113;2400-GAF;113000000;1;hTargetMax;ValueSeries;-3.0000000000;;01-05;mNAP
113;2400-GAF;113000000;1;hTargetMax;ValueSeries;-3.0000000000;;15-03;mNAP
113;2400-GAF;113000000;1;hTargetMax;ValueSeries;-3.0000000000;;15-08;mNAP
113;2400-GAF;113000000;1;hTargetMin;ValueSeries;-3.1600000000;;01-10;mNAP
113;2400-GAF;113000000;1;hTargetMin;ValueSeries;-3.0500000000;;01-05;mNAP
113;2400-GAF;113000000;1;hTargetMin;ValueSeries;-3.0500000000;;15-03;mNAP
113;2400-GAF;113000000;1;hTargetMin;ValueSeries;-3.0500000000;;15-08;mNAP
113;2400-GAF;-9999;-9999;Inlaat1;ValueSeries;0.0000000000;;01-04;m3/dag
113;2400-GAF;-9999;-9999;Inlaat1;ValueSeries;0.0000000000;;01-10;m3/dag
113;2400-GAF;-9999;-9999;Inlaat2;ValueSeries;0.0000000000;;01-04;m3/dag
113;2400-GAF;-9999;-9999;Inlaat2;ValueSeries;0.0000000000;;01-10;m3/dag
113;2400-GAF;-9999;-9999;Inlaat3;ValueSeries;8000.0000000000;;01-04;m3/dag
113;2400-GAF;-9999;-9999;Inlaat3;ValueSeries;8000.0000000000;;01-10;m3/dag
113;2400-GAF;-9999;-9999;Inlaat4;ValueSeries;0.0000000000;;01-04;m3/dag
113;2400-GAF;-9999;-9999;Inlaat4;ValueSeries;0.0000000000;;01-10;m3/dag
113;2400-GAF;-9999;-9999;Uitlaat1;ValueSeries;0.0000000000;;01-04;m3/dag
113;2400-GAF;-9999;-9999;Uitlaat1;ValueSeries;0.0000000000;;01-10;m3/dag
113;2400-GAF;-9999;-9999;Uitlaat2;ValueSeries;0.0000000000;;01-04;m3/dag
113;2400-GAF;-9999;-9999;Uitlaat2;ValueSeries;0.0000000000;;01-10;m3/dag
113;2400-GAF;-9999;-9999;Uitlaat3;ValueSeries;0.0000000000;;01-04;m3/dag
113;2400-GAF;-9999;-9999;Uitlaat3;ValueSeries;0.0000000000;;01-10;m3/dag
113;2400-GAF;-9999;-9999;Uitlaat4;ValueSeries;0.0000000000;;01-04;m3/dag
113;2400-GAF;-9999;-9999;Uitlaat4;ValueSeries;0.0000000000;;01-10;m3/dag
113;2400-GAF;-9999;-9999;Inlaat1;Local;;;;m3/dag
113;2400-GAF;-9999;-9999;Inlaat2;Local;;;;m3/dag
113;2400-GAF;-9999;-9999;Inlaat3;Local;;;;m3/dag
113;2400-GAF;-9999;-9999;Inlaat4;Local;;;;m3/dag
113;2400-GAF;-9999;-9999;Uitlaat1;Local;;;;m3/dag
113;2400-GAF;-9999;-9999;Uitlaat2;Local;;;;m3/dag
113;2400-GAF;-9999;-9999;Uitlaat3;Local;;;;m3/dag
113;2400-GAF;-9999;-9999;Uitlaat4;Local;;;;m3/dag
113;2400-GAF;-9999;-9999;Gemaal1Debiet Pomp 1;FEWS;;polder|Pompvolumes|60210_pomp_1|Vol.berekend.dag;;m3/dag
113;2400-GAF;-9999;-9999;Neerslag;FEWS;;meteo_meetstation_KNMI|ImportCAW|66005cal|P.meting.dagcal;;mm/dag
113;2400-GAF;-9999;-9999;Peil;FEWS;;polder|Statistiek|60210_polder|H.meting.gem;;mNAP
113;2400-GAF;-9999;-9999;Verdamping;FEWS;;meteo_meetstation_KNMI|ImportCAW|66002_VerdampingCAL|E.metingcal;;mm/dag
113;2400-GAF;-9999;-9999;Gemaal1Debiet Pomp 1;Local;;;;m3/dag
113;2400-GAF;-9999;-9999;Gemaal1Debiet Pomp 2;Local;;;;m3/dag
113;2400-GAF;-9999;-9999;Gemaal2Debiet Pomp 1;Local;;;;m3/dag
113;2400-GAF;-9999;-9999;Gemaal2Debiet Pomp 2;Local;;;;m3/dag
113;2400-GAF;-9999;-9999;Gemaal3Debiet Pomp 1;Local;;;;m3/dag
113;2400-GAF;-9999;-9999;Gemaal3Debiet Pomp 2;Local;;;;m3/dag
113;2400-GAF;-9999;-9999;Neerslag;Local;;;;mm/dag
113;2400-GAF;-9999;-9999;Peil;Local;;;;mNAP
113;2400-GAF;-9999;-9999;Verdamping;Local;;;;mm/dag
