;EAGID;EAGCode;BakjeID;Laagvolgorde;ClusterType;ReeksType;ParamType;Waarde;WaardeAlfa;StartDag;EAGReeksWaardeID;BakjeReeksWaardeID;LaagReeksWaardeID
0;19488;1030-EAG-1;-9999;-9999;Gemaal;Flux;FEWS;;Pompvolumes|64064_pomp_1|Vol.berekend.dag|-999.0;;25508;-9999;-9999
1;19488;1030-EAG-1;-9999;-9999;Gemaal;Flux;FEWS;;Pompvolumes|64064_pomp_2|Vol.berekend.dag|-999.0;;25509;-9999;-9999
2;19488;1030-EAG-1;-9999;-9999;Verdamping;Flux;FEWS;;ImportCAW|66002_VerdampingCAL|E.metingcal|-999.0;;25510;-9999;-9999
3;19488;1030-EAG-1;-9999;-9999;Neerslag;Flux;FEWS;;ImportCAW|66006cal|P.meting.dagcal|-999.0;;25511;-9999;-9999
