;EAGID;EAGCode;BakjeID;Laagvolgorde;ClusterType;ReeksType;ParamType;Waarde;WaardeAlfa;StartDag;EAGReeksWaardeID;BakjeReeksWaardeID;LaagReeksWaardeID
0;19789;6400-EAG-1;-9999;-9999;Peil;Flux;FEWS;;Statistiek|62414_Polderpeil|H.meting.gem|-999.0;;25442;-9999;-9999
1;19789;6400-EAG-1;-9999;-9999;Gemaal;Flux;FEWS;;Pompvolumes|64397_pomp_1|Vol.berekend.dag|-999.0;;25443;-9999;-9999
2;19789;6400-EAG-1;-9999;-9999;Gemaal;Flux;FEWS;;Pompvolumes|64397_pomp_2|Vol.berekend.dag|-999.0;;25444;-9999;-9999
3;19789;6400-EAG-1;-9999;-9999;Verdamping;Flux;FEWS;;ImportCAW|66002_VerdampingCAL|E.metingcal|-999.0;;25445;-9999;-9999
4;19789;6400-EAG-1;-9999;-9999;Neerslag;Flux;FEWS;;ImportCAW|66006cal|P.meting.dagcal|-999.0;;25446;-9999;-9999
