;EAGID;EAGCode;BakjeID;Laagvolgorde;ClusterType;ReeksType;ParamType;Waarde;WaardeAlfa;StartDag;EAGReeksWaardeID;BakjeReeksWaardeID;LaagReeksWaardeID
0;19685;3300-EAG-9;-9999;-9999;Verdamping;Flux;FEWS;;ImportCAW|66003_VerdampingCAl|E.metingcal|-999.0;;25118;-9999;-9999
1;19685;3300-EAG-9;-9999;-9999;Neerslag;Flux;FEWS;;ImportCAW|66011cal|P.meting.dagcal|-999.0;;25119;-9999;-9999
2;19685;3300-EAG-9;-9999;-9999;Peil;Flux;FEWS;;Statistiek|70040_Polderpeil|H.meting.gem|-999.0;;25120;-9999;-9999
3;19685;3300-EAG-9;-9999;-9999;Peil;Flux;FEWS;;Statistiek|70041_Polderpeil|H.meting.gem|-999.0;;25121;-9999;-9999
