EAGID;EAGCode;BakjeID;Laagvolgorde;ClusterType;ParamType;Waarde;WaardeAlfa;StartDag;Eenheid
128;2500-GAF;128000542;2;Qkwel;Constant;-2.0000000000;;;mm/dag
128;2500-GAF;128000543;1;Qkwel;Constant;-2.0500000000;;;mm/dag
128;2500-GAF;128000547;2;Qkwel;Constant;-2.0000000000;;;mm/dag
128;2500-GAF;128000548;1;Qkwel;Constant;-1.5100000000;;;mm/dag
128;2500-GAF;128000552;2;Qkwel;Constant;-2.0000000000;;;mm/dag
128;2500-GAF;128000553;1;Qkwel;Constant;-3.4100000000;;;mm/dag
128;2500-GAF;128000557;2;Qkwel;Constant;-2.0000000000;;;mm/dag
128;2500-GAF;128000558;1;Qkwel;Constant;-1.9000000000;;;mm/dag
128;2500-GAF;128000000;1;Qkwel;Constant;0.0000000000;;;mm/dag
128;2500-GAF;128000000;1;Qwegz;Constant;3.0200000000;;;mm/dag
128;2500-GAF;128000000;1;hTargetMax;ValueSeries;-2.0500000000;;01-05;mNAP
128;2500-GAF;128000000;1;hTargetMax;ValueSeries;-2.0500000000;;01-10;mNAP
128;2500-GAF;128000000;1;hTargetMax;ValueSeries;-2.0500000000;;15-03;mNAP
128;2500-GAF;128000000;1;hTargetMax;ValueSeries;-2.0500000000;;15-08;mNAP
128;2500-GAF;128000000;1;hTargetMin;ValueSeries;-2.2000000000;;01-05;mNAP
128;2500-GAF;128000000;1;hTargetMin;ValueSeries;-2.2000000000;;01-10;mNAP
128;2500-GAF;128000000;1;hTargetMin;ValueSeries;-2.2000000000;;15-03;mNAP
128;2500-GAF;128000000;1;hTargetMin;ValueSeries;-2.2000000000;;15-08;mNAP
128;2500-GAF;-9999;-9999;Inlaat1;ValueSeries;17000.0000000000;;01-04;m3/dag
128;2500-GAF;-9999;-9999;Inlaat1;ValueSeries;0.0000000000;;01-10;m3/dag
128;2500-GAF;-9999;-9999;Inlaat2;ValueSeries;0.0000000000;;01-04;m3/dag
128;2500-GAF;-9999;-9999;Inlaat2;ValueSeries;0.0000000000;;01-10;m3/dag
128;2500-GAF;-9999;-9999;Inlaat3;ValueSeries;0.0000000000;;01-04;m3/dag
128;2500-GAF;-9999;-9999;Inlaat3;ValueSeries;0.0000000000;;01-10;m3/dag
128;2500-GAF;-9999;-9999;Inlaat4;ValueSeries;0.0000000000;;01-04;m3/dag
128;2500-GAF;-9999;-9999;Inlaat4;ValueSeries;0.0000000000;;01-10;m3/dag
128;2500-GAF;-9999;-9999;Uitlaat1;ValueSeries;3000.0000000000;;01-04;m3/dag
128;2500-GAF;-9999;-9999;Uitlaat1;ValueSeries;0.0000000000;;01-10;m3/dag
128;2500-GAF;-9999;-9999;Uitlaat2;ValueSeries;1000.0000000000;;01-04;m3/dag
128;2500-GAF;-9999;-9999;Uitlaat2;ValueSeries;0.0000000000;;01-10;m3/dag
128;2500-GAF;-9999;-9999;Uitlaat3;ValueSeries;0.0000000000;;01-04;m3/dag
128;2500-GAF;-9999;-9999;Uitlaat3;ValueSeries;0.0000000000;;01-10;m3/dag
128;2500-GAF;-9999;-9999;Uitlaat4;ValueSeries;0.0000000000;;01-04;m3/dag
128;2500-GAF;-9999;-9999;Uitlaat4;ValueSeries;0.0000000000;;01-10;m3/dag
128;2500-GAF;-9999;-9999;Inlaat1;FEWS;;polder|Pompvolumes|60010_pomp_3|Vol.berekend.dag;;m3/dag
128;2500-GAF;-9999;-9999;Inlaat2;FEWS;;polder|Pompvolumes|60011_pomp_1|Vol.berekend.dag;;m3/dag
128;2500-GAF;-9999;-9999;Inlaat3;FEWS;;polder|Pompvolumes|60017_Pomp1|Vol.berekend.dag;;m3/dag
128;2500-GAF;-9999;-9999;Inlaat4;FEWS;;polder|Pompvolumes|60012_pomp_1|Vol.berekend.dag;;m3/dag
128;2500-GAF;-9999;-9999;Inlaat1;Local;;;;m3/dag
128;2500-GAF;-9999;-9999;Inlaat2;Local;;;;m3/dag
128;2500-GAF;-9999;-9999;Inlaat3;Local;;;;m3/dag
128;2500-GAF;-9999;-9999;Inlaat4;Local;;;;m3/dag
128;2500-GAF;-9999;-9999;Uitlaat1;Local;;;;m3/dag
128;2500-GAF;-9999;-9999;Uitlaat2;Local;;;;m3/dag
128;2500-GAF;-9999;-9999;Uitlaat3;Local;;;;m3/dag
128;2500-GAF;-9999;-9999;Uitlaat4;Local;;;;m3/dag
128;2500-GAF;-9999;-9999;Gemaal1Debiet Pomp 1;FEWS;;polder|Pompvolumes|60010_pomp_1|Vol.berekend.dag;;m3/dag
128;2500-GAF;-9999;-9999;Gemaal1Debiet Pomp 2;FEWS;;polder|Pompvolumes|60010_pomp_2|Vol.berekend.dag;;m3/dag
128;2500-GAF;-9999;-9999;Gemaal2Debiet Pomp 1;FEWS;;polder|Pompvolumes|60009_pomp_1|Vol.berekend.dag;;m3/dag
128;2500-GAF;-9999;-9999;Gemaal2Debiet Pomp 2;FEWS;;polder|Pompvolumes|60009_pomp_2|Vol.berekend.dag;;m3/dag
128;2500-GAF;-9999;-9999;Neerslag;FEWS;;meteo_meetstation_KNMI|ImportCAW|66011cal|P.meting.dagcal;;mm/dag
128;2500-GAF;-9999;-9999;Peil;FEWS;;polder|Statistiek|60010_vinkeveense_plassen|H.meting.gem;;mNAP
128;2500-GAF;-9999;-9999;Verdamping;FEWS;;meteo_meetstation_KNMI|ImportCAW|66002_VerdampingCAL|E.metingcal;;mm/dag
128;2500-GAF;-9999;-9999;Gemaal1Debiet Pomp 1;Local;;;;m3/dag
128;2500-GAF;-9999;-9999;Gemaal1Debiet Pomp 2;Local;;;;m3/dag
128;2500-GAF;-9999;-9999;Gemaal2Debiet Pomp 1;Local;;;;m3/dag
128;2500-GAF;-9999;-9999;Gemaal2Debiet Pomp 2;Local;;;;m3/dag
128;2500-GAF;-9999;-9999;Gemaal3Debiet Pomp 1;Local;;;;m3/dag
128;2500-GAF;-9999;-9999;Gemaal3Debiet Pomp 2;Local;;;;m3/dag
128;2500-GAF;-9999;-9999;Neerslag;Local;;;;mm/dag
128;2500-GAF;-9999;-9999;Peil;Local;;;;mNAP
128;2500-GAF;-9999;-9999;Verdamping;Local;;;;mm/dag
