EAGID;EAGCode;BakjeID;Laagvolgorde;ClusterType;ParamType;Waarde;WaardeAlfa;StartDag;Eenheid
550;3370-EAG-1-2-3;550002003;1;Qkwel;ValueSeries;-0.2019634876;;01-04;mm/dag
550;3370-EAG-1-2-3;550002003;1;Qkwel;ValueSeries;0.5056704842;;01-10;mm/dag
550;3370-EAG-1-2-3;550002008;1;Qkwel;ValueSeries;-1.1933751638;;01-10;mm/dag
550;3370-EAG-1-2-3;550002008;1;Qkwel;ValueSeries;-1.1155779507;;01-04;mm/dag
550;3370-EAG-1-2-3;550002013;1;Qkwel;ValueSeries;-0.1617831328;;01-04;mm/dag
550;3370-EAG-1-2-3;550002013;1;Qkwel;ValueSeries;0.5810568720;;01-10;mm/dag
550;3370-EAG-1-2-3;550000000;1;Qkwel;ValueSeries;0.0000000000;;01-04;mm/dag
550;3370-EAG-1-2-3;550000000;1;Qkwel;ValueSeries;0.3923621113;;01-10;mm/dag
550;3370-EAG-1-2-3;550000000;1;Qwegz;ValueSeries;0.0000000000;;01-10;mm/dag
550;3370-EAG-1-2-3;550000000;1;Qwegz;ValueSeries;0.2630155656;;01-04;mm/dag
550;3370-EAG-1-2-3;550000000;1;hTargetMax;ValueSeries;-0.6300000000;;01-10;mNAP
550;3370-EAG-1-2-3;550000000;1;hTargetMax;ValueSeries;-0.4300000000;;01-05;mNAP
550;3370-EAG-1-2-3;550000000;1;hTargetMax;ValueSeries;-0.4300000000;;15-03;mNAP
550;3370-EAG-1-2-3;550000000;1;hTargetMax;ValueSeries;-0.4300000000;;15-08;mNAP
550;3370-EAG-1-2-3;550000000;1;hTargetMin;ValueSeries;-0.6700000000;;01-10;mNAP
550;3370-EAG-1-2-3;550000000;1;hTargetMin;ValueSeries;-0.6700000000;;15-03;mNAP
550;3370-EAG-1-2-3;550000000;1;hTargetMin;ValueSeries;-0.4700000000;;01-05;mNAP
550;3370-EAG-1-2-3;550000000;1;hTargetMin;ValueSeries;-0.4700000000;;15-08;mNAP
550;3370-EAG-1-2-3;-9999;-9999;Inlaat1;ValueSeries;10000.0000000000;;01-04;m3/dag
550;3370-EAG-1-2-3;-9999;-9999;Inlaat1;ValueSeries;0.0000000000;;01-10;m3/dag
550;3370-EAG-1-2-3;-9999;-9999;Inlaat2;ValueSeries;0.0000000000;;01-04;m3/dag
550;3370-EAG-1-2-3;-9999;-9999;Inlaat2;ValueSeries;0.0000000000;;01-10;m3/dag
550;3370-EAG-1-2-3;-9999;-9999;Inlaat3;ValueSeries;0.0000000000;;01-04;m3/dag
550;3370-EAG-1-2-3;-9999;-9999;Inlaat3;ValueSeries;0.0000000000;;01-10;m3/dag
550;3370-EAG-1-2-3;-9999;-9999;Inlaat4;ValueSeries;0.0000000000;;01-04;m3/dag
550;3370-EAG-1-2-3;-9999;-9999;Inlaat4;ValueSeries;0.0000000000;;01-10;m3/dag
550;3370-EAG-1-2-3;-9999;-9999;Uitlaat1;ValueSeries;500.0000000000;;01-04;m3/dag
550;3370-EAG-1-2-3;-9999;-9999;Uitlaat1;ValueSeries;0.0000000000;;01-10;m3/dag
550;3370-EAG-1-2-3;-9999;-9999;Uitlaat2;ValueSeries;0.0000000000;;01-04;m3/dag
550;3370-EAG-1-2-3;-9999;-9999;Uitlaat2;ValueSeries;0.0000000000;;01-10;m3/dag
550;3370-EAG-1-2-3;-9999;-9999;Uitlaat3;ValueSeries;0.0000000000;;01-04;m3/dag
550;3370-EAG-1-2-3;-9999;-9999;Uitlaat3;ValueSeries;0.0000000000;;01-10;m3/dag
550;3370-EAG-1-2-3;-9999;-9999;Uitlaat4;ValueSeries;0.0000000000;;01-04;m3/dag
550;3370-EAG-1-2-3;-9999;-9999;Uitlaat4;ValueSeries;0.0000000000;;01-10;m3/dag
550;3370-EAG-1-2-3;-9999;-9999;Inlaat2;FEWS;;Berekende uitlaat 3370-EAG-4 (rekenhart AD);;m3/dag
550;3370-EAG-1-2-3;-9999;-9999;Inlaat1;Local;;;;m3/dag
550;3370-EAG-1-2-3;-9999;-9999;Inlaat2;Local;;;;m3/dag
550;3370-EAG-1-2-3;-9999;-9999;Inlaat3;Local;;;;m3/dag
550;3370-EAG-1-2-3;-9999;-9999;Inlaat4;Local;;;;m3/dag
550;3370-EAG-1-2-3;-9999;-9999;Uitlaat1;Local;;;;m3/dag
550;3370-EAG-1-2-3;-9999;-9999;Uitlaat2;Local;;;;m3/dag
550;3370-EAG-1-2-3;-9999;-9999;Uitlaat3;Local;;;;m3/dag
550;3370-EAG-1-2-3;-9999;-9999;Uitlaat4;Local;;;;m3/dag
550;3370-EAG-1-2-3;-9999;-9999;Gemaal1Debiet Pomp 1;FEWS;;polder|Pompvolumes|62001_pomp_1|Vol.berekend.dag;;m3/dag
550;3370-EAG-1-2-3;-9999;-9999;Neerslag;FEWS;;meteo_meetstation_KNMI|ImportCAW|66014cal|P.meting.dagcal;;mm/dag
550;3370-EAG-1-2-3;-9999;-9999;Peil;FEWS;;polder|Statistiek|62001_polder|H.meting.gem;;mNAP
550;3370-EAG-1-2-3;-9999;-9999;Verdamping;FEWS;;meteo_meetstation_KNMI|ImportCAW|66002_VerdampingCAL|E.metingcal;;mm/dag
550;3370-EAG-1-2-3;-9999;-9999;Gemaal1Debiet Pomp 1;Local;;;;m3/dag
550;3370-EAG-1-2-3;-9999;-9999;Gemaal1Debiet Pomp 2;Local;;;;m3/dag
550;3370-EAG-1-2-3;-9999;-9999;Gemaal2Debiet Pomp 1;Local;;;;m3/dag
550;3370-EAG-1-2-3;-9999;-9999;Gemaal2Debiet Pomp 2;Local;;;;m3/dag
550;3370-EAG-1-2-3;-9999;-9999;Gemaal3Debiet Pomp 1;Local;;;;m3/dag
550;3370-EAG-1-2-3;-9999;-9999;Gemaal3Debiet Pomp 2;Local;;;;m3/dag
550;3370-EAG-1-2-3;-9999;-9999;Neerslag;Local;;;;mm/dag
550;3370-EAG-1-2-3;-9999;-9999;Peil;Local;;;;mNAP
550;3370-EAG-1-2-3;-9999;-9999;Verdamping;Local;;;;mm/dag
