;EAGID;EAGCode;BakjeID;Laagvolgorde;ClusterType;ReeksType;ParamType;Waarde;WaardeAlfa;StartDag;EAGReeksWaardeID;BakjeReeksWaardeID;LaagReeksWaardeID
0;19547;2270-EAG-1;-9999;-9999;Gemaal;Flux;FEWS;;Pompvolumes|60140_pomp_1|Vol.berekend.dag|-999.0;;24798;-9999;-9999
1;19547;2270-EAG-1;-9999;-9999;Verdamping;Flux;FEWS;;ImportCAW|66002_VerdampingCAL|E.metingcal|-999.0;;24799;-9999;-9999
2;19547;2270-EAG-1;-9999;-9999;Neerslag;Flux;FEWS;;ImportCAW|66006cal|P.meting.dagcal|-999.0;;24800;-9999;-9999
3;19547;2270-EAG-1;-9999;-9999;Peil;Flux;FEWS;;Statistiek|70303_Polderpeil|H.meting.gem|-999.0;;24801;-9999;-9999
4;19547;2270-EAG-1;-9999;-9999;Peil;Flux;FEWS;;Statistiek|70601_Polderpeil|H.meting.gem|-999.0;;24802;-9999;-9999
