EAGID;EAGCode;BakjeID;Laagvolgorde;ClusterType;ParamType;Waarde;WaardeAlfa;StartDag;Eenheid
46;2120-GAF;46000062;2;Qkwel;Constant;0.5000000000;;;mm/dag
46;2120-GAF;46000063;1;Qkwel;Constant;0.6000000000;;;mm/dag
46;2120-GAF;46000067;2;Qkwel;Constant;0.5000000000;;;mm/dag
46;2120-GAF;46000068;1;Qkwel;Constant;-1.0000000000;;;mm/dag
46;2120-GAF;46000072;2;Qkwel;Constant;0.5000000000;;;mm/dag
46;2120-GAF;46000073;1;Qkwel;Constant;0.4000000000;;;mm/dag
46;2120-GAF;46000074;2;Qkwel;Constant;0.5000000000;;;mm/dag
46;2120-GAF;46000078;1;Qkwel;Constant;0.0000000000;;;mm/dag
46;2120-GAF;46000000;1;Qkwel;Constant;0.2637798588;;;mm/dag
46;2120-GAF;46000000;1;Qwegz;Constant;0.0000000000;;;mm/dag
46;2120-GAF;46000000;1;hTargetMax;ValueSeries;-5.8900000000;;01-05;mNAP
46;2120-GAF;46000000;1;hTargetMax;ValueSeries;-5.8900000000;;01-10;mNAP
46;2120-GAF;46000000;1;hTargetMax;ValueSeries;-5.8900000000;;15-03;mNAP
46;2120-GAF;46000000;1;hTargetMax;ValueSeries;-5.8900000000;;15-08;mNAP
46;2120-GAF;46000000;1;hTargetMin;ValueSeries;-5.9600000000;;01-05;mNAP
46;2120-GAF;46000000;1;hTargetMin;ValueSeries;-5.9600000000;;01-10;mNAP
46;2120-GAF;46000000;1;hTargetMin;ValueSeries;-5.9600000000;;15-03;mNAP
46;2120-GAF;46000000;1;hTargetMin;ValueSeries;-5.9600000000;;15-08;mNAP
46;2120-GAF;-9999;-9999;Inlaat1;ValueSeries;4000.0000000000;;01-04;m3/dag
46;2120-GAF;-9999;-9999;Inlaat1;ValueSeries;2000.0000000000;;01-10;m3/dag
46;2120-GAF;-9999;-9999;Inlaat2;ValueSeries;750.0000000000;;01-04;m3/dag
46;2120-GAF;-9999;-9999;Inlaat2;ValueSeries;500.0000000000;;01-10;m3/dag
46;2120-GAF;-9999;-9999;Inlaat3;ValueSeries;0.0000000000;;01-04;m3/dag
46;2120-GAF;-9999;-9999;Inlaat3;ValueSeries;0.0000000000;;01-10;m3/dag
46;2120-GAF;-9999;-9999;Inlaat4;ValueSeries;0.0000000000;;01-04;m3/dag
46;2120-GAF;-9999;-9999;Inlaat4;ValueSeries;0.0000000000;;01-10;m3/dag
46;2120-GAF;-9999;-9999;Uitlaat1;ValueSeries;0.0000000000;;01-04;m3/dag
46;2120-GAF;-9999;-9999;Uitlaat1;ValueSeries;0.0000000000;;01-10;m3/dag
46;2120-GAF;-9999;-9999;Uitlaat2;ValueSeries;0.0000000000;;01-04;m3/dag
46;2120-GAF;-9999;-9999;Uitlaat2;ValueSeries;0.0000000000;;01-10;m3/dag
46;2120-GAF;-9999;-9999;Uitlaat3;ValueSeries;0.0000000000;;01-04;m3/dag
46;2120-GAF;-9999;-9999;Uitlaat3;ValueSeries;0.0000000000;;01-10;m3/dag
46;2120-GAF;-9999;-9999;Uitlaat4;ValueSeries;0.0000000000;;01-04;m3/dag
46;2120-GAF;-9999;-9999;Uitlaat4;ValueSeries;0.0000000000;;01-10;m3/dag
46;2120-GAF;-9999;-9999;Inlaat1;Local;;;;m3/dag
46;2120-GAF;-9999;-9999;Inlaat2;Local;;;;m3/dag
46;2120-GAF;-9999;-9999;Inlaat3;Local;;;;m3/dag
46;2120-GAF;-9999;-9999;Inlaat4;Local;;;;m3/dag
46;2120-GAF;-9999;-9999;Uitlaat1;Local;;;;m3/dag
46;2120-GAF;-9999;-9999;Uitlaat2;Local;;;;m3/dag
46;2120-GAF;-9999;-9999;Uitlaat3;Local;;;;m3/dag
46;2120-GAF;-9999;-9999;Uitlaat4;Local;;;;m3/dag
46;2120-GAF;-9999;-9999;Gemaal1Debiet Pomp 1;FEWS;;polder|Pompvolumes|60120_pomp_1|Vol.berekend.dag;;m3/dag
46;2120-GAF;-9999;-9999;Gemaal1Debiet Pomp 2;FEWS;;polder|Pompvolumes|60120_pomp_2|Vol.berekend.dag;;m3/dag
46;2120-GAF;-9999;-9999;Gemaal2Debiet Pomp 1;FEWS;;polder|Pompvolumes|60120_pomp_3|Vol.berekend.dag;;m3/dag
46;2120-GAF;-9999;-9999;Neerslag;FEWS;;meteo_meetstation_KNMI|ImportCAW|66004cal|P.meting.dagcal;;mm/dag
46;2120-GAF;-9999;-9999;Peil;FEWS;;polder|Statistiek|60120_polder|H.meting.gem;;mNAP
46;2120-GAF;-9999;-9999;Verdamping;FEWS;;meteo_meetstation_KNMI|ImportCAW|66002_VerdampingCAL|E.metingcal;;mm/dag
46;2120-GAF;-9999;-9999;Gemaal1Debiet Pomp 1;Local;;;;m3/dag
46;2120-GAF;-9999;-9999;Gemaal1Debiet Pomp 2;Local;;;;m3/dag
46;2120-GAF;-9999;-9999;Gemaal2Debiet Pomp 1;Local;;;;m3/dag
46;2120-GAF;-9999;-9999;Gemaal2Debiet Pomp 2;Local;;;;m3/dag
46;2120-GAF;-9999;-9999;Gemaal3Debiet Pomp 1;Local;;;;m3/dag
46;2120-GAF;-9999;-9999;Gemaal3Debiet Pomp 2;Local;;;;m3/dag
46;2120-GAF;-9999;-9999;Neerslag;Local;;;;mm/dag
46;2120-GAF;-9999;-9999;Peil;Local;;;;mNAP
46;2120-GAF;-9999;-9999;Verdamping;Local;;;;mm/dag
