;EAGID;EAGCode;BakjeID;Laagvolgorde;ClusterType;ParamType;Waarde;WaardeAlfa;StartDag
0;1564;2230-GAF;1564000000;-9999;ClAfstroming;-9999;25.0;;
1;1564;2230-GAF;1564000000;-9999;ClDrain;-9999;70.0;;
2;1564;2230-GAF;1564000000;-9999;ClKwel;-9999;120.0;;
3;1564;2230-GAF;1564000000;-9999;ClNeerslag;-9999;6.0;;
4;1564;2230-GAF;1564000000;-9999;ClRiolering;-9999;100.0;;
5;1564;2230-GAF;1564000000;-9999;ClUitspoeling;-9999;85.0;;
6;1564;2230-GAF;1564000000;-9999;ClVerhard;-9999;10.0;;
0;1564;2230-GAF;1564045755;1;Qkwel;Constant;0.0;;
1;1564;2230-GAF;1564045756;1;Qkwel;ValueSeries;-0.55;;01-04
2;1564;2230-GAF;1564045756;1;Qkwel;ValueSeries;0.0;;01-10
3;1564;2230-GAF;1564045757;1;Qkwel;ValueSeries;-0.55;;01-04
4;1564;2230-GAF;1564045757;1;Qkwel;ValueSeries;0.0;;01-10
5;1564;2230-GAF;1564045761;1;Qkwel;ValueSeries;-0.55;;01-04
6;1564;2230-GAF;1564045761;1;Qkwel;ValueSeries;0.0;;01-10
7;1564;2230-GAF;1564045762;1;Qkwel;ValueSeries;-0.55;;01-04
8;1564;2230-GAF;1564045762;1;Qkwel;ValueSeries;0.0;;01-10
9;1564;2230-GAF;1564045765;1;Qkwel;Constant;0.0;;
10;1564;2230-GAF;1564045766;1;Qkwel;ValueSeries;-0.55;;01-04
11;1564;2230-GAF;1564045766;1;Qkwel;ValueSeries;0.0;;01-10
12;1564;2230-GAF;1564045767;1;Qkwel;ValueSeries;-0.55;;01-04
13;1564;2230-GAF;1564045767;1;Qkwel;ValueSeries;0.0;;01-10
0;1564;2230-GAF;1564000000;1;Qkwel;Constant;0.0;;
1;1564;2230-GAF;1564000000;1;Qwegz;ValueSeries;0.0;;01-10
2;1564;2230-GAF;1564000000;1;Qwegz;ValueSeries;0.5499999765;;01-04
0;1564;2230-GAF;1564000000;1;hTargetMax;ValueSeries;0.0;;01-05
1;1564;2230-GAF;1564000000;1;hTargetMax;ValueSeries;0.0;;01-10
2;1564;2230-GAF;1564000000;1;hTargetMax;ValueSeries;0.0;;15-03
3;1564;2230-GAF;1564000000;1;hTargetMax;ValueSeries;0.0;;15-08
4;1564;2230-GAF;1564000000;1;hTargetMin;ValueSeries;0.0;;01-05
5;1564;2230-GAF;1564000000;1;hTargetMin;ValueSeries;0.0;;01-10
6;1564;2230-GAF;1564000000;1;hTargetMin;ValueSeries;0.0;;15-03
7;1564;2230-GAF;1564000000;1;hTargetMin;ValueSeries;0.0;;15-08
