;EAGID;EAGCode;BakjeID;Laagvolgorde;ClusterType;ParamType;Waarde;WaardeAlfa;StartDag
0;1339;3201-EAG-3;1339000000;-9999;ClAfstroming;-9999;30.0;;
1;1339;3201-EAG-3;1339000000;-9999;ClDrain;-9999;30.0;;
2;1339;3201-EAG-3;1339000000;-9999;ClKwel;-9999;80.0;;
3;1339;3201-EAG-3;1339000000;-9999;ClNeerslag;-9999;6.0;;
4;1339;3201-EAG-3;1339000000;-9999;ClRiolering;-9999;100.0;;
5;1339;3201-EAG-3;1339000000;-9999;ClUitspoeling;-9999;50.0;;
6;1339;3201-EAG-3;1339000000;-9999;ClVerhard;-9999;10.0;;
0;1339;3201-EAG-3;1339046250;1;Qkwel;Constant;0.86;;
1;1339;3201-EAG-3;1339046251;1;Qkwel;Constant;-0.79;;
0;1339;3201-EAG-3;1339000000;1;Qkwel;Constant;0.86;;
1;1339;3201-EAG-3;1339000000;1;Qwegz;Constant;0.83;;
0;1339;3201-EAG-3;1339000000;1;hTargetMax;ValueSeries;-1.36;;01-05
1;1339;3201-EAG-3;1339000000;1;hTargetMax;ValueSeries;-1.36;;01-10
2;1339;3201-EAG-3;1339000000;1;hTargetMax;ValueSeries;-1.36;;15-03
3;1339;3201-EAG-3;1339000000;1;hTargetMax;ValueSeries;-1.36;;15-08
4;1339;3201-EAG-3;1339000000;1;hTargetMin;ValueSeries;-1.38;;01-05
5;1339;3201-EAG-3;1339000000;1;hTargetMin;ValueSeries;-1.38;;01-10
6;1339;3201-EAG-3;1339000000;1;hTargetMin;ValueSeries;-1.38;;15-03
7;1339;3201-EAG-3;1339000000;1;hTargetMin;ValueSeries;-1.38;;15-08
