;EAGID;EAGCode;BakjeID;Laagvolgorde;ClusterType;ReeksType;ParamType;Waarde;WaardeAlfa;StartDag;EAGReeksWaardeID;BakjeReeksWaardeID;LaagReeksWaardeID
0;19624;2620-EAG-1;-9999;-9999;Gemaal;Flux;FEWS;;Pompvolumes|60060_pomp_3|Vol.berekend.dag|-999.0;;24714;-9999;-9999
1;19624;2620-EAG-1;-9999;-9999;Gemaal;Flux;FEWS;;Pompvolumes|60065_pomp_1|Vol.berekend.dag|-999.0;;24715;-9999;-9999
2;19624;2620-EAG-1;-9999;-9999;Gemaal;Flux;FEWS;;Pompvolumes|60065_pomp_2|Vol.berekend.dag|-999.0;;24716;-9999;-9999
3;19624;2620-EAG-1;-9999;-9999;Verdamping;Flux;FEWS;;ImportCAW|66002_VerdampingCAL|E.metingcal|-999.0;;24717;-9999;-9999
4;19624;2620-EAG-1;-9999;-9999;Neerslag;Flux;FEWS;;ImportCAW|66017cal|P.meting.dagcal|-999.0;;24718;-9999;-9999
