;EAGID;EAGCode;BakjeID;Laagvolgorde;ClusterType;ParamType;Waarde;WaardeAlfa;StartDag
0;1403;3360-EAG-16;1403000000;-9999;ClAfstroming;-9999;15.0;;
1;1403;3360-EAG-16;1403000000;-9999;ClDrain;-9999;100.0;;
2;1403;3360-EAG-16;1403000000;-9999;ClKwel;-9999;10.0;;
3;1403;3360-EAG-16;1403000000;-9999;ClNeerslag;-9999;10.0;;
4;1403;3360-EAG-16;1403000000;-9999;ClRiolering;-9999;100.0;;
5;1403;3360-EAG-16;1403000000;-9999;ClUitspoeling;-9999;15.0;;
6;1403;3360-EAG-16;1403000000;-9999;ClVerhard;-9999;10.0;;
0;1403;3360-EAG-16;1403046465;1;Qkwel;Constant;0.0;;
1;1403;3360-EAG-16;1403046466;1;Qkwel;ValueSeries;-1.7;;01-10
2;1403;3360-EAG-16;1403046466;1;Qkwel;ValueSeries;-1.44;;01-04
0;1403;3360-EAG-16;1403000000;1;Qkwel;Constant;0.0;;
1;1403;3360-EAG-16;1403000000;1;Qwegz;ValueSeries;1.44;;01-04
2;1403;3360-EAG-16;1403000000;1;Qwegz;ValueSeries;1.7;;01-10
0;1403;3360-EAG-16;1403000000;1;hTargetMax;ValueSeries;-1.0;;01-05
1;1403;3360-EAG-16;1403000000;1;hTargetMax;ValueSeries;-1.0;;01-10
2;1403;3360-EAG-16;1403000000;1;hTargetMax;ValueSeries;-1.0;;15-03
3;1403;3360-EAG-16;1403000000;1;hTargetMax;ValueSeries;-1.0;;15-08
4;1403;3360-EAG-16;1403000000;1;hTargetMin;ValueSeries;-1.2;;01-05
5;1403;3360-EAG-16;1403000000;1;hTargetMin;ValueSeries;-1.2;;01-10
6;1403;3360-EAG-16;1403000000;1;hTargetMin;ValueSeries;-1.2;;15-03
7;1403;3360-EAG-16;1403000000;1;hTargetMin;ValueSeries;-1.2;;15-08
