;EAGID;EAGCode;BakjeID;Laagvolgorde;ClusterType;ParamType;Waarde;WaardeAlfa;StartDag
0;1419;3370-EAG-5;1419000000;-9999;ClAfstroming;-9999;10.0;;
1;1419;3370-EAG-5;1419000000;-9999;ClDrain;-9999;150.0;;
2;1419;3370-EAG-5;1419000000;-9999;ClKwel;-9999;30.0;;
3;1419;3370-EAG-5;1419000000;-9999;ClNeerslag;-9999;6.0;;
4;1419;3370-EAG-5;1419000000;-9999;ClRiolering;-9999;100.0;;
5;1419;3370-EAG-5;1419000000;-9999;ClUitspoeling;-9999;30.0;;
6;1419;3370-EAG-5;1419000000;-9999;ClVerhard;-9999;10.0;;
0;1419;3370-EAG-5;1419046551;1;Qkwel;ValueSeries;0.18;;01-04
1;1419;3370-EAG-5;1419046551;1;Qkwel;ValueSeries;3.81;;01-10
0;1419;3370-EAG-5;1419000000;1;Qkwel;ValueSeries;0.18;;01-04
1;1419;3370-EAG-5;1419000000;1;Qkwel;ValueSeries;3.81;;01-10
2;1419;3370-EAG-5;1419000000;1;Qwegz;Constant;0.0;;
0;1419;3370-EAG-5;1419000000;1;hTargetMax;ValueSeries;-0.4;;01-10
1;1419;3370-EAG-5;1419000000;1;hTargetMax;ValueSeries;-0.4;;15-03
2;1419;3370-EAG-5;1419000000;1;hTargetMax;ValueSeries;0.0;;01-05
3;1419;3370-EAG-5;1419000000;1;hTargetMax;ValueSeries;0.0;;15-08
4;1419;3370-EAG-5;1419000000;1;hTargetMin;ValueSeries;-1.0;;01-05
5;1419;3370-EAG-5;1419000000;1;hTargetMin;ValueSeries;-1.0;;01-10
6;1419;3370-EAG-5;1419000000;1;hTargetMin;ValueSeries;-1.0;;15-03
7;1419;3370-EAG-5;1419000000;1;hTargetMin;ValueSeries;-1.0;;15-08
