;EAGID;EAGCode;BakjeID;Laagvolgorde;ClusterType;ReeksType;ParamType;Waarde;WaardeAlfa;StartDag;EAGReeksWaardeID;BakjeReeksWaardeID;LaagReeksWaardeID
0;19723;3360-EAG-2;-9999;-9999;Inlaat;Flux;ValueSeries;100.0;;01-04;24540;-9999;-9999
1;19723;3360-EAG-2;-9999;-9999;Inlaat;Flux;ValueSeries;100.0;;01-10;24541;-9999;-9999
2;19723;3360-EAG-2;-9999;-9999;Verdamping;Flux;FEWS;;ImportCAW|66003_VerdampingCAl|E.metingcal|-999.0;;25294;-9999;-9999
3;19723;3360-EAG-2;-9999;-9999;Neerslag;Flux;FEWS;;ImportCAW|66014cal|P.meting.dagcal|-999.0;;25295;-9999;-9999
0;19723;3360-EAG-2;16461;-9999;ClVerhard;Cl;-9999;10.0;;;-9999;884;-9999
1;19723;3360-EAG-2;16461;-9999;ClRiolering;Cl;-9999;100.0;;;-9999;885;-9999
2;19723;3360-EAG-2;16461;-9999;ClDrain;Cl;-9999;150.0;;;-9999;886;-9999
3;19723;3360-EAG-2;16461;-9999;ClUitspoeling;Cl;-9999;30.0;;;-9999;887;-9999
4;19723;3360-EAG-2;16461;-9999;ClAfstroming;Cl;-9999;10.0;;;-9999;888;-9999
0;19723;3360-EAG-2;16460;1;Qkwel;Flux;ValueSeries;-1.05;;01-04;-9999;-9999;9154
1;19723;3360-EAG-2;16460;1;Qkwel;Flux;ValueSeries;-1.3;;01-10;-9999;-9999;9155
2;19723;3360-EAG-2;16461;1;Qkwel;Cl;Constant;30.0;;;-9999;-9999;9156
3;19723;3360-EAG-2;16461;1;Qkwel;Flux;ValueSeries;0.0;;01-04;-9999;-9999;9157
4;19723;3360-EAG-2;16461;1;Qkwel;Flux;ValueSeries;0.0;;01-10;-9999;-9999;9159
5;19723;3360-EAG-2;16461;1;Qwegz;Flux;ValueSeries;1.05;;01-04;-9999;-9999;9158
6;19723;3360-EAG-2;16461;1;Qwegz;Flux;ValueSeries;1.3;;01-10;-9999;-9999;9160
