;EAGID;EAGCode;BakjeID;Laagvolgorde;ClusterType;ReeksType;ParamType;Waarde;WaardeAlfa;StartDag;EAGReeksWaardeID;BakjeReeksWaardeID;LaagReeksWaardeID
0;19614;2600-EAG-1;-9999;-9999;Gemaal;Flux;FEWS;;Pompvolumes|60060_pomp_1|Vol.berekend.dag|-999.0;;24694;-9999;-9999
1;19614;2600-EAG-1;-9999;-9999;Gemaal;Flux;FEWS;;Pompvolumes|60060_pomp_2|Vol.berekend.dag|-999.0;;24695;-9999;-9999
2;19614;2600-EAG-1;-9999;-9999;Verdamping;Flux;FEWS;;ImportCAW|66002_VerdampingCAL|E.metingcal|-999.0;;24696;-9999;-9999
3;19614;2600-EAG-1;-9999;-9999;Neerslag;Flux;FEWS;;ImportCAW|66004cal|P.meting.dagcal|-999.0;;24697;-9999;-9999
