EAGID;EAGCode;BakjeID;Laagvolgorde;ClusterType;ParamType;Waarde;WaardeAlfa;StartDag;Eenheid
332;3360-EAG-5;332001908;1;Qkwel;ValueSeries;-2.0700000000;;01-10;mm/dag
332;3360-EAG-5;332001908;1;Qkwel;ValueSeries;-1.7500000000;;01-04;mm/dag
332;3360-EAG-5;332000000;1;Qkwel;Constant;0.0000000000;;;mm/dag
332;3360-EAG-5;332000000;1;Qwegz;ValueSeries;1.7500000000;;01-04;mm/dag
332;3360-EAG-5;332000000;1;Qwegz;ValueSeries;2.0700000000;;01-10;mm/dag
332;3360-EAG-5;332000000;1;hTargetMax;ValueSeries;-1.2800000000;;01-05;mNAP
332;3360-EAG-5;332000000;1;hTargetMax;ValueSeries;-1.2800000000;;01-10;mNAP
332;3360-EAG-5;332000000;1;hTargetMax;ValueSeries;-1.2800000000;;15-03;mNAP
332;3360-EAG-5;332000000;1;hTargetMax;ValueSeries;-1.2800000000;;15-08;mNAP
332;3360-EAG-5;332000000;1;hTargetMin;ValueSeries;-1.3100000000;;01-05;mNAP
332;3360-EAG-5;332000000;1;hTargetMin;ValueSeries;-1.3100000000;;01-10;mNAP
332;3360-EAG-5;332000000;1;hTargetMin;ValueSeries;-1.3100000000;;15-03;mNAP
332;3360-EAG-5;332000000;1;hTargetMin;ValueSeries;-1.3100000000;;15-08;mNAP
332;3360-EAG-5;-9999;-9999;Inlaat1;ValueSeries;0.0000000000;;01-04;m3/dag
332;3360-EAG-5;-9999;-9999;Inlaat1;ValueSeries;0.0000000000;;01-10;m3/dag
332;3360-EAG-5;-9999;-9999;Inlaat2;ValueSeries;0.0000000000;;01-04;m3/dag
332;3360-EAG-5;-9999;-9999;Inlaat2;ValueSeries;0.0000000000;;01-10;m3/dag
332;3360-EAG-5;-9999;-9999;Inlaat3;ValueSeries;0.0000000000;;01-04;m3/dag
332;3360-EAG-5;-9999;-9999;Inlaat3;ValueSeries;0.0000000000;;01-10;m3/dag
332;3360-EAG-5;-9999;-9999;Inlaat4;ValueSeries;0.0000000000;;01-04;m3/dag
332;3360-EAG-5;-9999;-9999;Inlaat4;ValueSeries;0.0000000000;;01-10;m3/dag
332;3360-EAG-5;-9999;-9999;Uitlaat1;ValueSeries;0.0000000000;;01-04;m3/dag
332;3360-EAG-5;-9999;-9999;Uitlaat1;ValueSeries;0.0000000000;;01-10;m3/dag
332;3360-EAG-5;-9999;-9999;Uitlaat2;ValueSeries;0.0000000000;;01-04;m3/dag
332;3360-EAG-5;-9999;-9999;Uitlaat2;ValueSeries;0.0000000000;;01-10;m3/dag
332;3360-EAG-5;-9999;-9999;Uitlaat3;ValueSeries;0.0000000000;;01-04;m3/dag
332;3360-EAG-5;-9999;-9999;Uitlaat3;ValueSeries;0.0000000000;;01-10;m3/dag
332;3360-EAG-5;-9999;-9999;Uitlaat4;ValueSeries;0.0000000000;;01-04;m3/dag
332;3360-EAG-5;-9999;-9999;Uitlaat4;ValueSeries;0.0000000000;;01-10;m3/dag
332;3360-EAG-5;-9999;-9999;Inlaat1;Local;;;;m3/dag
332;3360-EAG-5;-9999;-9999;Inlaat2;Local;;;;m3/dag
332;3360-EAG-5;-9999;-9999;Inlaat3;Local;;;;m3/dag
332;3360-EAG-5;-9999;-9999;Inlaat4;Local;;;;m3/dag
332;3360-EAG-5;-9999;-9999;Uitlaat1;Local;;;;m3/dag
332;3360-EAG-5;-9999;-9999;Uitlaat2;Local;;;;m3/dag
332;3360-EAG-5;-9999;-9999;Uitlaat3;Local;;;;m3/dag
332;3360-EAG-5;-9999;-9999;Uitlaat4;Local;;;;m3/dag
332;3360-EAG-5;-9999;-9999;Neerslag;FEWS;;meteo_meetstation_KNMI|ImportCAW|66014cal|P.meting.dagcal;;mm/dag
332;3360-EAG-5;-9999;-9999;Peil;FEWS;;polder|Statistiek|70039_Polderpeil|H.meting.gem;;mNAP
332;3360-EAG-5;-9999;-9999;Verdamping;FEWS;;meteo_meetstation_KNMI|ImportCAW|66002_VerdampingCAL|E.metingcal;;mm/dag
332;3360-EAG-5;-9999;-9999;Gemaal1Debiet Pomp 1;Local;;;;m3/dag
332;3360-EAG-5;-9999;-9999;Gemaal1Debiet Pomp 2;Local;;;;m3/dag
332;3360-EAG-5;-9999;-9999;Gemaal2Debiet Pomp 1;Local;;;;m3/dag
332;3360-EAG-5;-9999;-9999;Gemaal2Debiet Pomp 2;Local;;;;m3/dag
332;3360-EAG-5;-9999;-9999;Gemaal3Debiet Pomp 1;Local;;;;m3/dag
332;3360-EAG-5;-9999;-9999;Gemaal3Debiet Pomp 2;Local;;;;m3/dag
332;3360-EAG-5;-9999;-9999;Neerslag;Local;;;;mm/dag
332;3360-EAG-5;-9999;-9999;Peil;Local;;;;mNAP
332;3360-EAG-5;-9999;-9999;Verdamping;Local;;;;mm/dag
