;EAGID;EAGCode;BakjeID;Laagvolgorde;ClusterType;ParamType;Waarde;WaardeAlfa;StartDag;Eenheid
0;1262;2501-EAG-2;1262121755;2;Qkwel;Constant;0.0;;;mm/dag
1;1262;2501-EAG-2;1262121756;1;Qkwel;ValueSeries;-0.1633770806;;01-10;mm/dag
2;1262;2501-EAG-2;1262121756;1;Qkwel;ValueSeries;-0.1225328104;;01-04;mm/dag
3;1262;2501-EAG-2;1262121760;2;Qkwel;Constant;0.0;;;mm/dag
4;1262;2501-EAG-2;1262121761;1;Qkwel;ValueSeries;-0.7125271992;;01-10;mm/dag
5;1262;2501-EAG-2;1262121761;1;Qkwel;ValueSeries;-0.5343953994;;01-04;mm/dag
0;1262;2501-EAG-2;1262000000;1;Qkwel;Constant;0.0;;;mm/dag
1;1262;2501-EAG-2;1262000000;1;Qwegz;Constant;0.2442009469;;;mm/dag
0;1262;2501-EAG-2;1262000000;1;hTargetMax;ValueSeries;-2.45;;01-05;mNAP
1;1262;2501-EAG-2;1262000000;1;hTargetMax;ValueSeries;-2.45;;01-10;mNAP
2;1262;2501-EAG-2;1262000000;1;hTargetMax;ValueSeries;-2.45;;15-03;mNAP
3;1262;2501-EAG-2;1262000000;1;hTargetMax;ValueSeries;-2.45;;15-08;mNAP
4;1262;2501-EAG-2;1262000000;1;hTargetMin;ValueSeries;-2.47;;01-05;mNAP
5;1262;2501-EAG-2;1262000000;1;hTargetMin;ValueSeries;-2.47;;01-10;mNAP
6;1262;2501-EAG-2;1262000000;1;hTargetMin;ValueSeries;-2.47;;15-03;mNAP
7;1262;2501-EAG-2;1262000000;1;hTargetMin;ValueSeries;-2.47;;15-08;mNAP
0;1262;2501-EAG-2;-9999;-9999;Inlaat1;ValueSeries;0.0;;01-10;m3/dag
1;1262;2501-EAG-2;-9999;-9999;Inlaat1;ValueSeries;0.0;;01-04;m3/dag
2;1262;2501-EAG-2;-9999;-9999;Inlaat2;ValueSeries;0.0;;01-10;m3/dag
3;1262;2501-EAG-2;-9999;-9999;Inlaat2;ValueSeries;0.0;;01-04;m3/dag
4;1262;2501-EAG-2;-9999;-9999;Inlaat3;ValueSeries;0.0;;01-10;m3/dag
5;1262;2501-EAG-2;-9999;-9999;Inlaat3;ValueSeries;0.0;;01-04;m3/dag
6;1262;2501-EAG-2;-9999;-9999;Inlaat4;ValueSeries;0.0;;01-04;m3/dag
7;1262;2501-EAG-2;-9999;-9999;Uitlaat1;ValueSeries;0.0;;01-10;m3/dag
8;1262;2501-EAG-2;-9999;-9999;Uitlaat1;ValueSeries;0.0;;01-04;m3/dag
9;1262;2501-EAG-2;-9999;-9999;Uitlaat2;ValueSeries;0.0;;01-10;m3/dag
10;1262;2501-EAG-2;-9999;-9999;Uitlaat2;ValueSeries;0.0;;01-04;m3/dag
11;1262;2501-EAG-2;-9999;-9999;Uitlaat3;ValueSeries;0.0;;01-10;m3/dag
12;1262;2501-EAG-2;-9999;-9999;Uitlaat3;ValueSeries;0.0;;01-04;m3/dag
13;1262;2501-EAG-2;-9999;-9999;Uitlaat4;ValueSeries;0.0;;01-10;m3/dag
14;1262;2501-EAG-2;-9999;-9999;Uitlaat4;ValueSeries;0.0;;01-04;m3/dag
0;1262;2501-EAG-2;-9999;-9999;Inlaat1;Local;;;;m3/dag
1;1262;2501-EAG-2;-9999;-9999;Inlaat2;Local;;;;m3/dag
2;1262;2501-EAG-2;-9999;-9999;Inlaat3;Local;;;;m3/dag
3;1262;2501-EAG-2;-9999;-9999;Inlaat4;Local;;;;m3/dag
4;1262;2501-EAG-2;-9999;-9999;Uitlaat1;Local;;;;m3/dag
5;1262;2501-EAG-2;-9999;-9999;Uitlaat2;Local;;;;m3/dag
6;1262;2501-EAG-2;-9999;-9999;Uitlaat3;Local;;;;m3/dag
7;1262;2501-EAG-2;-9999;-9999;Uitlaat4;Local;;;;m3/dag
0;1262;2501-EAG-2;-9999;-9999;Gemaal1Debiet Pomp 1;FEWS;;polder|Pompvolumes|60010_pomp_3|Vol.berekend.dag;;m3/dag
1;1262;2501-EAG-2;-9999;-9999;Neerslag;FEWS;;meteo_meetstation_KNMI|ImportCAW|66011cal|P.meting.dagcal;;mm/dag
2;1262;2501-EAG-2;-9999;-9999;Peil;FEWS;;polder|Statistiek|70306_Polderpeil|H.meting.gem;;mNAP
3;1262;2501-EAG-2;-9999;-9999;Verdamping;FEWS;;ImportCAW|66002_VerdampingCAL|E.metingcal;;mm/dag
0;1262;2501-EAG-2;-9999;-9999;Gemaal1Debiet Pomp 1;Local;;;;m3/dag
1;1262;2501-EAG-2;-9999;-9999;Gemaal1Debiet Pomp 2;Local;;;;m3/dag
2;1262;2501-EAG-2;-9999;-9999;Gemaal2Debiet Pomp 1;Local;;;;m3/dag
3;1262;2501-EAG-2;-9999;-9999;Gemaal2Debiet Pomp 2;Local;;;;m3/dag
4;1262;2501-EAG-2;-9999;-9999;Gemaal3Debiet Pomp 1;Local;;;;m3/dag
5;1262;2501-EAG-2;-9999;-9999;Gemaal3Debiet Pomp 2;Local;;;;m3/dag
6;1262;2501-EAG-2;-9999;-9999;Neerslag;Local;;;;mm/dag
7;1262;2501-EAG-2;-9999;-9999;Peil;Local;;;;mNAP
8;1262;2501-EAG-2;-9999;-9999;Verdamping;Local;;;;mm/dag
