;EAGID;EAGCode;BakjeID;Laagvolgorde;ClusterType;ReeksType;ParamType;Waarde;WaardeAlfa;StartDag;EAGReeksWaardeID;BakjeReeksWaardeID;LaagReeksWaardeID
0;19668;3230-EAG-4;-9999;-9999;Inlaat;Flux;ValueSeries;300.0;;01-04;24534;-9999;-9999
1;19668;3230-EAG-4;-9999;-9999;Inlaat;Flux;ValueSeries;300.0;;01-10;24535;-9999;-9999
2;19668;3230-EAG-4;-9999;-9999;Inlaat;Flux;ValueSeries;800.0;;01-04;24536;-9999;-9999
3;19668;3230-EAG-4;-9999;-9999;Inlaat;Flux;ValueSeries;800.0;;01-10;24537;-9999;-9999
4;19668;3230-EAG-4;-9999;-9999;Inlaat;Flux;ValueSeries;0.0;;01-04;24538;-9999;-9999
5;19668;3230-EAG-4;-9999;-9999;Inlaat;Flux;ValueSeries;500.0;;01-10;24539;-9999;-9999
6;19668;3230-EAG-4;-9999;-9999;Verdamping;Flux;FEWS;;ImportCAW|66003_VerdampingCAl|E.metingcal|-999.0;;24983;-9999;-9999
7;19668;3230-EAG-4;-9999;-9999;Neerslag;Flux;FEWS;;ImportCAW|66011cal|P.meting.dagcal|-999.0;;24984;-9999;-9999
0;19668;3230-EAG-4;16414;-9999;ClVerhard;Cl;-9999;10.0;;;-9999;804;-9999
1;19668;3230-EAG-4;16414;-9999;ClRiolering;Cl;-9999;100.0;;;-9999;805;-9999
2;19668;3230-EAG-4;16414;-9999;ClDrain;Cl;-9999;50.0;;;-9999;806;-9999
3;19668;3230-EAG-4;16414;-9999;ClUitspoeling;Cl;-9999;50.0;;;-9999;807;-9999
4;19668;3230-EAG-4;16414;-9999;ClAfstroming;Cl;-9999;30.0;;;-9999;808;-9999
0;19668;3230-EAG-4;16411;2;Qkwel;Flux;Constant;0.0;;;-9999;-9999;9043
1;19668;3230-EAG-4;16413;1;Qkwel;Flux;Constant;0.6077529534;;;-9999;-9999;9044
2;19668;3230-EAG-4;16414;1;Qkwel;Flux;Constant;0.4684990888;;;-9999;-9999;9045
3;19668;3230-EAG-4;16414;1;Qkwel;Cl;Constant;30.0;;;-9999;-9999;9046
4;19668;3230-EAG-4;16414;1;Qwegz;Flux;Constant;0.7696772665;;;-9999;-9999;9047
