EAGID;EAGCode;BakjeID;Laagvolgorde;ClusterType;ParamType;Waarde;WaardeAlfa;StartDag;Eenheid
234;3110-EAG-1;234001063;1;Qkwel;Constant;2.2400000000;;;mm/dag
234;3110-EAG-1;234001068;1;Qkwel;Constant;-0.5000000000;;;mm/dag
234;3110-EAG-1;234000000;1;Qkwel;Constant;4.0000000000;;;mm/dag
234;3110-EAG-1;234000000;1;Qwegz;Constant;0.0000000000;;;mm/dag
234;3110-EAG-1;234000000;1;hTargetMax;ValueSeries;-1.7500000000;;01-05;mNAP
234;3110-EAG-1;234000000;1;hTargetMax;ValueSeries;-1.7500000000;;01-10;mNAP
234;3110-EAG-1;234000000;1;hTargetMax;ValueSeries;-1.7500000000;;15-03;mNAP
234;3110-EAG-1;234000000;1;hTargetMax;ValueSeries;-1.7500000000;;15-08;mNAP
234;3110-EAG-1;234000000;1;hTargetMin;ValueSeries;-1.7900000000;;01-05;mNAP
234;3110-EAG-1;234000000;1;hTargetMin;ValueSeries;-1.7900000000;;01-10;mNAP
234;3110-EAG-1;234000000;1;hTargetMin;ValueSeries;-1.7900000000;;15-03;mNAP
234;3110-EAG-1;234000000;1;hTargetMin;ValueSeries;-1.7900000000;;15-08;mNAP
234;3110-EAG-1;-9999;-9999;Inlaat1;ValueSeries;721.0000000000;;01-04;m3/dag
234;3110-EAG-1;-9999;-9999;Inlaat1;ValueSeries;93.0000000000;;01-10;m3/dag
234;3110-EAG-1;-9999;-9999;Inlaat2;ValueSeries;1000.0000000000;;01-04;m3/dag
234;3110-EAG-1;-9999;-9999;Inlaat2;ValueSeries;0.0000000000;;01-10;m3/dag
234;3110-EAG-1;-9999;-9999;Inlaat3;ValueSeries;0.0000000000;;01-04;m3/dag
234;3110-EAG-1;-9999;-9999;Inlaat3;ValueSeries;0.0000000000;;01-10;m3/dag
234;3110-EAG-1;-9999;-9999;Inlaat4;ValueSeries;0.0000000000;;01-04;m3/dag
234;3110-EAG-1;-9999;-9999;Inlaat4;ValueSeries;0.0000000000;;01-10;m3/dag
234;3110-EAG-1;-9999;-9999;Uitlaat1;ValueSeries;0.0000000000;;01-04;m3/dag
234;3110-EAG-1;-9999;-9999;Uitlaat1;ValueSeries;0.0000000000;;01-10;m3/dag
234;3110-EAG-1;-9999;-9999;Uitlaat2;ValueSeries;0.0000000000;;01-04;m3/dag
234;3110-EAG-1;-9999;-9999;Uitlaat2;ValueSeries;0.0000000000;;01-10;m3/dag
234;3110-EAG-1;-9999;-9999;Uitlaat3;ValueSeries;0.0000000000;;01-04;m3/dag
234;3110-EAG-1;-9999;-9999;Uitlaat3;ValueSeries;0.0000000000;;01-10;m3/dag
234;3110-EAG-1;-9999;-9999;Uitlaat4;ValueSeries;0.0000000000;;01-04;m3/dag
234;3110-EAG-1;-9999;-9999;Uitlaat4;ValueSeries;0.0000000000;;01-10;m3/dag
234;3110-EAG-1;-9999;-9999;Inlaat1;Local;;;;m3/dag
234;3110-EAG-1;-9999;-9999;Inlaat2;Local;;;;m3/dag
234;3110-EAG-1;-9999;-9999;Inlaat3;Local;;;;m3/dag
234;3110-EAG-1;-9999;-9999;Inlaat4;Local;;;;m3/dag
234;3110-EAG-1;-9999;-9999;Uitlaat1;Local;;;;m3/dag
234;3110-EAG-1;-9999;-9999;Uitlaat2;Local;;;;m3/dag
234;3110-EAG-1;-9999;-9999;Uitlaat3;Local;;;;m3/dag
234;3110-EAG-1;-9999;-9999;Uitlaat4;Local;;;;m3/dag
234;3110-EAG-1;-9999;-9999;Gemaal1Debiet Pomp 1;FEWS;;polder|Pompvolumes|61009_pomp_1|Vol.berekend.dag;;m3/dag
234;3110-EAG-1;-9999;-9999;Neerslag;FEWS;;meteo_meetstation_KNMI|ImportCAW|66015cal|P.meting.dagcal;;mm/dag
234;3110-EAG-1;-9999;-9999;Peil;FEWS;;polder|Statistiek|62053_Bovenstroomspeil_stuw_1|H.meting.gem;;mNAP
234;3110-EAG-1;-9999;-9999;Verdamping;FEWS;;meteo_meetstation_KNMI|ImportCAW|66002_VerdampingCAL|E.metingcal;;mm/dag
234;3110-EAG-1;-9999;-9999;Gemaal1Debiet Pomp 1;Local;;;;m3/dag
234;3110-EAG-1;-9999;-9999;Gemaal1Debiet Pomp 2;Local;;;;m3/dag
234;3110-EAG-1;-9999;-9999;Gemaal2Debiet Pomp 1;Local;;;;m3/dag
234;3110-EAG-1;-9999;-9999;Gemaal2Debiet Pomp 2;Local;;;;m3/dag
234;3110-EAG-1;-9999;-9999;Gemaal3Debiet Pomp 1;Local;;;;m3/dag
234;3110-EAG-1;-9999;-9999;Gemaal3Debiet Pomp 2;Local;;;;m3/dag
234;3110-EAG-1;-9999;-9999;Neerslag;Local;;;;mm/dag
234;3110-EAG-1;-9999;-9999;Peil;Local;;;;mNAP
234;3110-EAG-1;-9999;-9999;Verdamping;Local;;;;mm/dag
