;EAGID;EAGCode;BakjeID;Laagvolgorde;ClusterType;ReeksType;ParamType;Waarde;WaardeAlfa;StartDag;EAGReeksWaardeID;BakjeReeksWaardeID;LaagReeksWaardeID
0;19725;3360-EAG-4;-9999;-9999;Verdamping;Flux;FEWS;;ImportCAW|66003_VerdampingCAl|E.metingcal|-999.0;;25277;-9999;-9999
1;19725;3360-EAG-4;-9999;-9999;Neerslag;Flux;FEWS;;ImportCAW|66011cal|P.meting.dagcal|-999.0;;25278;-9999;-9999
0;19725;3360-EAG-4;16467;-9999;ClVerhard;Cl;-9999;10;;;-9999;894;-9999
1;19725;3360-EAG-4;16467;-9999;ClRiolering;Cl;-9999;100;;;-9999;895;-9999
2;19725;3360-EAG-4;16467;-9999;ClDrain;Cl;-9999;150;;;-9999;896;-9999
3;19725;3360-EAG-4;16467;-9999;ClUitspoeling;Cl;-9999;20;;;-9999;897;-9999
4;19725;3360-EAG-4;16467;-9999;ClAfstroming;Cl;-9999;10;;;-9999;898;-9999
0;19725;3360-EAG-4;16465;1;Qkwel;Flux;ValueSeries;-3.21;;01-04;-9999;-9999;9169
1;19725;3360-EAG-4;16465;1;Qkwel;Flux;ValueSeries;-3.64;;01-10;-9999;-9999;9170
2;19725;3360-EAG-4;16466;1;Qkwel;Flux;ValueSeries;-4.05;;01-04;-9999;-9999;9171
3;19725;3360-EAG-4;16466;1;Qkwel;Flux;ValueSeries;-3.02;;01-10;-9999;-9999;9172
4;19725;3360-EAG-4;16467;1;Qkwel;Cl;Constant;20.0;;;-9999;-9999;9173
5;19725;3360-EAG-4;16467;1;Qkwel;Flux;ValueSeries;0.0;;01-04;-9999;-9999;9174
6;19725;3360-EAG-4;16467;1;Qkwel;Flux;ValueSeries;0.0;;01-10;-9999;-9999;9176
7;19725;3360-EAG-4;16467;1;Qwegz;Flux;ValueSeries;3.2913075113;;01-04;-9999;-9999;9175
8;19725;3360-EAG-4;16467;1;Qwegz;Flux;ValueSeries;3.5799873131;;01-10;-9999;-9999;9177
