;EAGID;EAGCode;BakjeID;Laagvolgorde;ClusterType;ReeksType;ParamType;Waarde;WaardeAlfa;StartDag;EAGReeksWaardeID;BakjeReeksWaardeID;LaagReeksWaardeID
0;19785;6080-EAG-1;-9999;-9999;Gemaal;Flux;FEWS;;Pompvolumes|62401_pomp1|Vol.berekend.dag|-999.0;;25430;-9999;-9999
1;19785;6080-EAG-1;-9999;-9999;Gemaal;Flux;FEWS;;Pompvolumes|62401_pomp2|Vol.berekend.dag|-999.0;;25431;-9999;-9999
2;19785;6080-EAG-1;-9999;-9999;Verdamping;Flux;FEWS;;ImportCAW|66002_VerdampingCAL|E.metingcal|-999.0;;25432;-9999;-9999
3;19785;6080-EAG-1;-9999;-9999;Neerslag;Flux;FEWS;;ImportCAW|66006cal|P.meting.dagcal|-999.0;;25433;-9999;-9999
