;EAGID;EAGCode;BakjeID;Laagvolgorde;ClusterType;ParamType;Waarde;WaardeAlfa;StartDag
0;1413;3360-EAG-8;1413000000;-9999;ClAfstroming;-9999;10.0;;
1;1413;3360-EAG-8;1413000000;-9999;ClDrain;-9999;150.0;;
2;1413;3360-EAG-8;1413000000;-9999;ClKwel;-9999;20.0;;
3;1413;3360-EAG-8;1413000000;-9999;ClNeerslag;-9999;6.0;;
4;1413;3360-EAG-8;1413000000;-9999;ClRiolering;-9999;100.0;;
5;1413;3360-EAG-8;1413000000;-9999;ClUitspoeling;-9999;20.0;;
6;1413;3360-EAG-8;1413000000;-9999;ClVerhard;-9999;10.0;;
0;1413;3360-EAG-8;1413046526;1;Qkwel;ValueSeries;-3.64;;01-10
1;1413;3360-EAG-8;1413046526;1;Qkwel;ValueSeries;-3.21;;01-04
2;1413;3360-EAG-8;1413046531;1;Qkwel;ValueSeries;-4.05;;01-04
3;1413;3360-EAG-8;1413046531;1;Qkwel;ValueSeries;-3.02;;01-10
0;1413;3360-EAG-8;1413000000;1;Qkwel;Constant;0.0;;
1;1413;3360-EAG-8;1413000000;1;Qwegz;ValueSeries;3.2913075113;;01-04
2;1413;3360-EAG-8;1413000000;1;Qwegz;ValueSeries;3.5799873131;;01-10
0;1413;3360-EAG-8;1413000000;1;hTargetMax;ValueSeries;-0.73;;01-10
1;1413;3360-EAG-8;1413000000;1;hTargetMax;ValueSeries;-0.73;;15-03
2;1413;3360-EAG-8;1413000000;1;hTargetMax;ValueSeries;-0.72;;01-05
3;1413;3360-EAG-8;1413000000;1;hTargetMax;ValueSeries;-0.72;;15-08
4;1413;3360-EAG-8;1413000000;1;hTargetMin;ValueSeries;-0.77;;01-10
5;1413;3360-EAG-8;1413000000;1;hTargetMin;ValueSeries;-0.77;;15-03
6;1413;3360-EAG-8;1413000000;1;hTargetMin;ValueSeries;-0.68;;01-05
7;1413;3360-EAG-8;1413000000;1;hTargetMin;ValueSeries;-0.68;;15-08
