EAGID;EAGCode;BakjeID;Laagvolgorde;ClusterType;ParamType;Waarde;WaardeAlfa;StartDag;Eenheid
175;2550-GAF;175000822;2;Qkwel;Constant;0.0000000000;;;mm/dag
175;2550-GAF;175000823;1;Qkwel;Constant;0.6000000000;;;mm/dag
175;2550-GAF;175000000;1;Qkwel;Constant;0.6000000000;;;mm/dag
175;2550-GAF;175000000;1;Qwegz;Constant;0.0000000000;;;mm/dag
175;2550-GAF;175000000;1;hTargetMax;ValueSeries;-2.8600000000;;01-10;mNAP
175;2550-GAF;175000000;1;hTargetMax;ValueSeries;-2.8600000000;;15-03;mNAP
175;2550-GAF;175000000;1;hTargetMax;ValueSeries;-2.7600000000;;01-05;mNAP
175;2550-GAF;175000000;1;hTargetMax;ValueSeries;-2.7600000000;;15-08;mNAP
175;2550-GAF;175000000;1;hTargetMin;ValueSeries;-2.9000000000;;01-10;mNAP
175;2550-GAF;175000000;1;hTargetMin;ValueSeries;-2.9000000000;;15-03;mNAP
175;2550-GAF;175000000;1;hTargetMin;ValueSeries;-2.8000000000;;01-05;mNAP
175;2550-GAF;175000000;1;hTargetMin;ValueSeries;-2.8000000000;;15-08;mNAP
175;2550-GAF;-9999;-9999;Inlaat1;ValueSeries;0.0000000000;;01-04;m3/dag
175;2550-GAF;-9999;-9999;Inlaat1;ValueSeries;0.0000000000;;01-10;m3/dag
175;2550-GAF;-9999;-9999;Inlaat2;ValueSeries;150.0000000000;;01-04;m3/dag
175;2550-GAF;-9999;-9999;Inlaat2;ValueSeries;150.0000000000;;01-10;m3/dag
175;2550-GAF;-9999;-9999;Inlaat3;ValueSeries;0.0000000000;;01-04;m3/dag
175;2550-GAF;-9999;-9999;Inlaat3;ValueSeries;0.0000000000;;01-10;m3/dag
175;2550-GAF;-9999;-9999;Inlaat4;ValueSeries;0.0000000000;;01-04;m3/dag
175;2550-GAF;-9999;-9999;Inlaat4;ValueSeries;0.0000000000;;01-10;m3/dag
175;2550-GAF;-9999;-9999;Uitlaat1;ValueSeries;0.0000000000;;01-04;m3/dag
175;2550-GAF;-9999;-9999;Uitlaat1;ValueSeries;0.0000000000;;01-10;m3/dag
175;2550-GAF;-9999;-9999;Uitlaat2;ValueSeries;0.0000000000;;01-04;m3/dag
175;2550-GAF;-9999;-9999;Uitlaat2;ValueSeries;0.0000000000;;01-10;m3/dag
175;2550-GAF;-9999;-9999;Uitlaat3;ValueSeries;0.0000000000;;01-04;m3/dag
175;2550-GAF;-9999;-9999;Uitlaat3;ValueSeries;0.0000000000;;01-10;m3/dag
175;2550-GAF;-9999;-9999;Uitlaat4;ValueSeries;0.0000000000;;01-04;m3/dag
175;2550-GAF;-9999;-9999;Uitlaat4;ValueSeries;0.0000000000;;01-10;m3/dag
175;2550-GAF;-9999;-9999;Inlaat3;FEWS;;polder|Omvormen|60197_debietmeterQCUM|Q.meting.dag;;m3/dag
175;2550-GAF;-9999;-9999;Inlaat1;Local;;;;m3/dag
175;2550-GAF;-9999;-9999;Inlaat2;Local;;;;m3/dag
175;2550-GAF;-9999;-9999;Inlaat3;Local;;;;m3/dag
175;2550-GAF;-9999;-9999;Inlaat4;Local;;;;m3/dag
175;2550-GAF;-9999;-9999;Uitlaat1;Local;;;;m3/dag
175;2550-GAF;-9999;-9999;Uitlaat2;Local;;;;m3/dag
175;2550-GAF;-9999;-9999;Uitlaat3;Local;;;;m3/dag
175;2550-GAF;-9999;-9999;Uitlaat4;Local;;;;m3/dag
175;2550-GAF;-9999;-9999;Gemaal1Debiet Pomp 1;FEWS;;polder|Pompvolumes|60195_pomp_1|Vol.berekend.dag;;m3/dag
175;2550-GAF;-9999;-9999;Gemaal1Debiet Pomp 2;FEWS;;polder|Pompvolumes|60195_pomp_2|Vol.berekend.dag;;m3/dag
175;2550-GAF;-9999;-9999;Neerslag;FEWS;;meteo_meetstation_KNMI|ImportCAW|66005cal|P.meting.dagcal;;mm/dag
175;2550-GAF;-9999;-9999;Peil;FEWS;;polder|Statistiek|60195_polder|H.meting.gem;;mNAP
175;2550-GAF;-9999;-9999;Verdamping;FEWS;;meteo_meetstation_KNMI|ImportCAW|66002_VerdampingCAL|E.metingcal;;mm/dag
175;2550-GAF;-9999;-9999;Gemaal1Debiet Pomp 1;Local;;;;m3/dag
175;2550-GAF;-9999;-9999;Gemaal1Debiet Pomp 2;Local;;;;m3/dag
175;2550-GAF;-9999;-9999;Gemaal2Debiet Pomp 1;Local;;;;m3/dag
175;2550-GAF;-9999;-9999;Gemaal2Debiet Pomp 2;Local;;;;m3/dag
175;2550-GAF;-9999;-9999;Gemaal3Debiet Pomp 1;Local;;;;m3/dag
175;2550-GAF;-9999;-9999;Gemaal3Debiet Pomp 2;Local;;;;m3/dag
175;2550-GAF;-9999;-9999;Neerslag;Local;;;;mm/dag
175;2550-GAF;-9999;-9999;Peil;Local;;;;mNAP
175;2550-GAF;-9999;-9999;Verdamping;Local;;;;mm/dag
