;EAGID;EAGCode;BakjeID;Laagvolgorde;ClusterType;ParamType;Waarde;WaardeAlfa;StartDag
0;1561;2150-GAF;1561000000;-9999;ClAfstroming;-9999;30.0;;
1;1561;2150-GAF;1561000000;-9999;ClDrain;-9999;50.0;;
2;1561;2150-GAF;1561000000;-9999;ClKwel;-9999;150.0;;
3;1561;2150-GAF;1561000000;-9999;ClNeerslag;-9999;6.0;;
4;1561;2150-GAF;1561000000;-9999;ClRiolering;-9999;270.0;;
5;1561;2150-GAF;1561000000;-9999;ClUitspoeling;-9999;50.0;;
6;1561;2150-GAF;1561000000;-9999;ClVerhard;-9999;30.0;;
0;1561;2150-GAF;1561045720;1;Qkwel;ValueSeries;1.477381575;;01-04
1;1561;2150-GAF;1561045720;1;Qkwel;ValueSeries;1.5267767835;;01-10
2;1561;2150-GAF;1561045721;1;Qkwel;Constant;1.55;;
3;1561;2150-GAF;1561045722;1;Qkwel;ValueSeries;0.0;;01-10
4;1561;2150-GAF;1561045722;1;Qkwel;ValueSeries;0.74;;01-04
5;1561;2150-GAF;1561045725;1;Qkwel;ValueSeries;1.477381575;;01-04
6;1561;2150-GAF;1561045725;1;Qkwel;ValueSeries;1.5267767835;;01-10
7;1561;2150-GAF;1561045726;1;Qkwel;Constant;1.5;;
8;1561;2150-GAF;1561045735;1;Qkwel;ValueSeries;1.477381575;;01-04
9;1561;2150-GAF;1561045735;1;Qkwel;ValueSeries;1.5267767835;;01-10
10;1561;2150-GAF;1561045736;1;Qkwel;Constant;0.0;;
0;1561;2150-GAF;1561000000;1;Qkwel;ValueSeries;1.477381575;;01-04
1;1561;2150-GAF;1561000000;1;Qkwel;ValueSeries;1.5267767835;;01-10
2;1561;2150-GAF;1561000000;1;Qwegz;Constant;0.0;;
0;1561;2150-GAF;1561000000;1;hTargetMax;ValueSeries;-5.93;;01-05
1;1561;2150-GAF;1561000000;1;hTargetMax;ValueSeries;-5.93;;01-10
2;1561;2150-GAF;1561000000;1;hTargetMax;ValueSeries;-5.93;;15-03
3;1561;2150-GAF;1561000000;1;hTargetMax;ValueSeries;-5.93;;15-08
4;1561;2150-GAF;1561000000;1;hTargetMin;ValueSeries;-5.97;;01-05
5;1561;2150-GAF;1561000000;1;hTargetMin;ValueSeries;-5.97;;01-10
6;1561;2150-GAF;1561000000;1;hTargetMin;ValueSeries;-5.97;;15-03
7;1561;2150-GAF;1561000000;1;hTargetMin;ValueSeries;-5.97;;15-08
