;EAGID;EAGCode;BakjeID;Laagvolgorde;ClusterType;ReeksType;ParamType;Waarde;WaardeAlfa;StartDag;EAGReeksWaardeID;BakjeReeksWaardeID;LaagReeksWaardeID
0;19713;3360-EAG-10;-9999;-9999;Peil;Flux;FEWS;;Statistiek|62203_Boezempeil_1|H.meting.gem|-999.0;;25255;-9999;-9999
1;19713;3360-EAG-10;-9999;-9999;Peil;Flux;FEWS;;Statistiek|62204_Oost|H.meting.gem|-999.0;;25256;-9999;-9999
2;19713;3360-EAG-10;-9999;-9999;Verdamping;Flux;FEWS;;ImportCAW|66003_VerdampingCAl|E.metingcal|-999.0;;25257;-9999;-9999
3;19713;3360-EAG-10;-9999;-9999;Neerslag;Flux;FEWS;;ImportCAW|66011cal|P.meting.dagcal|-999.0;;25258;-9999;-9999
4;19713;3360-EAG-10;-9999;-9999;Peil;Flux;FEWS;;Statistiek|70018_Polderpeil|H.meting.gem|-999.0;;25259;-9999;-9999
0;19713;3360-EAG-10;16434;-9999;ClVerhard;Cl;-9999;10;;;-9999;839;-9999
1;19713;3360-EAG-10;16434;-9999;ClRiolering;Cl;-9999;100;;;-9999;840;-9999
2;19713;3360-EAG-10;16434;-9999;ClDrain;Cl;-9999;150;;;-9999;841;-9999
3;19713;3360-EAG-10;16434;-9999;ClUitspoeling;Cl;-9999;30;;;-9999;842;-9999
4;19713;3360-EAG-10;16434;-9999;ClAfstroming;Cl;-9999;10;;;-9999;843;-9999
0;19713;3360-EAG-10;16433;1;Qkwel;Flux;ValueSeries;-8.82;;01-04;-9999;-9999;9082
1;19713;3360-EAG-10;16433;1;Qkwel;Flux;ValueSeries;-10.12;;01-10;-9999;-9999;9083
2;19713;3360-EAG-10;16434;1;Qkwel;Cl;Constant;50.0;;;-9999;-9999;9084
3;19713;3360-EAG-10;16434;1;Qkwel;Flux;ValueSeries;0.0;;01-04;-9999;-9999;9085
4;19713;3360-EAG-10;16434;1;Qkwel;Flux;ValueSeries;0.0;;01-10;-9999;-9999;9087
5;19713;3360-EAG-10;16434;1;Qwegz;Flux;ValueSeries;8.82;;01-04;-9999;-9999;9086
6;19713;3360-EAG-10;16434;1;Qwegz;Flux;ValueSeries;10.12;;01-10;-9999;-9999;9088
