;EAGID;EAGCode;BakjeID;Laagvolgorde;ClusterType;ReeksType;ParamType;Waarde;WaardeAlfa;StartDag;EAGReeksWaardeID;BakjeReeksWaardeID;LaagReeksWaardeID
0;19829;7040-EAG-1;-9999;-9999;Gemaal;Flux;FEWS;;Pompvolumes|64280_Pomp_1_bedrijf|Vol.berekend.dag|-999.0;;25543;-9999;-9999
1;19829;7040-EAG-1;-9999;-9999;Gemaal;Flux;FEWS;;Pompvolumes|64280_Pomp_2_bedrijf|Vol.berekend.dag|-999.0;;25544;-9999;-9999
2;19829;7040-EAG-1;-9999;-9999;Verdamping;Flux;FEWS;;ImportCAW|66002_VerdampingCAL|E.metingcal|-999.0;;25545;-9999;-9999
3;19829;7040-EAG-1;-9999;-9999;Neerslag;Flux;FEWS;;ImportCAW|66013cal|P.meting.dagcal|-999.0;;25546;-9999;-9999
