EAGID;EAGCode;BakjeID;Laagvolgorde;ClusterType;ParamType;Waarde;WaardeAlfa;StartDag;Eenheid
72;2210-GAF;72000202;2;Qkwel;Constant;1.7000000000;;;mm/dag
72;2210-GAF;72000204;2;Qkwel;Constant;1.7000000000;;;mm/dag
72;2210-GAF;72000000;1;Qkwel;Constant;1.6999999307;;;mm/dag
72;2210-GAF;72000000;1;Qwegz;Constant;0.0000000000;;;mm/dag
72;2210-GAF;72000000;1;hTargetMax;ValueSeries;0.0000000000;;01-05;mNAP
72;2210-GAF;72000000;1;hTargetMax;ValueSeries;0.0000000000;;01-10;mNAP
72;2210-GAF;72000000;1;hTargetMax;ValueSeries;0.0000000000;;15-03;mNAP
72;2210-GAF;72000000;1;hTargetMax;ValueSeries;0.0000000000;;15-08;mNAP
72;2210-GAF;72000000;1;hTargetMin;ValueSeries;0.0000000000;;01-05;mNAP
72;2210-GAF;72000000;1;hTargetMin;ValueSeries;0.0000000000;;01-10;mNAP
72;2210-GAF;72000000;1;hTargetMin;ValueSeries;0.0000000000;;15-03;mNAP
72;2210-GAF;72000000;1;hTargetMin;ValueSeries;0.0000000000;;15-08;mNAP
72;2210-GAF;-9999;-9999;Inlaat1;ValueSeries;3000.0000000000;;01-04;m3/dag
72;2210-GAF;-9999;-9999;Inlaat1;ValueSeries;2000.0000000000;;01-10;m3/dag
72;2210-GAF;-9999;-9999;Inlaat2;ValueSeries;0.0000000000;;01-04;m3/dag
72;2210-GAF;-9999;-9999;Inlaat2;ValueSeries;0.0000000000;;01-10;m3/dag
72;2210-GAF;-9999;-9999;Inlaat3;ValueSeries;0.0000000000;;01-04;m3/dag
72;2210-GAF;-9999;-9999;Inlaat3;ValueSeries;0.0000000000;;01-10;m3/dag
72;2210-GAF;-9999;-9999;Inlaat4;ValueSeries;0.0000000000;;01-04;m3/dag
72;2210-GAF;-9999;-9999;Inlaat4;ValueSeries;0.0000000000;;01-10;m3/dag
72;2210-GAF;-9999;-9999;Uitlaat1;ValueSeries;0.0000000000;;01-04;m3/dag
72;2210-GAF;-9999;-9999;Uitlaat1;ValueSeries;0.0000000000;;01-10;m3/dag
72;2210-GAF;-9999;-9999;Uitlaat2;ValueSeries;0.0000000000;;01-04;m3/dag
72;2210-GAF;-9999;-9999;Uitlaat2;ValueSeries;0.0000000000;;01-10;m3/dag
72;2210-GAF;-9999;-9999;Uitlaat3;ValueSeries;0.0000000000;;01-04;m3/dag
72;2210-GAF;-9999;-9999;Uitlaat3;ValueSeries;0.0000000000;;01-10;m3/dag
72;2210-GAF;-9999;-9999;Uitlaat4;ValueSeries;0.0000000000;;01-04;m3/dag
72;2210-GAF;-9999;-9999;Uitlaat4;ValueSeries;0.0000000000;;01-10;m3/dag
72;2210-GAF;-9999;-9999;Inlaat1;Local;;;;m3/dag
72;2210-GAF;-9999;-9999;Inlaat2;Local;;;;m3/dag
72;2210-GAF;-9999;-9999;Inlaat3;Local;;;;m3/dag
72;2210-GAF;-9999;-9999;Inlaat4;Local;;;;m3/dag
72;2210-GAF;-9999;-9999;Uitlaat1;Local;;;;m3/dag
72;2210-GAF;-9999;-9999;Uitlaat2;Local;;;;m3/dag
72;2210-GAF;-9999;-9999;Uitlaat3;Local;;;;m3/dag
72;2210-GAF;-9999;-9999;Uitlaat4;Local;;;;m3/dag
72;2210-GAF;-9999;-9999;Gemaal1Debiet Pomp 1;FEWS;;polder|Pompvolumes|60320_Pomp_1_bedrijf|Vol.berekend.dag;;m3/dag
72;2210-GAF;-9999;-9999;Gemaal1Debiet Pomp 2;FEWS;;polder|Pompvolumes|60320_Pomp_2_bedrijf|Vol.berekend.dag;;m3/dag
72;2210-GAF;-9999;-9999;Gemaal2Debiet Pomp 1;FEWS;;polder|Pompvolumes|60320_Pomp_3_bedrijf|Vol.berekend.dag;;m3/dag
72;2210-GAF;-9999;-9999;Neerslag;FEWS;;meteo_meetstation_KNMI|ImportCAW|66015cal|P.meting.dagcal;;mm/dag
72;2210-GAF;-9999;-9999;Peil;FEWS;;polder|Statistiek|60320_Polderpeil_|H.meting.gem;;mNAP
72;2210-GAF;-9999;-9999;Verdamping;FEWS;;meteo_meetstation_KNMI|ImportCAW|66002_VerdampingCAL|E.metingcal;;mm/dag
72;2210-GAF;-9999;-9999;Gemaal1Debiet Pomp 1;Local;;;;m3/dag
72;2210-GAF;-9999;-9999;Gemaal1Debiet Pomp 2;Local;;;;m3/dag
72;2210-GAF;-9999;-9999;Gemaal2Debiet Pomp 1;Local;;;;m3/dag
72;2210-GAF;-9999;-9999;Gemaal2Debiet Pomp 2;Local;;;;m3/dag
72;2210-GAF;-9999;-9999;Gemaal3Debiet Pomp 1;Local;;;;m3/dag
72;2210-GAF;-9999;-9999;Gemaal3Debiet Pomp 2;Local;;;;m3/dag
72;2210-GAF;-9999;-9999;Neerslag;Local;;;;mm/dag
72;2210-GAF;-9999;-9999;Peil;Local;;;;mNAP
72;2210-GAF;-9999;-9999;Verdamping;Local;;;;mm/dag
