;EAGID;EAGCode;BakjeID;Laagvolgorde;ClusterType;ParamType;Waarde;WaardeAlfa;StartDag
0;1613;6440-GAF;1613000000;-9999;ClAfstroming;-9999;30.0;;
1;1613;6440-GAF;1613000000;-9999;ClDrain;-9999;100.0;;
2;1613;6440-GAF;1613000000;-9999;ClKwel;-9999;400.0;;
3;1613;6440-GAF;1613000000;-9999;ClNeerslag;-9999;6.0;;
4;1613;6440-GAF;1613000000;-9999;ClRiolering;-9999;100.0;;
5;1613;6440-GAF;1613000000;-9999;ClUitspoeling;-9999;75.0;;
6;1613;6440-GAF;1613000000;-9999;ClVerhard;-9999;10.0;;
0;1613;6440-GAF;1613046705;1;Qkwel;Constant;0.0;;
1;1613;6440-GAF;1613046706;1;Qkwel;Constant;-0.3;;
2;1613;6440-GAF;1613046710;1;Qkwel;Constant;0.0;;
3;1613;6440-GAF;1613046711;1;Qkwel;Constant;0.0;;
0;1613;6440-GAF;1613000000;1;Qkwel;Constant;0.0;;
1;1613;6440-GAF;1613000000;1;Qwegz;Constant;0.3;;
0;1613;6440-GAF;1613000000;1;hTargetMax;ValueSeries;-1.93;;01-10
1;1613;6440-GAF;1613000000;1;hTargetMax;ValueSeries;-1.93;;15-03
2;1613;6440-GAF;1613000000;1;hTargetMax;ValueSeries;-1.88;;01-05
3;1613;6440-GAF;1613000000;1;hTargetMax;ValueSeries;-1.88;;15-08
4;1613;6440-GAF;1613000000;1;hTargetMin;ValueSeries;-1.97;;01-10
5;1613;6440-GAF;1613000000;1;hTargetMin;ValueSeries;-1.97;;15-03
6;1613;6440-GAF;1613000000;1;hTargetMin;ValueSeries;-1.92;;01-05
7;1613;6440-GAF;1613000000;1;hTargetMin;ValueSeries;-1.92;;15-08
