;EAGID;EAGCode;BakjeID;Laagvolgorde;ClusterType;ParamType;Waarde;WaardeAlfa;StartDag
0;1608;4240-GAF;1608000000;-9999;ClAfstroming;-9999;10.0;;
1;1608;4240-GAF;1608000000;-9999;ClDrain;-9999;150.0;;
2;1608;4240-GAF;1608000000;-9999;ClKwel;-9999;50.0;;
3;1608;4240-GAF;1608000000;-9999;ClNeerslag;-9999;6.0;;
4;1608;4240-GAF;1608000000;-9999;ClRiolering;-9999;100.0;;
5;1608;4240-GAF;1608000000;-9999;ClUitspoeling;-9999;50.0;;
6;1608;4240-GAF;1608000000;-9999;ClVerhard;-9999;10.0;;
0;1608;4240-GAF;1608046655;1;Qkwel;Constant;3.0;;
1;1608;4240-GAF;1608046656;1;Qkwel;Constant;3.3;;
2;1608;4240-GAF;1608046661;1;Qkwel;Constant;2.5;;
0;1608;4240-GAF;1608000000;1;Qkwel;Constant;3.0;;
1;1608;4240-GAF;1608000000;1;Qwegz;Constant;0.0;;
0;1608;4240-GAF;1608000000;1;hTargetMax;ValueSeries;-0.88;;01-05
1;1608;4240-GAF;1608000000;1;hTargetMax;ValueSeries;-0.88;;01-10
2;1608;4240-GAF;1608000000;1;hTargetMax;ValueSeries;-0.88;;15-03
3;1608;4240-GAF;1608000000;1;hTargetMax;ValueSeries;-0.88;;15-08
4;1608;4240-GAF;1608000000;1;hTargetMin;ValueSeries;-0.92;;01-05
5;1608;4240-GAF;1608000000;1;hTargetMin;ValueSeries;-0.92;;01-10
6;1608;4240-GAF;1608000000;1;hTargetMin;ValueSeries;-0.92;;15-03
7;1608;4240-GAF;1608000000;1;hTargetMin;ValueSeries;-0.92;;15-08
