;EAGID;EAGCode;BakjeID;Laagvolgorde;ClusterType;ReeksType;ParamType;Waarde;WaardeAlfa;StartDag;EAGReeksWaardeID;BakjeReeksWaardeID;LaagReeksWaardeID
0;19585;2505-EAG-1;-9999;-9999;Gemaal;Flux;FEWS;;Pompvolumes|60017_Pomp1|Vol.berekend.dag|-999.0;;24650;-9999;-9999
1;19585;2505-EAG-1;-9999;-9999;Verdamping;Flux;FEWS;;ImportCAW|66002_VerdampingCAL|E.metingcal|-999.0;;24651;-9999;-9999
2;19585;2505-EAG-1;-9999;-9999;Neerslag;Flux;FEWS;;ImportCAW|66011cal|P.meting.dagcal|-999.0;;24652;-9999;-9999
3;19585;2505-EAG-1;-9999;-9999;Peil;Flux;FEWS;;Statistiek|70026_West|H.meting.gem|-999.0;;24653;-9999;-9999
4;19585;2505-EAG-1;-9999;-9999;Peil;Flux;FEWS;;Statistiek|70311_Polderpeil|H.meting.gem|-999.0;;24654;-9999;-9999
0;19585;2505-EAG-1;16373;-9999;ClVerhard;Cl;-9999;10;;;-9999;739;-9999
1;19585;2505-EAG-1;16373;-9999;ClRiolering;Cl;-9999;100;;;-9999;740;-9999
2;19585;2505-EAG-1;16373;-9999;ClDrain;Cl;-9999;70;;;-9999;741;-9999
3;19585;2505-EAG-1;16373;-9999;ClUitspoeling;Cl;-9999;50;;;-9999;742;-9999
4;19585;2505-EAG-1;16373;-9999;ClAfstroming;Cl;-9999;25;;;-9999;743;-9999
0;19585;2505-EAG-1;16367;2;Qkwel;Flux;Constant;0.0;;;-9999;-9999;8972
1;19585;2505-EAG-1;16368;1;Qkwel;Flux;ValueSeries;-0.2999096929;;01-04;-9999;-9999;8973
2;19585;2505-EAG-1;16368;1;Qkwel;Flux;ValueSeries;-0.3998795905;;01-10;-9999;-9999;8974
3;19585;2505-EAG-1;16369;2;Qkwel;Flux;Constant;0.0;;;-9999;-9999;8975
4;19585;2505-EAG-1;16370;1;Qkwel;Flux;ValueSeries;-0.5278105999;;01-04;-9999;-9999;8976
5;19585;2505-EAG-1;16370;1;Qkwel;Flux;ValueSeries;-0.7037474665;;01-10;-9999;-9999;8977
6;19585;2505-EAG-1;16371;2;Qkwel;Flux;Constant;0.0;;;-9999;-9999;8978
7;19585;2505-EAG-1;16372;1;Qkwel;Flux;ValueSeries;-1.1072520857;;01-04;-9999;-9999;8979
8;19585;2505-EAG-1;16372;1;Qkwel;Flux;ValueSeries;-1.4763361142;;01-10;-9999;-9999;8980
9;19585;2505-EAG-1;16373;1;Qkwel;Flux;Constant;0.0;;;-9999;-9999;8981
10;19585;2505-EAG-1;16373;1;Qkwel;Cl;Constant;400.0;;;-9999;-9999;8982
11;19585;2505-EAG-1;16373;1;Qwegz;Flux;Constant;0.5787947703;;;-9999;-9999;8983
