;EAGID;EAGCode;BakjeID;Laagvolgorde;ClusterType;ParamType;Waarde;WaardeAlfa;StartDag;Eenheid
0;1440;4200-EAG-2;1440000000;-9999;ClAfstroming;-9999;30.0;;;mg/l
1;1440;4200-EAG-2;1440000000;-9999;ClDrain;-9999;120.0;;;mg/l
2;1440;4200-EAG-2;1440000000;-9999;ClKwel;-9999;100.0;;;mg/l
3;1440;4200-EAG-2;1440000000;-9999;ClNeerslag;-9999;6.0;;;mg/l
4;1440;4200-EAG-2;1440000000;-9999;ClRiolering;-9999;100.0;;;mg/l
5;1440;4200-EAG-2;1440000000;-9999;ClUitspoeling;-9999;50.0;;;mg/l
6;1440;4200-EAG-2;1440000000;-9999;ClVerhard;-9999;10.0;;;mg/l
0;1440;4200-EAG-2;1440059120;2;Qkwel;Constant;0.0;;;mm/dag
1;1440;4200-EAG-2;1440059121;1;Qkwel;Constant;-0.2;;;mm/dag
0;1440;4200-EAG-2;1440000000;1;Qkwel;Constant;0.0;;;mm/dag
1;1440;4200-EAG-2;1440000000;1;Qwegz;Constant;0.0;;;mm/dag
0;1440;4200-EAG-2;1440000000;1;hTargetMax;ValueSeries;-1.83;;01-05;mNAP
1;1440;4200-EAG-2;1440000000;1;hTargetMax;ValueSeries;-1.83;;01-10;mNAP
2;1440;4200-EAG-2;1440000000;1;hTargetMax;ValueSeries;-1.83;;15-03;mNAP
3;1440;4200-EAG-2;1440000000;1;hTargetMax;ValueSeries;-1.83;;15-08;mNAP
4;1440;4200-EAG-2;1440000000;1;hTargetMin;ValueSeries;-1.87;;01-05;mNAP
5;1440;4200-EAG-2;1440000000;1;hTargetMin;ValueSeries;-1.87;;01-10;mNAP
6;1440;4200-EAG-2;1440000000;1;hTargetMin;ValueSeries;-1.87;;15-03;mNAP
7;1440;4200-EAG-2;1440000000;1;hTargetMin;ValueSeries;-1.87;;15-08;mNAP
0;1440;4200-EAG-2;-9999;-9999;Uitlaat1;ValueSeries;0.0;;01-04;m3/dag
1;1440;4200-EAG-2;-9999;-9999;Inlaat1;ValueSeries;0.0;;01-10;m3/dag
2;1440;4200-EAG-2;-9999;-9999;Inlaat2;ValueSeries;0.0;;01-04;m3/dag
3;1440;4200-EAG-2;-9999;-9999;Inlaat2;ValueSeries;0.0;;01-10;m3/dag
4;1440;4200-EAG-2;-9999;-9999;Inlaat3;ValueSeries;0.0;;01-04;m3/dag
5;1440;4200-EAG-2;-9999;-9999;Inlaat3;ValueSeries;0.0;;01-10;m3/dag
6;1440;4200-EAG-2;-9999;-9999;Inlaat1;ValueSeries;0.0;;01-04;m3/dag
7;1440;4200-EAG-2;-9999;-9999;Inlaat4;ValueSeries;0.0;;01-10;m3/dag
8;1440;4200-EAG-2;-9999;-9999;Uitlaat4;ValueSeries;0.0;;01-10;m3/dag
9;1440;4200-EAG-2;-9999;-9999;Uitlaat1;ValueSeries;0.0;;01-10;m3/dag
10;1440;4200-EAG-2;-9999;-9999;Uitlaat2;ValueSeries;0.0;;01-04;m3/dag
11;1440;4200-EAG-2;-9999;-9999;Uitlaat2;ValueSeries;0.0;;01-10;m3/dag
12;1440;4200-EAG-2;-9999;-9999;Uitlaat3;ValueSeries;0.0;;01-04;m3/dag
13;1440;4200-EAG-2;-9999;-9999;Uitlaat3;ValueSeries;0.0;;01-10;m3/dag
14;1440;4200-EAG-2;-9999;-9999;Uitlaat4;ValueSeries;0.0;;01-04;m3/dag
15;1440;4200-EAG-2;-9999;-9999;Inlaat4;ValueSeries;0.0;;01-04;m3/dag
