;EAGID;EAGCode;BakjeID;Laagvolgorde;ClusterType;ReeksType;ParamType;Waarde;WaardeAlfa;StartDag;EAGReeksWaardeID;BakjeReeksWaardeID;LaagReeksWaardeID
0;19530;2150-EAG-3;-9999;-9999;Gemaal;Flux;FEWS;;Pompvolumes|60090_pomp_1|Vol.berekend.dag|-999.0;;24724;-9999;-9999
1;19530;2150-EAG-3;-9999;-9999;Gemaal;Flux;FEWS;;Pompvolumes|60090_pomp_2|Vol.berekend.dag|-999.0;;24725;-9999;-9999
2;19530;2150-EAG-3;-9999;-9999;Peil;Flux;FEWS;;Statistiek|60096_Waterstand_BB|H.meting.gem|-999.0;;24726;-9999;-9999
3;19530;2150-EAG-3;-9999;-9999;Verdamping;Flux;FEWS;;ImportCAW|66002_VerdampingCAL|E.metingcal|-999.0;;24727;-9999;-9999
4;19530;2150-EAG-3;-9999;-9999;Neerslag;Flux;FEWS;;ImportCAW|66004cal|P.meting.dagcal|-999.0;;24728;-9999;-9999
5;19530;2150-EAG-3;-9999;-9999;Peil;Flux;FEWS;;Statistiek|70309_Onderbemaling|H.meting.gem|-999.0;;24729;-9999;-9999
6;19530;2150-EAG-3;-9999;-9999;Peil;Flux;FEWS;;Statistiek|99999T046_West|H.meting.gem|-999.0;;24730;-9999;-9999
