;EAGID;EAGCode;BakjeID;Laagvolgorde;ClusterType;ParamType;Waarde;WaardeAlfa;StartDag
0;1442;4210-EAG-1;1442000000;-9999;ClAfstroming;-9999;40.0;;
1;1442;4210-EAG-1;1442000000;-9999;ClDrain;-9999;70.0;;
2;1442;4210-EAG-1;1442000000;-9999;ClKwel;-9999;100.0;;
3;1442;4210-EAG-1;1442000000;-9999;ClNeerslag;-9999;6.0;;
4;1442;4210-EAG-1;1442000000;-9999;ClRiolering;-9999;100.0;;
5;1442;4210-EAG-1;1442000000;-9999;ClUitspoeling;-9999;70.0;;
6;1442;4210-EAG-1;1442000000;-9999;ClVerhard;-9999;10.0;;
0;1442;4210-EAG-1;1442046630;1;Qkwel;Constant;0.0;;
1;1442;4210-EAG-1;1442046631;1;Qkwel;Constant;0.0;;
0;1442;4210-EAG-1;1442000000;1;Qkwel;Constant;0.0;;
1;1442;4210-EAG-1;1442000000;1;Qwegz;Constant;0.0;;
0;1442;4210-EAG-1;1442000000;1;hTargetMax;ValueSeries;-1.38;;01-05
1;1442;4210-EAG-1;1442000000;1;hTargetMax;ValueSeries;-1.38;;01-10
2;1442;4210-EAG-1;1442000000;1;hTargetMax;ValueSeries;-1.38;;15-03
3;1442;4210-EAG-1;1442000000;1;hTargetMax;ValueSeries;-1.38;;15-08
4;1442;4210-EAG-1;1442000000;1;hTargetMin;ValueSeries;-1.46;;01-05
5;1442;4210-EAG-1;1442000000;1;hTargetMin;ValueSeries;-1.46;;15-08
6;1442;4210-EAG-1;1442000000;1;hTargetMin;ValueSeries;-1.43;;01-10
7;1442;4210-EAG-1;1442000000;1;hTargetMin;ValueSeries;-1.43;;15-03
