;EAGID;EAGCode;BakjeID;Laagvolgorde;ClusterType;ReeksType;ParamType;Waarde;WaardeAlfa;StartDag;EAGReeksWaardeID;BakjeReeksWaardeID;LaagReeksWaardeID
0;19739;4000-EAG-4;-9999;-9999;Inlaat;Flux;FEWS;;Pompvolumes|62023_pomp_1|Vol.berekend.dag|-999.0;;25154;-9999;-9999
1;19739;4000-EAG-4;-9999;-9999;Verdamping;Flux;FEWS;;ImportCAW|66003_VerdampingCAl|E.metingcal|-999.0;;25155;-9999;-9999
2;19739;4000-EAG-4;-9999;-9999;Neerslag;Flux;FEWS;;ImportCAW|66015cal|P.meting.dagcal|-999.0;;25156;-9999;-9999
3;19739;4000-EAG-4;-9999;-9999;Peil;Flux;FEWS;;Statistiek|70032_Polderpeil|H.meting.gem|-999.0;;25157;-9999;-9999
