;EAGID;EAGCode;BakjeID;Laagvolgorde;ClusterType;ParamType;Waarde;WaardeAlfa;StartDag
0;1607;4230-GAF;1607000000;-9999;ClAfstroming;-9999;30.0;;
1;1607;4230-GAF;1607000000;-9999;ClDrain;-9999;70.0;;
2;1607;4230-GAF;1607000000;-9999;ClKwel;-9999;70.0;;
3;1607;4230-GAF;1607000000;-9999;ClNeerslag;-9999;6.0;;
4;1607;4230-GAF;1607000000;-9999;ClRiolering;-9999;100.0;;
5;1607;4230-GAF;1607000000;-9999;ClUitspoeling;-9999;60.0;;
6;1607;4230-GAF;1607000000;-9999;ClVerhard;-9999;10.0;;
0;1607;4230-GAF;1607046650;1;Qkwel;Constant;2.0;;
1;1607;4230-GAF;1607046651;1;Qkwel;Constant;2.0;;
0;1607;4230-GAF;1607000000;1;Qkwel;Constant;2.0;;
1;1607;4230-GAF;1607000000;1;Qwegz;Constant;0.0;;
0;1607;4230-GAF;1607000000;1;hTargetMax;ValueSeries;-0.94;;01-05
1;1607;4230-GAF;1607000000;1;hTargetMax;ValueSeries;-0.94;;01-10
2;1607;4230-GAF;1607000000;1;hTargetMax;ValueSeries;-0.94;;15-03
3;1607;4230-GAF;1607000000;1;hTargetMax;ValueSeries;-0.94;;15-08
4;1607;4230-GAF;1607000000;1;hTargetMin;ValueSeries;-0.98;;01-05
5;1607;4230-GAF;1607000000;1;hTargetMin;ValueSeries;-0.98;;01-10
6;1607;4230-GAF;1607000000;1;hTargetMin;ValueSeries;-0.98;;15-03
7;1607;4230-GAF;1607000000;1;hTargetMin;ValueSeries;-0.98;;15-08
