;EAGID;EAGCode;BakjeID;Laagvolgorde;ClusterType;ReeksType;ParamType;Waarde;WaardeAlfa;StartDag;EAGReeksWaardeID;BakjeReeksWaardeID;LaagReeksWaardeID
0;19503;2050-EAG-1;-9999;-9999;Gemaal;Flux;FEWS;;Pompvolumes|64144_pomp_1|Vol.berekend.dag|-999.0;;25520;-9999;-9999
1;19503;2050-EAG-1;-9999;-9999;Gemaal;Flux;FEWS;;Pompvolumes|64144_pomp_2|Vol.berekend.dag|-999.0;;25521;-9999;-9999
2;19503;2050-EAG-1;-9999;-9999;Verdamping;Flux;FEWS;;ImportCAW|66002_VerdampingCAL|E.metingcal|-999.0;;25522;-9999;-9999
3;19503;2050-EAG-1;-9999;-9999;Neerslag;Flux;FEWS;;ImportCAW|66006cal|P.meting.dagcal|-999.0;;25523;-9999;-9999
