;EAGID;EAGCode;BakjeID;Laagvolgorde;ClusterType;ParamType;Waarde;WaardeAlfa;StartDag;Eenheid
0;1210;2140-EAG-6;1210000000;-9999;ClAfstroming;-9999;20.0;;;mg/l
1;1210;2140-EAG-6;1210000000;-9999;ClDrain;-9999;50.0;;;mg/l
2;1210;2140-EAG-6;1210000000;-9999;ClKwel;-9999;80.0;;;mg/l
3;1210;2140-EAG-6;1210000000;-9999;ClNeerslag;-9999;6.0;;;mg/l
4;1210;2140-EAG-6;1210000000;-9999;ClRiolering;-9999;80.0;;;mg/l
5;1210;2140-EAG-6;1210000000;-9999;ClUitspoeling;-9999;40.0;;;mg/l
6;1210;2140-EAG-6;1210000000;-9999;ClVerhard;-9999;10.0;;;mg/l
0;1210;2140-EAG-6;1210057270;2;Qkwel;Constant;-0.8;;;mm/dag
1;1210;2140-EAG-6;1210057271;1;Qkwel;Constant;-0.8;;;mm/dag
2;1210;2140-EAG-6;1210057272;2;Qkwel;ValueSeries;-0.8;;01-04;mm/dag
3;1210;2140-EAG-6;1210057272;2;Qkwel;ValueSeries;-0.8;;01-10;mm/dag
0;1210;2140-EAG-6;1210000000;1;Qkwel;Constant;0.0;;;mm/dag
1;1210;2140-EAG-6;1210000000;1;Qwegz;Constant;0.8;;;mm/dag
0;1210;2140-EAG-6;1210000000;1;hTargetMax;ValueSeries;-1.7;;01-05;mNAP
1;1210;2140-EAG-6;1210000000;1;hTargetMax;ValueSeries;-1.7;;01-10;mNAP
2;1210;2140-EAG-6;1210000000;1;hTargetMax;ValueSeries;-1.7;;15-03;mNAP
3;1210;2140-EAG-6;1210000000;1;hTargetMax;ValueSeries;-1.7;;15-08;mNAP
4;1210;2140-EAG-6;1210000000;1;hTargetMin;ValueSeries;-1.77;;01-05;mNAP
5;1210;2140-EAG-6;1210000000;1;hTargetMin;ValueSeries;-1.77;;01-10;mNAP
6;1210;2140-EAG-6;1210000000;1;hTargetMin;ValueSeries;-1.77;;15-03;mNAP
7;1210;2140-EAG-6;1210000000;1;hTargetMin;ValueSeries;-1.77;;15-08;mNAP
0;1210;2140-EAG-6;-9999;-9999;Uitlaat1;ValueSeries;1500.0;;01-04;m3/dag
1;1210;2140-EAG-6;-9999;-9999;Inlaat1;ValueSeries;0.0;;01-10;m3/dag
2;1210;2140-EAG-6;-9999;-9999;Inlaat2;ValueSeries;0.0;;01-04;m3/dag
3;1210;2140-EAG-6;-9999;-9999;Inlaat2;ValueSeries;0.0;;01-10;m3/dag
4;1210;2140-EAG-6;-9999;-9999;Inlaat3;ValueSeries;0.0;;01-04;m3/dag
5;1210;2140-EAG-6;-9999;-9999;Inlaat3;ValueSeries;0.0;;01-10;m3/dag
6;1210;2140-EAG-6;-9999;-9999;Inlaat1;ValueSeries;0.0;;01-04;m3/dag
7;1210;2140-EAG-6;-9999;-9999;Inlaat4;ValueSeries;0.0;;01-10;m3/dag
8;1210;2140-EAG-6;-9999;-9999;Uitlaat4;ValueSeries;0.0;;01-10;m3/dag
9;1210;2140-EAG-6;-9999;-9999;Uitlaat1;ValueSeries;1000.0;;01-10;m3/dag
10;1210;2140-EAG-6;-9999;-9999;Uitlaat2;ValueSeries;0.0;;01-04;m3/dag
11;1210;2140-EAG-6;-9999;-9999;Uitlaat2;ValueSeries;0.0;;01-10;m3/dag
12;1210;2140-EAG-6;-9999;-9999;Uitlaat3;ValueSeries;0.0;;01-04;m3/dag
13;1210;2140-EAG-6;-9999;-9999;Uitlaat3;ValueSeries;0.0;;01-10;m3/dag
14;1210;2140-EAG-6;-9999;-9999;Uitlaat4;ValueSeries;0.0;;01-04;m3/dag
15;1210;2140-EAG-6;-9999;-9999;Inlaat4;ValueSeries;0.0;;01-04;m3/dag
