;EAGID;EAGCode;BakjeID;Laagvolgorde;ClusterType;ParamType;Waarde;WaardeAlfa;StartDag
0;1337;3201-EAG-1;1337000000;-9999;ClAfstroming;-9999;10.0;;
1;1337;3201-EAG-1;1337000000;-9999;ClDrain;-9999;30.0;;
2;1337;3201-EAG-1;1337000000;-9999;ClKwel;-9999;20.0;;
3;1337;3201-EAG-1;1337000000;-9999;ClNeerslag;-9999;6.0;;
4;1337;3201-EAG-1;1337000000;-9999;ClRiolering;-9999;100.0;;
5;1337;3201-EAG-1;1337000000;-9999;ClUitspoeling;-9999;10.0;;
6;1337;3201-EAG-1;1337000000;-9999;ClVerhard;-9999;10.0;;
0;1337;3201-EAG-1;1337046211;1;Qkwel;Constant;-1.2;;
0;1337;3201-EAG-1;1337000000;1;Qkwel;Constant;0.0;;
1;1337;3201-EAG-1;1337000000;1;Qwegz;Constant;1.2;;
0;1337;3201-EAG-1;1337000000;1;hTargetMax;ValueSeries;-1.36;;01-05
1;1337;3201-EAG-1;1337000000;1;hTargetMax;ValueSeries;-1.36;;01-10
2;1337;3201-EAG-1;1337000000;1;hTargetMax;ValueSeries;-1.36;;15-03
3;1337;3201-EAG-1;1337000000;1;hTargetMax;ValueSeries;-1.36;;15-08
4;1337;3201-EAG-1;1337000000;1;hTargetMin;ValueSeries;-1.38;;01-05
5;1337;3201-EAG-1;1337000000;1;hTargetMin;ValueSeries;-1.38;;01-10
6;1337;3201-EAG-1;1337000000;1;hTargetMin;ValueSeries;-1.38;;15-03
7;1337;3201-EAG-1;1337000000;1;hTargetMin;ValueSeries;-1.38;;15-08
