;EAGID;EAGCode;BakjeID;Laagvolgorde;ClusterType;ParamType;Waarde;WaardeAlfa;StartDag;Eenheid
0;1576;2500-GAF;1576121710;2;Qkwel;Constant;-2.0;;;mm/dag
1;1576;2500-GAF;1576121711;1;Qkwel;Constant;-2.05;;;mm/dag
2;1576;2500-GAF;1576121715;2;Qkwel;Constant;-2.0;;;mm/dag
3;1576;2500-GAF;1576121716;1;Qkwel;Constant;-1.51;;;mm/dag
4;1576;2500-GAF;1576121720;2;Qkwel;Constant;-2.0;;;mm/dag
5;1576;2500-GAF;1576121721;1;Qkwel;Constant;-3.41;;;mm/dag
6;1576;2500-GAF;1576121725;2;Qkwel;Constant;-2.0;;;mm/dag
7;1576;2500-GAF;1576121726;1;Qkwel;Constant;-1.9;;;mm/dag
0;1576;2500-GAF;1576000000;1;Qkwel;Constant;0.0;;;mm/dag
1;1576;2500-GAF;1576000000;1;Qwegz;Constant;3.02;;;mm/dag
0;1576;2500-GAF;1576000000;1;hTargetMax;ValueSeries;-2.05;;01-05;mNAP
1;1576;2500-GAF;1576000000;1;hTargetMax;ValueSeries;-2.05;;01-10;mNAP
2;1576;2500-GAF;1576000000;1;hTargetMax;ValueSeries;-2.05;;15-03;mNAP
3;1576;2500-GAF;1576000000;1;hTargetMax;ValueSeries;-2.05;;15-08;mNAP
4;1576;2500-GAF;1576000000;1;hTargetMin;ValueSeries;-2.2;;01-05;mNAP
5;1576;2500-GAF;1576000000;1;hTargetMin;ValueSeries;-2.2;;01-10;mNAP
6;1576;2500-GAF;1576000000;1;hTargetMin;ValueSeries;-2.2;;15-03;mNAP
7;1576;2500-GAF;1576000000;1;hTargetMin;ValueSeries;-2.2;;15-08;mNAP
0;1576;2500-GAF;-9999;-9999;Inlaat1;ValueSeries;0.0;;01-10;m3/dag
1;1576;2500-GAF;-9999;-9999;Inlaat1;ValueSeries;17000.0;;01-04;m3/dag
2;1576;2500-GAF;-9999;-9999;Inlaat2;ValueSeries;0.0;;01-04;m3/dag
3;1576;2500-GAF;-9999;-9999;Inlaat2;ValueSeries;0.0;;01-10;m3/dag
4;1576;2500-GAF;-9999;-9999;Inlaat3;ValueSeries;0.0;;01-04;m3/dag
5;1576;2500-GAF;-9999;-9999;Inlaat3;ValueSeries;0.0;;01-10;m3/dag
6;1576;2500-GAF;-9999;-9999;Inlaat4;ValueSeries;0.0;;01-10;m3/dag
7;1576;2500-GAF;-9999;-9999;Inlaat4;ValueSeries;0.0;;01-04;m3/dag
8;1576;2500-GAF;-9999;-9999;Uitlaat1;ValueSeries;0.0;;01-10;m3/dag
9;1576;2500-GAF;-9999;-9999;Uitlaat1;ValueSeries;3000.0;;01-04;m3/dag
10;1576;2500-GAF;-9999;-9999;Uitlaat2;ValueSeries;1000.0;;01-04;m3/dag
11;1576;2500-GAF;-9999;-9999;Uitlaat2;ValueSeries;0.0;;01-10;m3/dag
12;1576;2500-GAF;-9999;-9999;Uitlaat3;ValueSeries;0.0;;01-04;m3/dag
13;1576;2500-GAF;-9999;-9999;Uitlaat3;ValueSeries;0.0;;01-10;m3/dag
14;1576;2500-GAF;-9999;-9999;Uitlaat4;ValueSeries;0.0;;01-10;m3/dag
15;1576;2500-GAF;-9999;-9999;Uitlaat4;ValueSeries;0.0;;01-04;m3/dag
0;1576;2500-GAF;-9999;-9999;Inlaat1;FEWS;;polder|Pompvolumes|60010_pomp_3|Vol.berekend.dag;;m3/dag
1;1576;2500-GAF;-9999;-9999;Inlaat2;FEWS;;polder|Pompvolumes|60011_pomp_1|Vol.berekend.dag;;m3/dag
2;1576;2500-GAF;-9999;-9999;Inlaat3;FEWS;;polder|Pompvolumes|60017_Pomp1|Vol.berekend.dag;;m3/dag
3;1576;2500-GAF;-9999;-9999;Inlaat4;FEWS;;polder|Pompvolumes|60012_pomp_1|Vol.berekend.dag;;m3/dag
0;1576;2500-GAF;-9999;-9999;Inlaat1;Local;;;;m3/dag
1;1576;2500-GAF;-9999;-9999;Inlaat2;Local;;;;m3/dag
2;1576;2500-GAF;-9999;-9999;Inlaat3;Local;;;;m3/dag
3;1576;2500-GAF;-9999;-9999;Inlaat4;Local;;;;m3/dag
4;1576;2500-GAF;-9999;-9999;Uitlaat1;Local;;;;m3/dag
5;1576;2500-GAF;-9999;-9999;Uitlaat2;Local;;;;m3/dag
6;1576;2500-GAF;-9999;-9999;Uitlaat3;Local;;;;m3/dag
7;1576;2500-GAF;-9999;-9999;Uitlaat4;Local;;;;m3/dag
0;1576;2500-GAF;-9999;-9999;Gemaal1Debiet Pomp 1;FEWS;;polder|Pompvolumes|60010_pomp_1|Vol.berekend.dag;;m3/dag
1;1576;2500-GAF;-9999;-9999;Gemaal1Debiet Pomp 2;FEWS;;polder|Pompvolumes|60010_pomp_2|Vol.berekend.dag;;m3/dag
2;1576;2500-GAF;-9999;-9999;Gemaal2Debiet Pomp 1;FEWS;;polder|Pompvolumes|60009_pomp_1|Vol.berekend.dag;;m3/dag
3;1576;2500-GAF;-9999;-9999;Gemaal2Debiet Pomp 2;FEWS;;polder|Pompvolumes|60009_pomp_2|Vol.berekend.dag;;m3/dag
4;1576;2500-GAF;-9999;-9999;Verdamping;FEWS;;ImportCAW|66002_VerdampingCAL|E.metingcal;;mm/dag
0;1576;2500-GAF;-9999;-9999;Gemaal1Debiet Pomp 1;Local;;;;m3/dag
1;1576;2500-GAF;-9999;-9999;Gemaal1Debiet Pomp 2;Local;;;;m3/dag
2;1576;2500-GAF;-9999;-9999;Gemaal2Debiet Pomp 1;Local;;;;m3/dag
3;1576;2500-GAF;-9999;-9999;Gemaal2Debiet Pomp 2;Local;;;;m3/dag
4;1576;2500-GAF;-9999;-9999;Gemaal3Debiet Pomp 1;Local;;;;m3/dag
5;1576;2500-GAF;-9999;-9999;Gemaal3Debiet Pomp 2;Local;;;;m3/dag
6;1576;2500-GAF;-9999;-9999;Neerslag;Local;;;;mm/dag
7;1576;2500-GAF;-9999;-9999;Peil;Local;;;;mNAP
8;1576;2500-GAF;-9999;-9999;Verdamping;Local;;;;mm/dag
