;EAGID;EAGCode;BakjeID;Laagvolgorde;ClusterType;ReeksType;ParamType;Waarde;WaardeAlfa;StartDag;EAGReeksWaardeID;BakjeReeksWaardeID;LaagReeksWaardeID
0;19854;8060-EAG-1;-9999;-9999;Gemaal;Flux;FEWS;;Pompvolumes|64279_pomp_1|Vol.berekend.dag|-999.0;;25539;-9999;-9999
1;19854;8060-EAG-1;-9999;-9999;Gemaal;Flux;FEWS;;Pompvolumes|64279_pomp_2|Vol.berekend.dag|-999.0;;25540;-9999;-9999
2;19854;8060-EAG-1;-9999;-9999;Verdamping;Flux;FEWS;;ImportCAW|66002_VerdampingCAL|E.metingcal|-999.0;;25541;-9999;-9999
3;19854;8060-EAG-1;-9999;-9999;Neerslag;Flux;FEWS;;ImportCAW|66010cal|P.meting.dagcal|-999.0;;25542;-9999;-9999
