;EAGID;EAGCode;BakjeID;Laagvolgorde;ClusterType;ReeksType;ParamType;Waarde;WaardeAlfa;StartDag;EAGReeksWaardeID;BakjeReeksWaardeID;LaagReeksWaardeID
0;19655;3201-EAG-3;-9999;-9999;Inlaat;Flux;ValueSeries;1500.0;;01-04;24532;-9999;-9999
1;19655;3201-EAG-3;-9999;-9999;Inlaat;Flux;ValueSeries;1500.0;;01-10;24533;-9999;-9999
2;19655;3201-EAG-3;-9999;-9999;Verdamping;Flux;FEWS;;ImportCAW|66003_VerdampingCAl|E.metingcal|-999.0;;25346;-9999;-9999
3;19655;3201-EAG-3;-9999;-9999;Neerslag;Flux;FEWS;;ImportCAW|66009cal|P.meting.dagcal|-999.0;;25347;-9999;-9999
0;19655;3201-EAG-3;16401;-9999;ClVerhard;Cl;-9999;10.0;;;-9999;784;-9999
1;19655;3201-EAG-3;16401;-9999;ClRiolering;Cl;-9999;100.0;;;-9999;785;-9999
2;19655;3201-EAG-3;16401;-9999;ClDrain;Cl;-9999;30.0;;;-9999;786;-9999
3;19655;3201-EAG-3;16401;-9999;ClUitspoeling;Cl;-9999;50.0;;;-9999;787;-9999
4;19655;3201-EAG-3;16401;-9999;ClAfstroming;Cl;-9999;30.0;;;-9999;788;-9999
0;19655;3201-EAG-3;16399;2;Qkwel;Flux;Constant;0.0;;;-9999;-9999;9024
1;19655;3201-EAG-3;16400;1;Qkwel;Flux;Constant;-0.79;;;-9999;-9999;9025
2;19655;3201-EAG-3;16401;1;Qkwel;Flux;Constant;0.86;;;-9999;-9999;9026
3;19655;3201-EAG-3;16401;1;Qkwel;Cl;Constant;80.0;;;-9999;-9999;9027
4;19655;3201-EAG-3;16401;1;Qwegz;Flux;Constant;0.83;;;-9999;-9999;9028
