;EAGID;EAGCode;BakjeID;Laagvolgorde;ClusterType;ParamType;Waarde;WaardeAlfa;StartDag
0;1260;2500-EAG-6;1260000000;-9999;ClAfstroming;-9999;25.0;;
1;1260;2500-EAG-6;1260000000;-9999;ClDrain;-9999;70.0;;
2;1260;2500-EAG-6;1260000000;-9999;ClKwel;-9999;400.0;;
3;1260;2500-EAG-6;1260000000;-9999;ClNeerslag;-9999;6.0;;
4;1260;2500-EAG-6;1260000000;-9999;ClRiolering;-9999;75.0;;
5;1260;2500-EAG-6;1260000000;-9999;ClUitspoeling;-9999;50.0;;
6;1260;2500-EAG-6;1260000000;-9999;ClVerhard;-9999;10.0;;
0;1260;2500-EAG-6;1260045890;1;Qkwel;Constant;0.0;;
1;1260;2500-EAG-6;1260045891;1;Qkwel;Constant;-1.9;;
0;1260;2500-EAG-6;1260000000;1;Qkwel;Constant;0.0;;
1;1260;2500-EAG-6;1260000000;1;Qwegz;Constant;3.02;;
0;1260;2500-EAG-6;1260000000;1;hTargetMax;ValueSeries;-2.05;;01-05
1;1260;2500-EAG-6;1260000000;1;hTargetMax;ValueSeries;-2.05;;01-10
2;1260;2500-EAG-6;1260000000;1;hTargetMax;ValueSeries;-2.05;;15-03
3;1260;2500-EAG-6;1260000000;1;hTargetMax;ValueSeries;-2.05;;15-08
4;1260;2500-EAG-6;1260000000;1;hTargetMin;ValueSeries;-2.2;;01-05
5;1260;2500-EAG-6;1260000000;1;hTargetMin;ValueSeries;-2.2;;01-10
6;1260;2500-EAG-6;1260000000;1;hTargetMin;ValueSeries;-2.2;;15-03
7;1260;2500-EAG-6;1260000000;1;hTargetMin;ValueSeries;-2.2;;15-08
