;EAGID;EAGCode;BakjeID;Laagvolgorde;ClusterType;ReeksType;ParamType;Waarde;WaardeAlfa;StartDag;EAGReeksWaardeID;BakjeReeksWaardeID;LaagReeksWaardeID
0;19598;2530-EAG-1;-9999;-9999;Gemaal;Flux;FEWS;;Pompvolumes|60020_pomp_1|Vol.berekend.dag|-999.0;;24655;-9999;-9999
1;19598;2530-EAG-1;-9999;-9999;Verdamping;Flux;FEWS;;ImportCAW|66002_VerdampingCAL|E.metingcal|-999.0;;24656;-9999;-9999
2;19598;2530-EAG-1;-9999;-9999;Neerslag;Flux;FEWS;;ImportCAW|66004cal|P.meting.dagcal|-999.0;;24657;-9999;-9999
3;19598;2530-EAG-1;-9999;-9999;Peil;Flux;FEWS;;Statistiek|99999T018_West|H.meting.gem|-999.0;;24658;-9999;-9999
