;EAGID;EAGCode;BakjeID;Laagvolgorde;ClusterType;ParamType;Waarde;WaardeAlfa;StartDag
0;1398;3360-EAG-11;1398000000;-9999;ClAfstroming;-9999;10.0;;
1;1398;3360-EAG-11;1398000000;-9999;ClDrain;-9999;150.0;;
2;1398;3360-EAG-11;1398000000;-9999;ClKwel;-9999;50.0;;
3;1398;3360-EAG-11;1398000000;-9999;ClNeerslag;-9999;6.0;;
4;1398;3360-EAG-11;1398000000;-9999;ClRiolering;-9999;100.0;;
5;1398;3360-EAG-11;1398000000;-9999;ClUitspoeling;-9999;30.0;;
6;1398;3360-EAG-11;1398000000;-9999;ClVerhard;-9999;10.0;;
0;1398;3360-EAG-11;1398046436;1;Qkwel;ValueSeries;1.87;;01-04
1;1398;3360-EAG-11;1398046436;1;Qkwel;ValueSeries;2.36;;01-10
0;1398;3360-EAG-11;1398000000;1;Qkwel;ValueSeries;3.37;;01-04
1;1398;3360-EAG-11;1398000000;1;Qkwel;ValueSeries;3.86;;01-10
2;1398;3360-EAG-11;1398000000;1;Qwegz;Constant;1.5;;
0;1398;3360-EAG-11;1398000000;1;hTargetMax;ValueSeries;-1.28;;01-05
1;1398;3360-EAG-11;1398000000;1;hTargetMax;ValueSeries;-1.28;;01-10
2;1398;3360-EAG-11;1398000000;1;hTargetMax;ValueSeries;-1.28;;15-03
3;1398;3360-EAG-11;1398000000;1;hTargetMax;ValueSeries;-1.28;;15-08
4;1398;3360-EAG-11;1398000000;1;hTargetMin;ValueSeries;-1.31;;01-05
5;1398;3360-EAG-11;1398000000;1;hTargetMin;ValueSeries;-1.31;;01-10
6;1398;3360-EAG-11;1398000000;1;hTargetMin;ValueSeries;-1.31;;15-03
7;1398;3360-EAG-11;1398000000;1;hTargetMin;ValueSeries;-1.31;;15-08
