;EAGID;EAGCode;BakjeID;Laagvolgorde;ClusterType;ParamType;Waarde;WaardeAlfa;StartDag;Eenheid
0;1621;8050-GAF;1621123650;2;Qkwel;Constant;0.2;;;mm/dag
1;1621;8050-GAF;1621123651;1;Qkwel;Constant;0.2;;;mm/dag
2;1621;8050-GAF;1621123655;2;Qkwel;Constant;0.2;;;mm/dag
3;1621;8050-GAF;1621123656;1;Qkwel;Constant;0.2;;;mm/dag
4;1621;8050-GAF;1621123660;2;Qkwel;Constant;0.2;;;mm/dag
5;1621;8050-GAF;1621123661;1;Qkwel;Constant;0.2;;;mm/dag
6;1621;8050-GAF;1621123662;2;Qkwel;Constant;0.2;;;mm/dag
0;1621;8050-GAF;1621000000;1;Qkwel;Constant;0.2;;;mm/dag
1;1621;8050-GAF;1621000000;1;Qwegz;Constant;0.0;;;mm/dag
0;1621;8050-GAF;1621000000;1;hTargetMax;ValueSeries;-5.81;;01-10;mNAP
1;1621;8050-GAF;1621000000;1;hTargetMax;ValueSeries;-5.81;;15-03;mNAP
2;1621;8050-GAF;1621000000;1;hTargetMax;ValueSeries;-5.77;;01-05;mNAP
3;1621;8050-GAF;1621000000;1;hTargetMax;ValueSeries;-5.77;;15-08;mNAP
4;1621;8050-GAF;1621000000;1;hTargetMin;ValueSeries;-5.85;;01-10;mNAP
5;1621;8050-GAF;1621000000;1;hTargetMin;ValueSeries;-5.85;;15-03;mNAP
6;1621;8050-GAF;1621000000;1;hTargetMin;ValueSeries;-5.81;;01-05;mNAP
7;1621;8050-GAF;1621000000;1;hTargetMin;ValueSeries;-5.81;;15-08;mNAP
0;1621;8050-GAF;-9999;-9999;Inlaat1;ValueSeries;0.0;;01-10;m3/dag
1;1621;8050-GAF;-9999;-9999;Inlaat1;ValueSeries;1000.0;;01-04;m3/dag
2;1621;8050-GAF;-9999;-9999;Inlaat2;ValueSeries;0.0;;01-04;m3/dag
3;1621;8050-GAF;-9999;-9999;Inlaat2;ValueSeries;0.0;;01-10;m3/dag
4;1621;8050-GAF;-9999;-9999;Inlaat3;ValueSeries;0.0;;01-04;m3/dag
5;1621;8050-GAF;-9999;-9999;Inlaat3;ValueSeries;0.0;;01-10;m3/dag
6;1621;8050-GAF;-9999;-9999;Inlaat4;ValueSeries;0.0;;01-10;m3/dag
7;1621;8050-GAF;-9999;-9999;Inlaat4;ValueSeries;0.0;;01-04;m3/dag
8;1621;8050-GAF;-9999;-9999;Uitlaat1;ValueSeries;250.0;;01-10;m3/dag
9;1621;8050-GAF;-9999;-9999;Uitlaat1;ValueSeries;250.0;;01-04;m3/dag
10;1621;8050-GAF;-9999;-9999;Uitlaat2;ValueSeries;0.0;;01-04;m3/dag
11;1621;8050-GAF;-9999;-9999;Uitlaat2;ValueSeries;0.0;;01-10;m3/dag
12;1621;8050-GAF;-9999;-9999;Uitlaat3;ValueSeries;0.0;;01-04;m3/dag
13;1621;8050-GAF;-9999;-9999;Uitlaat3;ValueSeries;0.0;;01-10;m3/dag
14;1621;8050-GAF;-9999;-9999;Uitlaat4;ValueSeries;0.0;;01-10;m3/dag
15;1621;8050-GAF;-9999;-9999;Uitlaat4;ValueSeries;0.0;;01-04;m3/dag
0;1621;8050-GAF;-9999;-9999;Inlaat1;Local;;;;m3/dag
1;1621;8050-GAF;-9999;-9999;Inlaat2;Local;;;;m3/dag
2;1621;8050-GAF;-9999;-9999;Inlaat3;Local;;;;m3/dag
3;1621;8050-GAF;-9999;-9999;Inlaat4;Local;;;;m3/dag
4;1621;8050-GAF;-9999;-9999;Uitlaat1;Local;;;;m3/dag
5;1621;8050-GAF;-9999;-9999;Uitlaat2;Local;;;;m3/dag
6;1621;8050-GAF;-9999;-9999;Uitlaat3;Local;;;;m3/dag
7;1621;8050-GAF;-9999;-9999;Uitlaat4;Local;;;;m3/dag
0;1621;8050-GAF;-9999;-9999;Verdamping;FEWS;;ImportCAW|66002_VerdampingCAL|E.metingcal;;mm/dag
0;1621;8050-GAF;-9999;-9999;Gemaal1Debiet Pomp 1;Local;;;;m3/dag
1;1621;8050-GAF;-9999;-9999;Gemaal1Debiet Pomp 2;Local;;;;m3/dag
2;1621;8050-GAF;-9999;-9999;Gemaal2Debiet Pomp 1;Local;;;;m3/dag
3;1621;8050-GAF;-9999;-9999;Gemaal2Debiet Pomp 2;Local;;;;m3/dag
4;1621;8050-GAF;-9999;-9999;Gemaal3Debiet Pomp 1;Local;;;;m3/dag
5;1621;8050-GAF;-9999;-9999;Gemaal3Debiet Pomp 2;Local;;;;m3/dag
6;1621;8050-GAF;-9999;-9999;Neerslag;Local;;;;mm/dag
7;1621;8050-GAF;-9999;-9999;Peil;Local;;;;mNAP
8;1621;8050-GAF;-9999;-9999;Verdamping;Local;;;;mm/dag
