EAGID;EAGCode;BakjeID;Laagvolgorde;ClusterType;ParamType;Waarde;WaardeAlfa;StartDag;Eenheid
168;2540-GAF;168000802;2;Qkwel;Constant;1.0000000000;;;mm/dag
168;2540-GAF;168000803;1;Qkwel;Constant;1.0000000000;;;mm/dag
168;2540-GAF;168000804;2;Qkwel;Constant;1.0000000000;;;mm/dag
168;2540-GAF;168000000;1;Qkwel;Constant;70.0000000000;;;mm/dag
168;2540-GAF;168000000;1;Qwegz;Constant;0.0000000000;;;mm/dag
168;2540-GAF;168000000;1;hTargetMax;ValueSeries;-6.7000000000;;01-05;mNAP
168;2540-GAF;168000000;1;hTargetMax;ValueSeries;-6.7000000000;;01-10;mNAP
168;2540-GAF;168000000;1;hTargetMax;ValueSeries;-6.7000000000;;15-03;mNAP
168;2540-GAF;168000000;1;hTargetMax;ValueSeries;-6.7000000000;;15-08;mNAP
168;2540-GAF;168000000;1;hTargetMin;ValueSeries;-6.7200000000;;01-05;mNAP
168;2540-GAF;168000000;1;hTargetMin;ValueSeries;-6.7200000000;;01-10;mNAP
168;2540-GAF;168000000;1;hTargetMin;ValueSeries;-6.7200000000;;15-03;mNAP
168;2540-GAF;168000000;1;hTargetMin;ValueSeries;-6.7200000000;;15-08;mNAP
168;2540-GAF;-9999;-9999;Inlaat1;ValueSeries;3456.0000000000;;01-04;m3/dag
168;2540-GAF;-9999;-9999;Inlaat1;ValueSeries;1728.0000000000;;01-10;m3/dag
168;2540-GAF;-9999;-9999;Inlaat2;ValueSeries;0.0000000000;;01-04;m3/dag
168;2540-GAF;-9999;-9999;Inlaat2;ValueSeries;0.0000000000;;01-10;m3/dag
168;2540-GAF;-9999;-9999;Inlaat3;ValueSeries;3000.0000000000;;01-04;m3/dag
168;2540-GAF;-9999;-9999;Inlaat3;ValueSeries;100.0000000000;;01-10;m3/dag
168;2540-GAF;-9999;-9999;Inlaat4;ValueSeries;0.0000000000;;01-04;m3/dag
168;2540-GAF;-9999;-9999;Inlaat4;ValueSeries;0.0000000000;;01-10;m3/dag
168;2540-GAF;-9999;-9999;Uitlaat1;ValueSeries;0.0000000000;;01-04;m3/dag
168;2540-GAF;-9999;-9999;Uitlaat1;ValueSeries;0.0000000000;;01-10;m3/dag
168;2540-GAF;-9999;-9999;Uitlaat2;ValueSeries;0.0000000000;;01-04;m3/dag
168;2540-GAF;-9999;-9999;Uitlaat2;ValueSeries;0.0000000000;;01-10;m3/dag
168;2540-GAF;-9999;-9999;Uitlaat3;ValueSeries;0.0000000000;;01-04;m3/dag
168;2540-GAF;-9999;-9999;Uitlaat3;ValueSeries;0.0000000000;;01-10;m3/dag
168;2540-GAF;-9999;-9999;Uitlaat4;ValueSeries;0.0000000000;;01-04;m3/dag
168;2540-GAF;-9999;-9999;Uitlaat4;ValueSeries;0.0000000000;;01-10;m3/dag
168;2540-GAF;-9999;-9999;Inlaat2;FEWS;;polder|Pompvolumes|60002_hevel|Vol.berekend.dag|-999.0;;m3/dag
168;2540-GAF;-9999;-9999;Inlaat1;Local;;;;m3/dag
168;2540-GAF;-9999;-9999;Inlaat2;Local;;;;m3/dag
168;2540-GAF;-9999;-9999;Inlaat3;Local;;;;m3/dag
168;2540-GAF;-9999;-9999;Inlaat4;Local;;;;m3/dag
168;2540-GAF;-9999;-9999;Uitlaat1;Local;;;;m3/dag
168;2540-GAF;-9999;-9999;Uitlaat2;Local;;;;m3/dag
168;2540-GAF;-9999;-9999;Uitlaat3;Local;;;;m3/dag
168;2540-GAF;-9999;-9999;Uitlaat4;Local;;;;m3/dag
168;2540-GAF;-9999;-9999;Gemaal1Debiet Pomp 1;FEWS;;polder|Pompvolumes|60001_pomp_1|Vol.berekend.dag;;m3/dag
168;2540-GAF;-9999;-9999;Gemaal1Debiet Pomp 2;FEWS;;polder|Pompvolumes|60001_pomp_2|Vol.berekend.dag;;m3/dag
168;2540-GAF;-9999;-9999;Neerslag;FEWS;;meteo_meetstation_KNMI|ImportCAW|66005cal|P.meting.dagcal;;mm/dag
168;2540-GAF;-9999;-9999;Peil;FEWS;;polder|Statistiek|60001_polder|H.meting.gem;;mNAP
168;2540-GAF;-9999;-9999;Verdamping;FEWS;;meteo_meetstation_KNMI|ImportCAW|66002_VerdampingCAL|E.metingcal;;mm/dag
168;2540-GAF;-9999;-9999;Gemaal1Debiet Pomp 1;Local;;;;m3/dag
168;2540-GAF;-9999;-9999;Gemaal1Debiet Pomp 2;Local;;;;m3/dag
168;2540-GAF;-9999;-9999;Gemaal2Debiet Pomp 1;Local;;;;m3/dag
168;2540-GAF;-9999;-9999;Gemaal2Debiet Pomp 2;Local;;;;m3/dag
168;2540-GAF;-9999;-9999;Gemaal3Debiet Pomp 1;Local;;;;m3/dag
168;2540-GAF;-9999;-9999;Gemaal3Debiet Pomp 2;Local;;;;m3/dag
168;2540-GAF;-9999;-9999;Neerslag;Local;;;;mm/dag
168;2540-GAF;-9999;-9999;Peil;Local;;;;mNAP
168;2540-GAF;-9999;-9999;Verdamping;Local;;;;mm/dag
