;EAGID;EAGCode;BakjeID;Laagvolgorde;ClusterType;ParamType;Waarde;WaardeAlfa;StartDag
0;1586;2600-GAF;1586000000;-9999;ClAfstroming;-9999;25.0;;
1;1586;2600-GAF;1586000000;-9999;ClDrain;-9999;10.0;;
2;1586;2600-GAF;1586000000;-9999;ClKwel;-9999;400.0;;
3;1586;2600-GAF;1586000000;-9999;ClNeerslag;-9999;6.0;;
4;1586;2600-GAF;1586000000;-9999;ClRiolering;-9999;100.0;;
5;1586;2600-GAF;1586000000;-9999;ClUitspoeling;-9999;50.0;;
6;1586;2600-GAF;1586000000;-9999;ClVerhard;-9999;10.0;;
0;1586;2600-GAF;1586046070;1;Qkwel;Constant;0.2;;
1;1586;2600-GAF;1586046072;1;Qkwel;ValueSeries;0.0;;01-10
2;1586;2600-GAF;1586046072;1;Qkwel;ValueSeries;0.2;;01-04
3;1586;2600-GAF;1586046075;1;Qkwel;Constant;0.2;;
4;1586;2600-GAF;1586046077;1;Qkwel;ValueSeries;0.0;;01-10
5;1586;2600-GAF;1586046077;1;Qkwel;ValueSeries;0.2;;01-04
0;1586;2600-GAF;1586000000;1;Qkwel;Constant;0.2;;
1;1586;2600-GAF;1586000000;1;Qwegz;Constant;0.0;;
0;1586;2600-GAF;1586000000;1;hTargetMax;ValueSeries;-5.98;;01-10
1;1586;2600-GAF;1586000000;1;hTargetMax;ValueSeries;-5.98;;15-03
2;1586;2600-GAF;1586000000;1;hTargetMax;ValueSeries;-5.86;;01-05
3;1586;2600-GAF;1586000000;1;hTargetMax;ValueSeries;-5.86;;15-08
4;1586;2600-GAF;1586000000;1;hTargetMin;ValueSeries;-6.02;;01-10
5;1586;2600-GAF;1586000000;1;hTargetMin;ValueSeries;-6.02;;15-03
6;1586;2600-GAF;1586000000;1;hTargetMin;ValueSeries;-5.9;;01-05
7;1586;2600-GAF;1586000000;1;hTargetMin;ValueSeries;-5.9;;15-08
