EAGID;EAGCode;BakjeID;Laagvolgorde;ClusterType;ParamType;Waarde;WaardeAlfa;StartDag;Eenheid
250;3220-GAF;250001222;2;Qkwel;Constant;3.3800000000;;;mm/dag
250;3220-GAF;250001223;1;Qkwel;Constant;3.3800000000;;;mm/dag
250;3220-GAF;250001227;2;Qkwel;Constant;3.3800000000;;;mm/dag
250;3220-GAF;250001228;1;Qkwel;Constant;-1.2000000000;;;mm/dag
250;3220-GAF;250001232;2;Qkwel;Constant;3.3800000000;;;mm/dag
250;3220-GAF;250001233;1;Qkwel;Constant;-1.6000000000;;;mm/dag
250;3220-GAF;250001237;2;Qkwel;Constant;3.3800000000;;;mm/dag
250;3220-GAF;250001238;1;Qkwel;Constant;-0.3000000000;;;mm/dag
250;3220-GAF;250000000;1;Qkwel;ValueSeries;126.0000000000;;01-10;mm/dag
250;3220-GAF;250000000;1;Qkwel;ValueSeries;186.0000000000;;01-04;mm/dag
250;3220-GAF;250000000;1;Qwegz;Constant;0.0000000000;;;mm/dag
250;3220-GAF;250000000;1;hTargetMax;ValueSeries;-3.5200000000;;01-05;mNAP
250;3220-GAF;250000000;1;hTargetMax;ValueSeries;-3.5200000000;;01-10;mNAP
250;3220-GAF;250000000;1;hTargetMax;ValueSeries;-3.5200000000;;15-03;mNAP
250;3220-GAF;250000000;1;hTargetMax;ValueSeries;-3.5200000000;;15-08;mNAP
250;3220-GAF;250000000;1;hTargetMin;ValueSeries;-3.5500000000;;01-05;mNAP
250;3220-GAF;250000000;1;hTargetMin;ValueSeries;-3.5500000000;;01-10;mNAP
250;3220-GAF;250000000;1;hTargetMin;ValueSeries;-3.5500000000;;15-03;mNAP
250;3220-GAF;250000000;1;hTargetMin;ValueSeries;-3.5500000000;;15-08;mNAP
250;3220-GAF;-9999;-9999;Inlaat1;ValueSeries;5189.0000000000;;01-04;m3/dag
250;3220-GAF;-9999;-9999;Inlaat1;ValueSeries;1558.0000000000;;01-10;m3/dag
250;3220-GAF;-9999;-9999;Inlaat2;ValueSeries;3000.0000000000;;01-04;m3/dag
250;3220-GAF;-9999;-9999;Inlaat2;ValueSeries;3000.0000000000;;01-10;m3/dag
250;3220-GAF;-9999;-9999;Inlaat3;ValueSeries;0.0000000000;;01-04;m3/dag
250;3220-GAF;-9999;-9999;Inlaat3;ValueSeries;0.0000000000;;01-10;m3/dag
250;3220-GAF;-9999;-9999;Inlaat4;ValueSeries;0.0000000000;;01-04;m3/dag
250;3220-GAF;-9999;-9999;Inlaat4;ValueSeries;0.0000000000;;01-10;m3/dag
250;3220-GAF;-9999;-9999;Uitlaat1;ValueSeries;0.0000000000;;01-04;m3/dag
250;3220-GAF;-9999;-9999;Uitlaat1;ValueSeries;0.0000000000;;01-10;m3/dag
250;3220-GAF;-9999;-9999;Uitlaat2;ValueSeries;0.0000000000;;01-04;m3/dag
250;3220-GAF;-9999;-9999;Uitlaat2;ValueSeries;0.0000000000;;01-10;m3/dag
250;3220-GAF;-9999;-9999;Uitlaat3;ValueSeries;0.0000000000;;01-04;m3/dag
250;3220-GAF;-9999;-9999;Uitlaat3;ValueSeries;0.0000000000;;01-10;m3/dag
250;3220-GAF;-9999;-9999;Uitlaat4;ValueSeries;0.0000000000;;01-04;m3/dag
250;3220-GAF;-9999;-9999;Uitlaat4;ValueSeries;0.0000000000;;01-10;m3/dag
250;3220-GAF;-9999;-9999;Inlaat1;Local;;;;m3/dag
250;3220-GAF;-9999;-9999;Inlaat2;Local;;;;m3/dag
250;3220-GAF;-9999;-9999;Inlaat3;Local;;;;m3/dag
250;3220-GAF;-9999;-9999;Inlaat4;Local;;;;m3/dag
250;3220-GAF;-9999;-9999;Uitlaat1;Local;;;;m3/dag
250;3220-GAF;-9999;-9999;Uitlaat2;Local;;;;m3/dag
250;3220-GAF;-9999;-9999;Uitlaat3;Local;;;;m3/dag
250;3220-GAF;-9999;-9999;Uitlaat4;Local;;;;m3/dag
250;3220-GAF;-9999;-9999;Gemaal1Debiet Pomp 1;FEWS;;polder|Pompvolumes|62020_pomp_1|Vol.berekend.dag;;m3/dag
250;3220-GAF;-9999;-9999;Gemaal1Debiet Pomp 2;FEWS;;polder|Pompvolumes|62020_pomp_2|Vol.berekend.dag;;m3/dag
250;3220-GAF;-9999;-9999;Neerslag;FEWS;;meteo_meetstation_KNMI|ImportCAW|66011cal|P.meting.dagcal;;mm/dag
250;3220-GAF;-9999;-9999;Peil;FEWS;;polder|Statistiek|62020_polder_1_meting_1|H.meting.gem;;mNAP
250;3220-GAF;-9999;-9999;Verdamping;FEWS;;meteo_meetstation_KNMI|ImportCAW|66002_VerdampingCAL|E.metingcal;;mm/dag
250;3220-GAF;-9999;-9999;Gemaal1Debiet Pomp 1;Local;;;;m3/dag
250;3220-GAF;-9999;-9999;Gemaal1Debiet Pomp 2;Local;;;;m3/dag
250;3220-GAF;-9999;-9999;Gemaal2Debiet Pomp 1;Local;;;;m3/dag
250;3220-GAF;-9999;-9999;Gemaal2Debiet Pomp 2;Local;;;;m3/dag
250;3220-GAF;-9999;-9999;Gemaal3Debiet Pomp 1;Local;;;;m3/dag
250;3220-GAF;-9999;-9999;Gemaal3Debiet Pomp 2;Local;;;;m3/dag
250;3220-GAF;-9999;-9999;Neerslag;Local;;;;mm/dag
250;3220-GAF;-9999;-9999;Peil;Local;;;;mNAP
250;3220-GAF;-9999;-9999;Verdamping;Local;;;;mm/dag
