;EAGID;EAGCode;BakjeID;Laagvolgorde;ClusterType;ParamType;Waarde;WaardeAlfa;StartDag
0;1558;2120-GAF;1558000000;-9999;ClAfstroming;-9999;50.0;;
1;1558;2120-GAF;1558000000;-9999;ClDrain;-9999;250.0;;
2;1558;2120-GAF;1558000000;-9999;ClKwel;-9999;200.0;;
3;1558;2120-GAF;1558000000;-9999;ClNeerslag;-9999;6.0;;
4;1558;2120-GAF;1558000000;-9999;ClRiolering;-9999;100.0;;
5;1558;2120-GAF;1558000000;-9999;ClUitspoeling;-9999;250.0;;
6;1558;2120-GAF;1558000000;-9999;ClVerhard;-9999;200.0;;
0;1558;2120-GAF;1558045655;1;Qkwel;Constant;0.2637798588;;
1;1558;2120-GAF;1558045656;1;Qkwel;Constant;0.6;;
2;1558;2120-GAF;1558045660;1;Qkwel;Constant;0.2637798588;;
3;1558;2120-GAF;1558045661;1;Qkwel;Constant;-1.0;;
4;1558;2120-GAF;1558045665;1;Qkwel;Constant;0.2637798588;;
5;1558;2120-GAF;1558045666;1;Qkwel;Constant;0.4;;
6;1558;2120-GAF;1558045667;1;Qkwel;ValueSeries;0.0;;01-10
7;1558;2120-GAF;1558045667;1;Qkwel;ValueSeries;0.5;;01-04
0;1558;2120-GAF;1558000000;1;Qkwel;Constant;0.2637798588;;
1;1558;2120-GAF;1558000000;1;Qwegz;Constant;0.0;;
0;1558;2120-GAF;1558000000;1;hTargetMax;ValueSeries;-5.89;;01-05
1;1558;2120-GAF;1558000000;1;hTargetMax;ValueSeries;-5.89;;01-10
2;1558;2120-GAF;1558000000;1;hTargetMax;ValueSeries;-5.89;;15-03
3;1558;2120-GAF;1558000000;1;hTargetMax;ValueSeries;-5.89;;15-08
4;1558;2120-GAF;1558000000;1;hTargetMin;ValueSeries;-5.96;;01-05
5;1558;2120-GAF;1558000000;1;hTargetMin;ValueSeries;-5.96;;01-10
6;1558;2120-GAF;1558000000;1;hTargetMin;ValueSeries;-5.96;;15-03
7;1558;2120-GAF;1558000000;1;hTargetMin;ValueSeries;-5.96;;15-08
