;EAGID;EAGCode;BakjeID;Laagvolgorde;ClusterType;ReeksType;ParamType;Waarde;WaardeAlfa;StartDag;EAGReeksWaardeID;BakjeReeksWaardeID;LaagReeksWaardeID
0;19712;3360-EAG-1;-9999;-9999;Peil;Flux;FEWS;;Statistiek|62090_Benedenstroomspeil_stuw_1|H.meting.gem|-999.0;;25250;-9999;-9999
1;19712;3360-EAG-1;-9999;-9999;Peil;Flux;FEWS;;Statistiek|62090_polder_1_meting_1|H.meting.gem|-999.0;;25251;-9999;-9999
2;19712;3360-EAG-1;-9999;-9999;Verdamping;Flux;FEWS;;ImportCAW|66003_VerdampingCAl|E.metingcal|-999.0;;25252;-9999;-9999
3;19712;3360-EAG-1;-9999;-9999;Neerslag;Flux;FEWS;;ImportCAW|66011cal|P.meting.dagcal|-999.0;;25253;-9999;-9999
4;19712;3360-EAG-1;-9999;-9999;Peil;Flux;FEWS;;Statistiek|70019_Polderpeil|H.meting.gem|-999.0;;25254;-9999;-9999
0;19712;3360-EAG-1;16432;-9999;ClVerhard;Cl;-9999;10;;;-9999;834;-9999
1;19712;3360-EAG-1;16432;-9999;ClRiolering;Cl;-9999;100;;;-9999;835;-9999
2;19712;3360-EAG-1;16432;-9999;ClDrain;Cl;-9999;150;;;-9999;836;-9999
3;19712;3360-EAG-1;16432;-9999;ClUitspoeling;Cl;-9999;20;;;-9999;837;-9999
4;19712;3360-EAG-1;16432;-9999;ClAfstroming;Cl;-9999;10;;;-9999;838;-9999
0;19712;3360-EAG-1;16430;1;Qkwel;Flux;ValueSeries;0.6;;01-04;-9999;-9999;9073
1;19712;3360-EAG-1;16430;1;Qkwel;Flux;ValueSeries;0.99;;01-10;-9999;-9999;9074
2;19712;3360-EAG-1;16431;1;Qkwel;Flux;ValueSeries;-1.06;;01-04;-9999;-9999;9075
3;19712;3360-EAG-1;16431;1;Qkwel;Flux;ValueSeries;-1.77;;01-10;-9999;-9999;9076
4;19712;3360-EAG-1;16432;1;Qkwel;Cl;Constant;30.0;;;-9999;-9999;9077
5;19712;3360-EAG-1;16432;1;Qkwel;Flux;ValueSeries;0.6;;01-04;-9999;-9999;9078
6;19712;3360-EAG-1;16432;1;Qkwel;Flux;ValueSeries;0.99;;01-10;-9999;-9999;9080
7;19712;3360-EAG-1;16432;1;Qwegz;Flux;ValueSeries;0.0;;01-04;-9999;-9999;9079
8;19712;3360-EAG-1;16432;1;Qwegz;Flux;ValueSeries;0.0;;01-10;-9999;-9999;9081
