;EAGID;EAGCode;BakjeID;Laagvolgorde;ClusterType;ParamType;Waarde;WaardeAlfa;StartDag
0;1611;6400-GAF;1611000000;-9999;ClAfstroming;-9999;25.0;;
1;1611;6400-GAF;1611000000;-9999;ClDrain;-9999;80.0;;
2;1611;6400-GAF;1611000000;-9999;ClKwel;-9999;350.0;;
3;1611;6400-GAF;1611000000;-9999;ClNeerslag;-9999;6.0;;
4;1611;6400-GAF;1611000000;-9999;ClRiolering;-9999;100.0;;
5;1611;6400-GAF;1611000000;-9999;ClUitspoeling;-9999;200.0;;
6;1611;6400-GAF;1611000000;-9999;ClVerhard;-9999;10.0;;
0;1611;6400-GAF;1611046680;1;Qkwel;Constant;1.029999967;;
1;1611;6400-GAF;1611046681;1;Qkwel;Constant;1.03;;
2;1611;6400-GAF;1611046682;1;Qkwel;ValueSeries;0.0;;01-10
3;1611;6400-GAF;1611046682;1;Qkwel;ValueSeries;1.03;;01-04
4;1611;6400-GAF;1611046686;1;Qkwel;Constant;1.03;;
5;1611;6400-GAF;1611046687;1;Qkwel;ValueSeries;0.0;;01-10
6;1611;6400-GAF;1611046687;1;Qkwel;ValueSeries;1.03;;01-04
0;1611;6400-GAF;1611000000;1;Qkwel;Constant;1.029999967;;
1;1611;6400-GAF;1611000000;1;Qwegz;Constant;0.0;;
0;1611;6400-GAF;1611000000;1;hTargetMax;ValueSeries;-5.45;;01-05
1;1611;6400-GAF;1611000000;1;hTargetMax;ValueSeries;-5.45;;01-10
2;1611;6400-GAF;1611000000;1;hTargetMax;ValueSeries;-5.45;;15-03
3;1611;6400-GAF;1611000000;1;hTargetMax;ValueSeries;-5.45;;15-08
4;1611;6400-GAF;1611000000;1;hTargetMin;ValueSeries;-5.55;;01-05
5;1611;6400-GAF;1611000000;1;hTargetMin;ValueSeries;-5.55;;01-10
6;1611;6400-GAF;1611000000;1;hTargetMin;ValueSeries;-5.55;;15-03
7;1611;6400-GAF;1611000000;1;hTargetMin;ValueSeries;-5.55;;15-08
