;EAGID;EAGCode;BakjeID;Laagvolgorde;ClusterType;ReeksType;ParamType;Waarde;WaardeAlfa;StartDag;EAGReeksWaardeID;BakjeReeksWaardeID;LaagReeksWaardeID
0;19535;2220-EAG-2;-9999;-9999;Gemaal;Flux;FEWS;;Pompvolumes|60340_Pomp_1_bedrijf|Vol.berekend.dag|-999.0;;24952;-9999;-9999
1;19535;2220-EAG-2;-9999;-9999;Gemaal;Flux;FEWS;;Pompvolumes|60340_Pomp_2_bedrijf|Vol.berekend.dag|-999.0;;24953;-9999;-9999
2;19535;2220-EAG-2;-9999;-9999;Gemaal;Flux;FEWS;;Pompvolumes|60340_Pomp_3_bedrijf|Vol.berekend.dag|-999.0;;24954;-9999;-9999
3;19535;2220-EAG-2;-9999;-9999;Peil;Flux;FEWS;;Statistiek|62861_polder|H.meting.gem|-999.0;;24955;-9999;-9999
4;19535;2220-EAG-2;-9999;-9999;Verdamping;Flux;FEWS;;ImportCAW|66002_VerdampingCAL|E.metingcal|-999.0;;24956;-9999;-9999
5;19535;2220-EAG-2;-9999;-9999;Neerslag;Flux;FEWS;;ImportCAW|66015cal|P.meting.dagcal|-999.0;;24957;-9999;-9999
