;EAGID;EAGCode;BakjeID;Laagvolgorde;ClusterType;ParamType;Waarde;WaardeAlfa;StartDag
0;1604;4130-GAF;1604000000;-9999;ClAfstroming;-9999;30.0;;
1;1604;4130-GAF;1604000000;-9999;ClDrain;-9999;70.0;;
2;1604;4130-GAF;1604000000;-9999;ClKwel;-9999;600.0;;
3;1604;4130-GAF;1604000000;-9999;ClNeerslag;-9999;6.0;;
4;1604;4130-GAF;1604000000;-9999;ClRiolering;-9999;100.0;;
5;1604;4130-GAF;1604000000;-9999;ClUitspoeling;-9999;600.0;;
6;1604;4130-GAF;1604000000;-9999;ClVerhard;-9999;10.0;;
0;1604;4130-GAF;1604046580;1;Qkwel;Constant;0.0;;
1;1604;4130-GAF;1604046581;1;Qkwel;Constant;-0.5;;
0;1604;4130-GAF;1604000000;1;Qkwel;Constant;0.0;;
1;1604;4130-GAF;1604000000;1;Qwegz;Constant;0.4999990716;;
0;1604;4130-GAF;1604000000;1;hTargetMax;ValueSeries;-1.65;;01-05
1;1604;4130-GAF;1604000000;1;hTargetMax;ValueSeries;-1.65;;01-10
2;1604;4130-GAF;1604000000;1;hTargetMax;ValueSeries;-1.65;;15-03
3;1604;4130-GAF;1604000000;1;hTargetMax;ValueSeries;-1.65;;15-08
4;1604;4130-GAF;1604000000;1;hTargetMin;ValueSeries;-1.69;;01-05
5;1604;4130-GAF;1604000000;1;hTargetMin;ValueSeries;-1.69;;01-10
6;1604;4130-GAF;1604000000;1;hTargetMin;ValueSeries;-1.69;;15-03
7;1604;4130-GAF;1604000000;1;hTargetMin;ValueSeries;-1.69;;15-08
