EAGID;EAGCode;BakjeID;Laagvolgorde;ClusterType;ParamType;Waarde;WaardeAlfa;StartDag;Eenheid
544;2511-2512-GAF;544000757;2;Qkwel;Constant;0.0000000000;;;mm/dag
544;2511-2512-GAF;544000758;1;Qkwel;ValueSeries;-1.6596808905;;01-10;mm/dag
544;2511-2512-GAF;544000758;1;Qkwel;ValueSeries;-1.2447606679;;01-04;mm/dag
544;2511-2512-GAF;544000000;1;Qkwel;Constant;0.0000000000;;;mm/dag
544;2511-2512-GAF;544000000;1;Qwegz;Constant;1.2447606679;;;mm/dag
544;2511-2512-GAF;544000000;1;hTargetMax;ValueSeries;-2.4500000000;;01-05;mNAP
544;2511-2512-GAF;544000000;1;hTargetMax;ValueSeries;-2.4500000000;;01-10;mNAP
544;2511-2512-GAF;544000000;1;hTargetMax;ValueSeries;-2.4500000000;;15-03;mNAP
544;2511-2512-GAF;544000000;1;hTargetMax;ValueSeries;-2.4500000000;;15-08;mNAP
544;2511-2512-GAF;544000000;1;hTargetMin;ValueSeries;-2.4700000000;;01-05;mNAP
544;2511-2512-GAF;544000000;1;hTargetMin;ValueSeries;-2.4700000000;;01-10;mNAP
544;2511-2512-GAF;544000000;1;hTargetMin;ValueSeries;-2.4700000000;;15-03;mNAP
544;2511-2512-GAF;544000000;1;hTargetMin;ValueSeries;-2.4700000000;;15-08;mNAP
544;2511-2512-GAF;-9999;-9999;Inlaat1;ValueSeries;1700.0000000000;;01-04;m3/dag
544;2511-2512-GAF;-9999;-9999;Inlaat1;ValueSeries;1900.0000000000;;01-10;m3/dag
544;2511-2512-GAF;-9999;-9999;Inlaat2;ValueSeries;0.0000000000;;01-04;m3/dag
544;2511-2512-GAF;-9999;-9999;Inlaat2;ValueSeries;0.0000000000;;01-10;m3/dag
544;2511-2512-GAF;-9999;-9999;Inlaat3;ValueSeries;0.0000000000;;01-04;m3/dag
544;2511-2512-GAF;-9999;-9999;Inlaat3;ValueSeries;0.0000000000;;01-10;m3/dag
544;2511-2512-GAF;-9999;-9999;Inlaat4;ValueSeries;0.0000000000;;01-04;m3/dag
544;2511-2512-GAF;-9999;-9999;Inlaat4;ValueSeries;0.0000000000;;01-10;m3/dag
544;2511-2512-GAF;-9999;-9999;Uitlaat1;ValueSeries;0.0000000000;;01-04;m3/dag
544;2511-2512-GAF;-9999;-9999;Uitlaat1;ValueSeries;0.0000000000;;01-10;m3/dag
544;2511-2512-GAF;-9999;-9999;Uitlaat2;ValueSeries;0.0000000000;;01-04;m3/dag
544;2511-2512-GAF;-9999;-9999;Uitlaat2;ValueSeries;0.0000000000;;01-10;m3/dag
544;2511-2512-GAF;-9999;-9999;Uitlaat3;ValueSeries;0.0000000000;;01-04;m3/dag
544;2511-2512-GAF;-9999;-9999;Uitlaat3;ValueSeries;0.0000000000;;01-10;m3/dag
544;2511-2512-GAF;-9999;-9999;Uitlaat4;ValueSeries;0.0000000000;;01-04;m3/dag
544;2511-2512-GAF;-9999;-9999;Uitlaat4;ValueSeries;0.0000000000;;01-10;m3/dag
544;2511-2512-GAF;-9999;-9999;Inlaat1;Local;;;;m3/dag
544;2511-2512-GAF;-9999;-9999;Inlaat2;Local;;;;m3/dag
544;2511-2512-GAF;-9999;-9999;Inlaat3;Local;;;;m3/dag
544;2511-2512-GAF;-9999;-9999;Inlaat4;Local;;;;m3/dag
544;2511-2512-GAF;-9999;-9999;Uitlaat1;Local;;;;m3/dag
544;2511-2512-GAF;-9999;-9999;Uitlaat2;Local;;;;m3/dag
544;2511-2512-GAF;-9999;-9999;Uitlaat3;Local;;;;m3/dag
544;2511-2512-GAF;-9999;-9999;Uitlaat4;Local;;;;m3/dag
544;2511-2512-GAF;-9999;-9999;Gemaal1Debiet Pomp 1;FEWS;;Pompvolumes|60044_pomp_1|Vol.berekend.dag|-999.0;;m3/dag
544;2511-2512-GAF;-9999;-9999;Gemaal1Debiet Pomp 2;FEWS;;Pompvolumes|60044_pomp_2|Vol.berekend.dag|-999.0;;m3/dag
544;2511-2512-GAF;-9999;-9999;Neerslag;FEWS;;meteo_meetstation_KNMI|ImportCAW|66005cal|P.meting.dagcal;;mm/dag
544;2511-2512-GAF;-9999;-9999;Peil;FEWS;;polder|Statistiek|60044_polder|H.meting.gem;;mNAP
544;2511-2512-GAF;-9999;-9999;Verdamping;FEWS;;meteo_meetstation_KNMI|ImportCAW|66002_VerdampingCAL|E.metingcal;;mm/dag
544;2511-2512-GAF;-9999;-9999;Gemaal1Debiet Pomp 1;Local;;;;m3/dag
544;2511-2512-GAF;-9999;-9999;Gemaal1Debiet Pomp 2;Local;;;;m3/dag
544;2511-2512-GAF;-9999;-9999;Gemaal2Debiet Pomp 1;Local;;;;m3/dag
544;2511-2512-GAF;-9999;-9999;Gemaal2Debiet Pomp 2;Local;;;;m3/dag
544;2511-2512-GAF;-9999;-9999;Gemaal3Debiet Pomp 1;Local;;;;m3/dag
544;2511-2512-GAF;-9999;-9999;Gemaal3Debiet Pomp 2;Local;;;;m3/dag
544;2511-2512-GAF;-9999;-9999;Neerslag;Local;;;;mm/dag
544;2511-2512-GAF;-9999;-9999;Peil;Local;;;;mNAP
544;2511-2512-GAF;-9999;-9999;Verdamping;Local;;;;mm/dag
