;EAGID;EAGCode;BakjeID;Laagvolgorde;ClusterType;ReeksType;ParamType;Waarde;WaardeAlfa;StartDag;EAGReeksWaardeID;BakjeReeksWaardeID;LaagReeksWaardeID
0;19852;8050-EAG-2;-9999;-9999;Gemaal;Flux;FEWS;;Pompvolumes|62331_pomp1|Vol.berekend.dag|-999.0;;25412;-9999;-9999
1;19852;8050-EAG-2;-9999;-9999;Gemaal;Flux;FEWS;;Pompvolumes|62331_pomp2|Vol.berekend.dag|-999.0;;25413;-9999;-9999
2;19852;8050-EAG-2;-9999;-9999;Gemaal;Flux;FEWS;;Pompvolumes|62331_pomp3|Vol.berekend.dag|-999.0;;25414;-9999;-9999
3;19852;8050-EAG-2;-9999;-9999;Verdamping;Flux;FEWS;;ImportCAW|66002_VerdampingCAL|E.metingcal|-999.0;;25415;-9999;-9999
4;19852;8050-EAG-2;-9999;-9999;Neerslag;Flux;FEWS;;ImportCAW|66010cal|P.meting.dagcal|-999.0;;25416;-9999;-9999
