;EAGID;EAGCode;BakjeID;Laagvolgorde;ClusterType;ReeksType;ParamType;Waarde;WaardeAlfa;StartDag;EAGReeksWaardeID;BakjeReeksWaardeID;LaagReeksWaardeID
0;19669;3230-EAG-5;-9999;-9999;Verdamping;Flux;FEWS;;ImportCAW|66003_VerdampingCAl|E.metingcal|-999.0;;24985;-9999;-9999
1;19669;3230-EAG-5;-9999;-9999;Neerslag;Flux;FEWS;;ImportCAW|66011cal|P.meting.dagcal|-999.0;;24986;-9999;-9999
0;19669;3230-EAG-5;16417;-9999;ClVerhard;Cl;-9999;10;;;-9999;809;-9999
1;19669;3230-EAG-5;16417;-9999;ClRiolering;Cl;-9999;100;;;-9999;810;-9999
2;19669;3230-EAG-5;16417;-9999;ClDrain;Cl;-9999;50;;;-9999;811;-9999
3;19669;3230-EAG-5;16417;-9999;ClUitspoeling;Cl;-9999;50;;;-9999;812;-9999
4;19669;3230-EAG-5;16417;-9999;ClAfstroming;Cl;-9999;30;;;-9999;813;-9999
0;19669;3230-EAG-5;16415;2;Qkwel;Flux;Constant;0.0;;;-9999;-9999;9048
1;19669;3230-EAG-5;16416;1;Qkwel;Flux;Constant;0.6077529534;;;-9999;-9999;9049
2;19669;3230-EAG-5;16417;1;Qkwel;Flux;Constant;0.4684990888;;;-9999;-9999;9050
3;19669;3230-EAG-5;16417;1;Qkwel;Cl;Constant;30.0;;;-9999;-9999;9051
4;19669;3230-EAG-5;16417;1;Qwegz;Flux;Constant;0.7696772665;;;-9999;-9999;9052
