;EAGID;EAGCode;BakjeID;Laagvolgorde;ClusterType;ParamType;Waarde;WaardeAlfa;StartDag;Eenheid
0;1567;2270-GAF;1567121510;2;Qkwel;Constant;-0.2;;;mm/dag
1;1567;2270-GAF;1567121511;1;Qkwel;Constant;-0.2;;;mm/dag
0;1567;2270-GAF;1567000000;1;Qkwel;Constant;0.0;;;mm/dag
1;1567;2270-GAF;1567000000;1;Qwegz;Constant;0.199999979;;;mm/dag
0;1567;2270-GAF;1567000000;1;hTargetMax;ValueSeries;0.0;;01-05;mNAP
1;1567;2270-GAF;1567000000;1;hTargetMax;ValueSeries;0.0;;01-10;mNAP
2;1567;2270-GAF;1567000000;1;hTargetMax;ValueSeries;0.0;;15-03;mNAP
3;1567;2270-GAF;1567000000;1;hTargetMax;ValueSeries;0.0;;15-08;mNAP
4;1567;2270-GAF;1567000000;1;hTargetMin;ValueSeries;0.0;;01-05;mNAP
5;1567;2270-GAF;1567000000;1;hTargetMin;ValueSeries;0.0;;01-10;mNAP
6;1567;2270-GAF;1567000000;1;hTargetMin;ValueSeries;0.0;;15-03;mNAP
7;1567;2270-GAF;1567000000;1;hTargetMin;ValueSeries;0.0;;15-08;mNAP
0;1567;2270-GAF;-9999;-9999;Inlaat1;ValueSeries;1500.0;;01-10;m3/dag
1;1567;2270-GAF;-9999;-9999;Inlaat1;ValueSeries;2500.0;;01-04;m3/dag
2;1567;2270-GAF;-9999;-9999;Inlaat2;ValueSeries;0.0;;01-04;m3/dag
3;1567;2270-GAF;-9999;-9999;Inlaat2;ValueSeries;0.0;;01-10;m3/dag
4;1567;2270-GAF;-9999;-9999;Inlaat3;ValueSeries;0.0;;01-04;m3/dag
5;1567;2270-GAF;-9999;-9999;Inlaat3;ValueSeries;0.0;;01-10;m3/dag
6;1567;2270-GAF;-9999;-9999;Inlaat4;ValueSeries;0.0;;01-10;m3/dag
7;1567;2270-GAF;-9999;-9999;Inlaat4;ValueSeries;0.0;;01-04;m3/dag
8;1567;2270-GAF;-9999;-9999;Uitlaat1;ValueSeries;0.0;;01-10;m3/dag
9;1567;2270-GAF;-9999;-9999;Uitlaat1;ValueSeries;0.0;;01-04;m3/dag
10;1567;2270-GAF;-9999;-9999;Uitlaat2;ValueSeries;0.0;;01-04;m3/dag
11;1567;2270-GAF;-9999;-9999;Uitlaat2;ValueSeries;0.0;;01-10;m3/dag
12;1567;2270-GAF;-9999;-9999;Uitlaat3;ValueSeries;0.0;;01-04;m3/dag
13;1567;2270-GAF;-9999;-9999;Uitlaat3;ValueSeries;0.0;;01-10;m3/dag
14;1567;2270-GAF;-9999;-9999;Uitlaat4;ValueSeries;0.0;;01-10;m3/dag
15;1567;2270-GAF;-9999;-9999;Uitlaat4;ValueSeries;0.0;;01-04;m3/dag
0;1567;2270-GAF;-9999;-9999;Inlaat1;FEWS;;polder|Pompvolumes|60141_pomp_1|Vol.berekend.dag;;m3/dag
1;1567;2270-GAF;-9999;-9999;Inlaat2;FEWS;;polder|Pompvolumes|60141_pomp_2|Vol.berekend.dag;;m3/dag
0;1567;2270-GAF;-9999;-9999;Inlaat1;Local;;;;m3/dag
1;1567;2270-GAF;-9999;-9999;Inlaat2;Local;;;;m3/dag
2;1567;2270-GAF;-9999;-9999;Inlaat3;Local;;;;m3/dag
3;1567;2270-GAF;-9999;-9999;Inlaat4;Local;;;;m3/dag
4;1567;2270-GAF;-9999;-9999;Uitlaat1;Local;;;;m3/dag
5;1567;2270-GAF;-9999;-9999;Uitlaat2;Local;;;;m3/dag
6;1567;2270-GAF;-9999;-9999;Uitlaat3;Local;;;;m3/dag
7;1567;2270-GAF;-9999;-9999;Uitlaat4;Local;;;;m3/dag
0;1567;2270-GAF;-9999;-9999;Gemaal1Debiet Pomp 1;FEWS;;polder|Pompvolumes|60140_pomp_1|Vol.berekend.dag;;m3/dag
1;1567;2270-GAF;-9999;-9999;Peil;FEWS;;polder|Statistiek|60140_polder|H.meting.gem;;mNAP
2;1567;2270-GAF;-9999;-9999;Verdamping;FEWS;;ImportCAW|66002_VerdampingCAL|E.metingcal;;mm/dag
0;1567;2270-GAF;-9999;-9999;Gemaal1Debiet Pomp 1;Local;;;;m3/dag
1;1567;2270-GAF;-9999;-9999;Gemaal1Debiet Pomp 2;Local;;;;m3/dag
2;1567;2270-GAF;-9999;-9999;Gemaal2Debiet Pomp 1;Local;;;;m3/dag
3;1567;2270-GAF;-9999;-9999;Gemaal2Debiet Pomp 2;Local;;;;m3/dag
4;1567;2270-GAF;-9999;-9999;Gemaal3Debiet Pomp 1;Local;;;;m3/dag
5;1567;2270-GAF;-9999;-9999;Gemaal3Debiet Pomp 2;Local;;;;m3/dag
6;1567;2270-GAF;-9999;-9999;Neerslag;Local;;;;mm/dag
7;1567;2270-GAF;-9999;-9999;Peil;Local;;;;mNAP
8;1567;2270-GAF;-9999;-9999;Verdamping;Local;;;;mm/dag
