EAGID;EAGCode;BakjeID;Laagvolgorde;ClusterType;ParamType;Waarde;WaardeAlfa;StartDag;Eenheid
78;2230-GAF;78000242;2;Qkwel;ValueSeries;-0.5500000000;;01-04;mm/dag
78;2230-GAF;78000242;2;Qkwel;ValueSeries;0.0000000000;;01-10;mm/dag
78;2230-GAF;78000243;1;Qkwel;ValueSeries;-0.5500000000;;01-04;mm/dag
78;2230-GAF;78000243;1;Qkwel;ValueSeries;0.0000000000;;01-10;mm/dag
78;2230-GAF;78000244;2;Qkwel;ValueSeries;-0.5500000000;;01-04;mm/dag
78;2230-GAF;78000244;2;Qkwel;ValueSeries;0.0000000000;;01-10;mm/dag
78;2230-GAF;78000248;1;Qkwel;ValueSeries;-0.5500000000;;01-04;mm/dag
78;2230-GAF;78000248;1;Qkwel;ValueSeries;0.0000000000;;01-10;mm/dag
78;2230-GAF;78000249;2;Qkwel;ValueSeries;-0.5500000000;;01-04;mm/dag
78;2230-GAF;78000249;2;Qkwel;ValueSeries;0.0000000000;;01-10;mm/dag
78;2230-GAF;78000252;2;Qkwel;ValueSeries;-0.5500000000;;01-04;mm/dag
78;2230-GAF;78000252;2;Qkwel;ValueSeries;0.0000000000;;01-10;mm/dag
78;2230-GAF;78000253;1;Qkwel;ValueSeries;-0.5500000000;;01-04;mm/dag
78;2230-GAF;78000253;1;Qkwel;ValueSeries;0.0000000000;;01-10;mm/dag
78;2230-GAF;78000254;2;Qkwel;ValueSeries;-0.5500000000;;01-04;mm/dag
78;2230-GAF;78000254;2;Qkwel;ValueSeries;0.0000000000;;01-10;mm/dag
78;2230-GAF;78000000;1;Qkwel;Constant;0.0000000000;;;mm/dag
78;2230-GAF;78000000;1;Qwegz;ValueSeries;0.0000000000;;01-10;mm/dag
78;2230-GAF;78000000;1;Qwegz;ValueSeries;0.5499999765;;01-04;mm/dag
78;2230-GAF;78000000;1;hTargetMax;ValueSeries;0.0000000000;;01-05;mNAP
78;2230-GAF;78000000;1;hTargetMax;ValueSeries;0.0000000000;;01-10;mNAP
78;2230-GAF;78000000;1;hTargetMax;ValueSeries;0.0000000000;;15-03;mNAP
78;2230-GAF;78000000;1;hTargetMax;ValueSeries;0.0000000000;;15-08;mNAP
78;2230-GAF;78000000;1;hTargetMin;ValueSeries;0.0000000000;;01-05;mNAP
78;2230-GAF;78000000;1;hTargetMin;ValueSeries;0.0000000000;;01-10;mNAP
78;2230-GAF;78000000;1;hTargetMin;ValueSeries;0.0000000000;;15-03;mNAP
78;2230-GAF;78000000;1;hTargetMin;ValueSeries;0.0000000000;;15-08;mNAP
78;2230-GAF;-9999;-9999;Inlaat1;ValueSeries;0.0000000000;;01-04;m3/dag
78;2230-GAF;-9999;-9999;Inlaat2;ValueSeries;0.0000000000;;01-04;m3/dag
78;2230-GAF;-9999;-9999;Inlaat3;ValueSeries;0.0000000000;;01-04;m3/dag
78;2230-GAF;-9999;-9999;Inlaat3;ValueSeries;0.0000000000;;01-10;m3/dag
78;2230-GAF;-9999;-9999;Inlaat4;ValueSeries;0.0000000000;;01-04;m3/dag
78;2230-GAF;-9999;-9999;Inlaat4;ValueSeries;0.0000000000;;01-10;m3/dag
78;2230-GAF;-9999;-9999;Uitlaat1;ValueSeries;0.0000000000;;01-04;m3/dag
78;2230-GAF;-9999;-9999;Uitlaat1;ValueSeries;0.0000000000;;01-10;m3/dag
78;2230-GAF;-9999;-9999;Uitlaat2;ValueSeries;0.0000000000;;01-04;m3/dag
78;2230-GAF;-9999;-9999;Uitlaat2;ValueSeries;0.0000000000;;01-10;m3/dag
78;2230-GAF;-9999;-9999;Uitlaat3;ValueSeries;0.0000000000;;01-04;m3/dag
78;2230-GAF;-9999;-9999;Uitlaat3;ValueSeries;0.0000000000;;01-10;m3/dag
78;2230-GAF;-9999;-9999;Uitlaat4;ValueSeries;0.0000000000;;01-04;m3/dag
78;2230-GAF;-9999;-9999;Uitlaat4;ValueSeries;0.0000000000;;01-10;m3/dag
78;2230-GAF;-9999;-9999;Inlaat1;Local;;;;m3/dag
78;2230-GAF;-9999;-9999;Inlaat2;Local;;;;m3/dag
78;2230-GAF;-9999;-9999;Inlaat3;Local;;;;m3/dag
78;2230-GAF;-9999;-9999;Inlaat4;Local;;;;m3/dag
78;2230-GAF;-9999;-9999;Uitlaat1;Local;;;;m3/dag
78;2230-GAF;-9999;-9999;Uitlaat2;Local;;;;m3/dag
78;2230-GAF;-9999;-9999;Uitlaat3;Local;;;;m3/dag
78;2230-GAF;-9999;-9999;Uitlaat4;Local;;;;m3/dag
78;2230-GAF;-9999;-9999;Gemaal1Debiet Pomp 1;FEWS;;polder|Pompvolumes|60160_pomp_1|Vol.berekend.dag;;m3/dag
78;2230-GAF;-9999;-9999;Gemaal1Debiet Pomp 2;FEWS;;polder|Pompvolumes|60160_pomp_2|Vol.berekend.dag;;m3/dag
78;2230-GAF;-9999;-9999;Neerslag;FEWS;;meteo_meetstation_KNMI|ImportCAW|66015cal|P.meting.dagcal;;mm/dag
78;2230-GAF;-9999;-9999;Peil;FEWS;;polder|Statistiek|60160_polder|H.meting.gem;;mNAP
78;2230-GAF;-9999;-9999;Verdamping;FEWS;;meteo_meetstation_KNMI|ImportCAW|66002_VerdampingCAL|E.metingcal;;mm/dag
78;2230-GAF;-9999;-9999;Gemaal1Debiet Pomp 1;Local;;;;m3/dag
78;2230-GAF;-9999;-9999;Gemaal1Debiet Pomp 2;Local;;;;m3/dag
78;2230-GAF;-9999;-9999;Gemaal2Debiet Pomp 1;Local;;;;m3/dag
78;2230-GAF;-9999;-9999;Gemaal2Debiet Pomp 2;Local;;;;m3/dag
78;2230-GAF;-9999;-9999;Gemaal3Debiet Pomp 1;Local;;;;m3/dag
78;2230-GAF;-9999;-9999;Gemaal3Debiet Pomp 2;Local;;;;m3/dag
78;2230-GAF;-9999;-9999;Neerslag;Local;;;;mm/dag
78;2230-GAF;-9999;-9999;Peil;Local;;;;mNAP
78;2230-GAF;-9999;-9999;Verdamping;Local;;;;mm/dag
