EAGID;EAGCode;BakjeID;Laagvolgorde;ClusterType;ParamType;Waarde;WaardeAlfa;StartDag;Eenheid
142;2503-GAF;142000622;2;Qkwel;Constant;0.5000000000;;;mm/dag
142;2503-GAF;142000623;1;Qkwel;Constant;0.3000000000;;;mm/dag
142;2503-GAF;142000624;2;Qkwel;Constant;0.3000000000;;;mm/dag
142;2503-GAF;142000000;1;Qkwel;Constant;0.5000000000;;;mm/dag
142;2503-GAF;142000000;1;Qwegz;Constant;0.0000000000;;;mm/dag
142;2503-GAF;142000000;1;hTargetMax;ValueSeries;-6.5500000000;;01-05;mNAP
142;2503-GAF;142000000;1;hTargetMax;ValueSeries;-6.5500000000;;01-10;mNAP
142;2503-GAF;142000000;1;hTargetMax;ValueSeries;-6.5500000000;;15-03;mNAP
142;2503-GAF;142000000;1;hTargetMax;ValueSeries;-6.5500000000;;15-08;mNAP
142;2503-GAF;142000000;1;hTargetMin;ValueSeries;-6.6500000000;;01-05;mNAP
142;2503-GAF;142000000;1;hTargetMin;ValueSeries;-6.6500000000;;01-10;mNAP
142;2503-GAF;142000000;1;hTargetMin;ValueSeries;-6.6500000000;;15-03;mNAP
142;2503-GAF;142000000;1;hTargetMin;ValueSeries;-6.6500000000;;15-08;mNAP
142;2503-GAF;-9999;-9999;Inlaat1;ValueSeries;10000.0000000000;;01-04;m3/dag
142;2503-GAF;-9999;-9999;Inlaat1;ValueSeries;3000.0000000000;;01-10;m3/dag
142;2503-GAF;-9999;-9999;Inlaat2;ValueSeries;0.0000000000;;01-04;m3/dag
142;2503-GAF;-9999;-9999;Inlaat2;ValueSeries;0.0000000000;;01-10;m3/dag
142;2503-GAF;-9999;-9999;Inlaat3;ValueSeries;0.0000000000;;01-04;m3/dag
142;2503-GAF;-9999;-9999;Inlaat3;ValueSeries;0.0000000000;;01-10;m3/dag
142;2503-GAF;-9999;-9999;Inlaat4;ValueSeries;20000.0000000000;;01-04;m3/dag
142;2503-GAF;-9999;-9999;Inlaat4;ValueSeries;20000.0000000000;;01-10;m3/dag
142;2503-GAF;-9999;-9999;Uitlaat1;ValueSeries;0.0000000000;;01-04;m3/dag
142;2503-GAF;-9999;-9999;Uitlaat1;ValueSeries;0.0000000000;;01-10;m3/dag
142;2503-GAF;-9999;-9999;Uitlaat2;ValueSeries;0.0000000000;;01-04;m3/dag
142;2503-GAF;-9999;-9999;Uitlaat2;ValueSeries;0.0000000000;;01-10;m3/dag
142;2503-GAF;-9999;-9999;Uitlaat3;ValueSeries;0.0000000000;;01-04;m3/dag
142;2503-GAF;-9999;-9999;Uitlaat3;ValueSeries;0.0000000000;;01-10;m3/dag
142;2503-GAF;-9999;-9999;Uitlaat4;ValueSeries;0.0000000000;;01-04;m3/dag
142;2503-GAF;-9999;-9999;Uitlaat4;ValueSeries;0.0000000000;;01-10;m3/dag
142;2503-GAF;-9999;-9999;Inlaat1;Local;;;;m3/dag
142;2503-GAF;-9999;-9999;Inlaat2;Local;;;;m3/dag
142;2503-GAF;-9999;-9999;Inlaat3;Local;;;;m3/dag
142;2503-GAF;-9999;-9999;Inlaat4;Local;;;;m3/dag
142;2503-GAF;-9999;-9999;Uitlaat1;Local;;;;m3/dag
142;2503-GAF;-9999;-9999;Uitlaat2;Local;;;;m3/dag
142;2503-GAF;-9999;-9999;Uitlaat3;Local;;;;m3/dag
142;2503-GAF;-9999;-9999;Uitlaat4;Local;;;;m3/dag
142;2503-GAF;-9999;-9999;Gemaal1Debiet Pomp 1;FEWS;;polder|Pompvolumes|60012_pomp_1|Vol.berekend.dag;;m3/dag
142;2503-GAF;-9999;-9999;Gemaal1Debiet Pomp 2;FEWS;;polder|Pompvolumes|60012_pomp_2|Vol.berekend.dag;;m3/dag
142;2503-GAF;-9999;-9999;Neerslag;FEWS;;meteo_meetstation_KNMI|ImportCAW|66017cal|P.meting.dagcal;;mm/dag
142;2503-GAF;-9999;-9999;Peil;FEWS;;polder|Statistiek|60012_polder|H.meting.gem;;mNAP
142;2503-GAF;-9999;-9999;Verdamping;FEWS;;meteo_meetstation_KNMI|ImportCAW|66002_VerdampingCAL|E.metingcal;;mm/dag
142;2503-GAF;-9999;-9999;Gemaal1Debiet Pomp 1;Local;;;;m3/dag
142;2503-GAF;-9999;-9999;Gemaal1Debiet Pomp 2;Local;;;;m3/dag
142;2503-GAF;-9999;-9999;Gemaal2Debiet Pomp 1;Local;;;;m3/dag
142;2503-GAF;-9999;-9999;Gemaal2Debiet Pomp 2;Local;;;;m3/dag
142;2503-GAF;-9999;-9999;Gemaal3Debiet Pomp 1;Local;;;;m3/dag
142;2503-GAF;-9999;-9999;Gemaal3Debiet Pomp 2;Local;;;;m3/dag
142;2503-GAF;-9999;-9999;Neerslag;Local;;;;mm/dag
142;2503-GAF;-9999;-9999;Peil;Local;;;;mNAP
142;2503-GAF;-9999;-9999;Verdamping;Local;;;;mm/dag
