;EAGID;EAGCode;BakjeID;Laagvolgorde;ClusterType;ReeksType;ParamType;Waarde;WaardeAlfa;StartDag;EAGReeksWaardeID;BakjeReeksWaardeID;LaagReeksWaardeID
0;19593;2512-EAG-1;-9999;-9999;Gemaal;Flux;FEWS;;Pompvolumes|60045_pomp_1|Vol.berekend.dag|-999.0;;24680;-9999;-9999
1;19593;2512-EAG-1;-9999;-9999;Gemaal;Flux;FEWS;;Pompvolumes|60045_pomp_2|Vol.berekend.dag|-999.0;;24681;-9999;-9999
2;19593;2512-EAG-1;-9999;-9999;Verdamping;Flux;FEWS;;ImportCAW|66002_VerdampingCAL|E.metingcal|-999.0;;24682;-9999;-9999
3;19593;2512-EAG-1;-9999;-9999;Neerslag;Flux;FEWS;;ImportCAW|66017cal|P.meting.dagcal|-999.0;;24683;-9999;-9999
