;EAGID;EAGCode;BakjeID;Laagvolgorde;ClusterType;ParamType;Waarde;WaardeAlfa;StartDag
0;1570;2300-GAF;1570000000;-9999;ClAfstroming;-9999;50.0;;
1;1570;2300-GAF;1570000000;-9999;ClDrain;-9999;300.0;;
2;1570;2300-GAF;1570000000;-9999;ClKwel;-9999;200.0;;
3;1570;2300-GAF;1570000000;-9999;ClNeerslag;-9999;6.0;;
4;1570;2300-GAF;1570000000;-9999;ClRiolering;-9999;100.0;;
5;1570;2300-GAF;1570000000;-9999;ClUitspoeling;-9999;300.0;;
6;1570;2300-GAF;1570000000;-9999;ClVerhard;-9999;10.0;;
0;1570;2300-GAF;1570045810;1;Qkwel;Constant;0.0;;
1;1570;2300-GAF;1570045811;1;Qkwel;Constant;-0.13;;
2;1570;2300-GAF;1570045812;1;Qkwel;ValueSeries;-0.13;;01-04
3;1570;2300-GAF;1570045812;1;Qkwel;ValueSeries;0.0;;01-10
4;1570;2300-GAF;1570045816;1;Qkwel;Constant;-0.13;;
5;1570;2300-GAF;1570045817;1;Qkwel;ValueSeries;-0.13;;01-04
6;1570;2300-GAF;1570045817;1;Qkwel;ValueSeries;0.0;;01-10
0;1570;2300-GAF;1570000000;1;Qkwel;Constant;0.0;;
1;1570;2300-GAF;1570000000;1;Qwegz;Constant;0.1299999909;;
0;1570;2300-GAF;1570000000;1;hTargetMax;ValueSeries;0.0;;01-05
1;1570;2300-GAF;1570000000;1;hTargetMax;ValueSeries;0.0;;01-10
2;1570;2300-GAF;1570000000;1;hTargetMax;ValueSeries;0.0;;15-03
3;1570;2300-GAF;1570000000;1;hTargetMax;ValueSeries;0.0;;15-08
4;1570;2300-GAF;1570000000;1;hTargetMin;ValueSeries;0.0;;01-05
5;1570;2300-GAF;1570000000;1;hTargetMin;ValueSeries;0.0;;01-10
6;1570;2300-GAF;1570000000;1;hTargetMin;ValueSeries;0.0;;15-03
7;1570;2300-GAF;1570000000;1;hTargetMin;ValueSeries;0.0;;15-08
