;EAGID;EAGCode;BakjeID;Laagvolgorde;ClusterType;ReeksType;ParamType;Waarde;WaardeAlfa;StartDag;EAGReeksWaardeID;BakjeReeksWaardeID;LaagReeksWaardeID
0;19625;2625-EAG-1;-9999;-9999;Verdamping;Flux;FEWS;;ImportCAW|66002_VerdampingCAL|E.metingcal|-999.0;;25568;-9999;-9999
1;19625;2625-EAG-1;-9999;-9999;Neerslag;Flux;FEWS;;ImportCAW|66004cal|P.meting.dagcal|-999.0;;25569;-9999;-9999
2;19625;2625-EAG-1;-9999;-9999;Peil;Flux;FEWS;;Statistiek|70315_Polderpeil|H.meting.gem|-999.0;;25570;-9999;-9999
3;19625;2625-EAG-1;-9999;-9999;Peil;Flux;FEWS;;Statistiek|70315_Polderpeil BOBW|H.meting.gem|-999.0;;25571;-9999;-9999
