;EAGID;EAGCode;BakjeID;Laagvolgorde;ClusterType;ParamType;Waarde;WaardeAlfa;StartDag
0;1592;3100-GAF;1592000000;-9999;ClAfstroming;-9999;65.0;;
1;1592;3100-GAF;1592000000;-9999;ClDrain;-9999;100.0;;
2;1592;3100-GAF;1592000000;-9999;ClKwel;-9999;50.0;;
3;1592;3100-GAF;1592000000;-9999;ClNeerslag;-9999;10.0;;
4;1592;3100-GAF;1592000000;-9999;ClRiolering;-9999;100.0;;
5;1592;3100-GAF;1592000000;-9999;ClUitspoeling;-9999;65.0;;
6;1592;3100-GAF;1592000000;-9999;ClVerhard;-9999;10.0;;
0;1592;3100-GAF;1592046161;1;Qkwel;ValueSeries;-1.7276292626;;01-04
1;1592;3100-GAF;1592046166;1;Qkwel;ValueSeries;-0.6912127014;;01-04
2;1592;3100-GAF;1592046171;1;Qkwel;ValueSeries;0.883872064;;01-04
3;1592;3100-GAF;1592046176;1;Qkwel;ValueSeries;2.7523933205;;01-04
0;1592;3100-GAF;1592000000;1;Qkwel;ValueSeries;0.66;;01-04
1;1592;3100-GAF;1592000000;1;Qwegz;ValueSeries;2.19;;01-04
0;1592;3100-GAF;1592000000;1;hTargetMax;ValueSeries;-0.8;;01-05
1;1592;3100-GAF;1592000000;1;hTargetMax;ValueSeries;-0.8;;01-10
2;1592;3100-GAF;1592000000;1;hTargetMax;ValueSeries;-0.8;;15-03
3;1592;3100-GAF;1592000000;1;hTargetMax;ValueSeries;-0.8;;15-08
4;1592;3100-GAF;1592000000;1;hTargetMin;ValueSeries;-1.05;;01-05
5;1592;3100-GAF;1592000000;1;hTargetMin;ValueSeries;-1.05;;01-10
6;1592;3100-GAF;1592000000;1;hTargetMin;ValueSeries;-1.05;;15-03
7;1592;3100-GAF;1592000000;1;hTargetMin;ValueSeries;-1.05;;15-08
