;EAGID;EAGCode;BakjeID;Laagvolgorde;ClusterType;ParamType;Waarde;WaardeAlfa;StartDag;Eenheid
0;1591;3070-GAF;1591122150;2;Qkwel;ValueSeries;0.0;;01-10;mm/dag
1;1591;3070-GAF;1591122150;2;Qkwel;ValueSeries;0.2;;01-04;mm/dag
2;1591;3070-GAF;1591122151;1;Qkwel;Constant;0.2;;;mm/dag
3;1591;3070-GAF;1591122155;2;Qkwel;ValueSeries;0.0;;01-10;mm/dag
4;1591;3070-GAF;1591122155;2;Qkwel;ValueSeries;0.2;;01-04;mm/dag
5;1591;3070-GAF;1591122156;1;Qkwel;Constant;-0.2;;;mm/dag
6;1591;3070-GAF;1591122160;2;Qkwel;ValueSeries;0.0;;01-10;mm/dag
7;1591;3070-GAF;1591122160;2;Qkwel;ValueSeries;0.2;;01-04;mm/dag
8;1591;3070-GAF;1591122161;1;Qkwel;Constant;0.0;;;mm/dag
9;1591;3070-GAF;1591122165;2;Qkwel;ValueSeries;0.0;;01-10;mm/dag
10;1591;3070-GAF;1591122165;2;Qkwel;ValueSeries;0.2;;01-04;mm/dag
11;1591;3070-GAF;1591122166;1;Qkwel;Constant;0.0;;;mm/dag
0;1591;3070-GAF;1591000000;1;Qkwel;Constant;0.2;;;mm/dag
1;1591;3070-GAF;1591000000;1;Qwegz;Constant;0.0;;;mm/dag
0;1591;3070-GAF;1591000000;1;hTargetMax;ValueSeries;-1.92;;01-10;mNAP
1;1591;3070-GAF;1591000000;1;hTargetMax;ValueSeries;-1.92;;15-03;mNAP
2;1591;3070-GAF;1591000000;1;hTargetMax;ValueSeries;-1.72;;01-05;mNAP
3;1591;3070-GAF;1591000000;1;hTargetMax;ValueSeries;-1.72;;15-08;mNAP
4;1591;3070-GAF;1591000000;1;hTargetMin;ValueSeries;-1.96;;01-10;mNAP
5;1591;3070-GAF;1591000000;1;hTargetMin;ValueSeries;-1.96;;15-03;mNAP
6;1591;3070-GAF;1591000000;1;hTargetMin;ValueSeries;-1.76;;01-05;mNAP
7;1591;3070-GAF;1591000000;1;hTargetMin;ValueSeries;-1.76;;15-08;mNAP
0;1591;3070-GAF;-9999;-9999;Inlaat1;ValueSeries;0.0;;01-10;m3/dag
1;1591;3070-GAF;-9999;-9999;Inlaat1;ValueSeries;0.0;;01-04;m3/dag
2;1591;3070-GAF;-9999;-9999;Inlaat2;ValueSeries;0.0;;01-04;m3/dag
3;1591;3070-GAF;-9999;-9999;Inlaat2;ValueSeries;0.0;;01-10;m3/dag
4;1591;3070-GAF;-9999;-9999;Inlaat3;ValueSeries;0.0;;01-04;m3/dag
5;1591;3070-GAF;-9999;-9999;Inlaat3;ValueSeries;0.0;;01-10;m3/dag
6;1591;3070-GAF;-9999;-9999;Inlaat4;ValueSeries;0.0;;01-10;m3/dag
7;1591;3070-GAF;-9999;-9999;Inlaat4;ValueSeries;0.0;;01-04;m3/dag
8;1591;3070-GAF;-9999;-9999;Uitlaat1;ValueSeries;0.0;;01-10;m3/dag
9;1591;3070-GAF;-9999;-9999;Uitlaat1;ValueSeries;0.0;;01-04;m3/dag
10;1591;3070-GAF;-9999;-9999;Uitlaat2;ValueSeries;0.0;;01-04;m3/dag
11;1591;3070-GAF;-9999;-9999;Uitlaat2;ValueSeries;0.0;;01-10;m3/dag
12;1591;3070-GAF;-9999;-9999;Uitlaat3;ValueSeries;0.0;;01-04;m3/dag
13;1591;3070-GAF;-9999;-9999;Uitlaat3;ValueSeries;0.0;;01-10;m3/dag
14;1591;3070-GAF;-9999;-9999;Uitlaat4;ValueSeries;0.0;;01-10;m3/dag
15;1591;3070-GAF;-9999;-9999;Uitlaat4;ValueSeries;0.0;;01-04;m3/dag
0;1591;3070-GAF;-9999;-9999;Inlaat1;Local;;;;m3/dag
1;1591;3070-GAF;-9999;-9999;Inlaat2;Local;;;;m3/dag
2;1591;3070-GAF;-9999;-9999;Inlaat3;Local;;;;m3/dag
3;1591;3070-GAF;-9999;-9999;Inlaat4;Local;;;;m3/dag
4;1591;3070-GAF;-9999;-9999;Uitlaat1;Local;;;;m3/dag
5;1591;3070-GAF;-9999;-9999;Uitlaat2;Local;;;;m3/dag
6;1591;3070-GAF;-9999;-9999;Uitlaat3;Local;;;;m3/dag
7;1591;3070-GAF;-9999;-9999;Uitlaat4;Local;;;;m3/dag
0;1591;3070-GAF;-9999;-9999;Verdamping;FEWS;;ImportCAW|66002_VerdampingCAL|E.metingcal;;mm/dag
0;1591;3070-GAF;-9999;-9999;Gemaal1Debiet Pomp 1;Local;;;;m3/dag
1;1591;3070-GAF;-9999;-9999;Gemaal1Debiet Pomp 2;Local;;;;m3/dag
2;1591;3070-GAF;-9999;-9999;Gemaal2Debiet Pomp 1;Local;;;;m3/dag
3;1591;3070-GAF;-9999;-9999;Gemaal2Debiet Pomp 2;Local;;;;m3/dag
4;1591;3070-GAF;-9999;-9999;Gemaal3Debiet Pomp 1;Local;;;;m3/dag
5;1591;3070-GAF;-9999;-9999;Gemaal3Debiet Pomp 2;Local;;;;m3/dag
6;1591;3070-GAF;-9999;-9999;Neerslag;Local;;;;mm/dag
7;1591;3070-GAF;-9999;-9999;Peil;Local;;;;mNAP
8;1591;3070-GAF;-9999;-9999;Verdamping;Local;;;;mm/dag
