;EAGID;EAGCode;BakjeID;Laagvolgorde;ClusterType;ReeksType;ParamType;Waarde;WaardeAlfa;StartDag;EAGReeksWaardeID;BakjeReeksWaardeID;LaagReeksWaardeID
0;19532;2200-EAG-1;-9999;-9999;Gemaal;Flux;FEWS;;Pompvolumes|60302_pomp_1|Vol.berekend.dag|-999.0;;24941;-9999;-9999
1;19532;2200-EAG-1;-9999;-9999;Gemaal;Flux;FEWS;;Pompvolumes|60302_pomp_2|Vol.berekend.dag|-999.0;;24942;-9999;-9999
2;19532;2200-EAG-1;-9999;-9999;Verdamping;Flux;FEWS;;ImportCAW|66002_VerdampingCAL|E.metingcal|-999.0;;24943;-9999;-9999
3;19532;2200-EAG-1;-9999;-9999;Neerslag;Flux;FEWS;;ImportCAW|66006cal|P.meting.dagcal|-999.0;;24944;-9999;-9999
