;EAGID;EAGCode;BakjeID;Laagvolgorde;ClusterType;ReeksType;ParamType;Waarde;WaardeAlfa;StartDag;EAGReeksWaardeID;BakjeReeksWaardeID;LaagReeksWaardeID
0;19687;3301-EAG-2;-9999;-9999;Verdamping;Flux;FEWS;;ImportCAW|66003_VerdampingCAl|E.metingcal|-999.0;;25062;-9999;-9999
1;19687;3301-EAG-2;-9999;-9999;Neerslag;Flux;FEWS;;ImportCAW|66011cal|P.meting.dagcal|-999.0;;25063;-9999;-9999
0;19687;3301-EAG-2;16426;-9999;ClVerhard;Cl;-9999;10;;;-9999;824;-9999
1;19687;3301-EAG-2;16426;-9999;ClRiolering;Cl;-9999;100;;;-9999;825;-9999
2;19687;3301-EAG-2;16426;-9999;ClDrain;Cl;-9999;70;;;-9999;826;-9999
3;19687;3301-EAG-2;16426;-9999;ClUitspoeling;Cl;-9999;10;;;-9999;827;-9999
4;19687;3301-EAG-2;16426;-9999;ClAfstroming;Cl;-9999;10;;;-9999;828;-9999
0;19687;3301-EAG-2;16424;2;Qkwel;Flux;Constant;-2.0;;;-9999;-9999;9063
1;19687;3301-EAG-2;16425;1;Qkwel;Flux;Constant;-2.0;;;-9999;-9999;9064
2;19687;3301-EAG-2;16426;1;Qkwel;Flux;Constant;0.0;;;-9999;-9999;9065
3;19687;3301-EAG-2;16426;1;Qkwel;Cl;Constant;10.0;;;-9999;-9999;9066
4;19687;3301-EAG-2;16426;1;Qwegz;Flux;Constant;2.0;;;-9999;-9999;9067
