;EAGID;EAGCode;BakjeID;Laagvolgorde;ClusterType;ReeksType;ParamType;Waarde;WaardeAlfa;StartDag;EAGReeksWaardeID;BakjeReeksWaardeID;LaagReeksWaardeID
0;19634;3050-EAG-1;-9999;-9999;Inlaat;Flux;ValueSeries;450.0;;01-04;24526;-9999;-9999
1;19634;3050-EAG-1;-9999;-9999;Inlaat;Flux;ValueSeries;450.0;;01-10;24527;-9999;-9999
2;19634;3050-EAG-1;-9999;-9999;Gemaal;Flux;FEWS;;Pompvolumes|62005_pomp_1|Vol.berekend.dag|-999.0;;25064;-9999;-9999
3;19634;3050-EAG-1;-9999;-9999;Gemaal;Flux;FEWS;;Pompvolumes|62160_Pomp_2_bedrijf|Vol.berekend.dag|-999.0;;25065;-9999;-9999
4;19634;3050-EAG-1;-9999;-9999;Verdamping;Flux;FEWS;;ImportCAW|66003_VerdampingCAl|E.metingcal|-999.0;;25066;-9999;-9999
5;19634;3050-EAG-1;-9999;-9999;Neerslag;Flux;FEWS;;ImportCAW|66015cal|P.meting.dagcal|-999.0;;25067;-9999;-9999
0;19634;3050-EAG-1;16382;-9999;ClVerhard;Cl;-9999;10.0;;;-9999;754;-9999
1;19634;3050-EAG-1;16382;-9999;ClRiolering;Cl;-9999;100.0;;;-9999;755;-9999
2;19634;3050-EAG-1;16382;-9999;ClDrain;Cl;-9999;100.0;;;-9999;756;-9999
3;19634;3050-EAG-1;16382;-9999;ClUitspoeling;Cl;-9999;250.0;;;-9999;757;-9999
4;19634;3050-EAG-1;16382;-9999;ClAfstroming;Cl;-9999;30.0;;;-9999;758;-9999
0;19634;3050-EAG-1;16379;2;Qkwel;Flux;Constant;0.0;;;-9999;-9999;8994
1;19634;3050-EAG-1;16381;1;Qkwel;Flux;Constant;0.4;;;-9999;-9999;8995
2;19634;3050-EAG-1;16382;1;Qkwel;Flux;Constant;3.0;;;-9999;-9999;8996
3;19634;3050-EAG-1;16382;1;Qkwel;Cl;Constant;400.0;;;-9999;-9999;8997
4;19634;3050-EAG-1;16382;1;Qwegz;Flux;Constant;0.0;;;-9999;-9999;8998
