;EAGID;EAGCode;BakjeID;Laagvolgorde;ClusterType;ReeksType;ParamType;Waarde;WaardeAlfa;StartDag;EAGReeksWaardeID;BakjeReeksWaardeID;LaagReeksWaardeID
0;19549;2290-EAG-1;-9999;-9999;Gemaal;Flux;FEWS;;Pompvolumes|60141_pomp_1|Vol.berekend.dag|-999.0;;24803;-9999;-9999
1;19549;2290-EAG-1;-9999;-9999;Gemaal;Flux;FEWS;;Pompvolumes|60141_pomp_2|Vol.berekend.dag|-999.0;;24804;-9999;-9999
2;19549;2290-EAG-1;-9999;-9999;Verdamping;Flux;FEWS;;ImportCAW|66002_VerdampingCAL|E.metingcal|-999.0;;24805;-9999;-9999
3;19549;2290-EAG-1;-9999;-9999;Neerslag;Flux;FEWS;;ImportCAW|66005cal|P.meting.dagcal|-999.0;;24806;-9999;-9999
