;EAGID;EAGCode;BakjeID;Laagvolgorde;ClusterType;ParamType;Waarde;WaardeAlfa;StartDag
0;1589;2630-GAF;1589000000;-9999;ClAfstroming;-9999;25.0;;
1;1589;2630-GAF;1589000000;-9999;ClDrain;-9999;70.0;;
2;1589;2630-GAF;1589000000;-9999;ClKwel;-9999;250.0;;
3;1589;2630-GAF;1589000000;-9999;ClNeerslag;-9999;6.0;;
4;1589;2630-GAF;1589000000;-9999;ClRiolering;-9999;100.0;;
5;1589;2630-GAF;1589000000;-9999;ClUitspoeling;-9999;70.0;;
6;1589;2630-GAF;1589000000;-9999;ClVerhard;-9999;10.0;;
0;1589;2630-GAF;1589046100;1;Qkwel;Constant;0.0026996248;;
1;1589;2630-GAF;1589046101;1;Qkwel;Constant;0.2;;
2;1589;2630-GAF;1589046105;1;Qkwel;Constant;0.0026996248;;
3;1589;2630-GAF;1589046106;1;Qkwel;Constant;-0.2;;
4;1589;2630-GAF;1589046110;1;Qkwel;Constant;0.0026996248;;
5;1589;2630-GAF;1589046111;1;Qkwel;Constant;-0.5;;
6;1589;2630-GAF;1589046115;1;Qkwel;Constant;0.0026996248;;
7;1589;2630-GAF;1589046116;1;Qkwel;Constant;0.0;;
0;1589;2630-GAF;1589000000;1;Qkwel;Constant;0.0026996248;;
1;1589;2630-GAF;1589000000;1;Qwegz;Constant;0.0;;
0;1589;2630-GAF;1589000000;1;hTargetMax;ValueSeries;-4.04;;01-05
1;1589;2630-GAF;1589000000;1;hTargetMax;ValueSeries;-4.04;;01-10
2;1589;2630-GAF;1589000000;1;hTargetMax;ValueSeries;-4.04;;15-03
3;1589;2630-GAF;1589000000;1;hTargetMax;ValueSeries;-4.04;;15-08
4;1589;2630-GAF;1589000000;1;hTargetMin;ValueSeries;-4.07;;01-05
5;1589;2630-GAF;1589000000;1;hTargetMin;ValueSeries;-4.07;;01-10
6;1589;2630-GAF;1589000000;1;hTargetMin;ValueSeries;-4.07;;15-03
7;1589;2630-GAF;1589000000;1;hTargetMin;ValueSeries;-4.07;;15-08
