;EAGID;EAGCode;BakjeID;Laagvolgorde;ClusterType;ReeksType;ParamType;Waarde;WaardeAlfa;StartDag;EAGReeksWaardeID;BakjeReeksWaardeID;LaagReeksWaardeID
0;19749;4130-EAG-1;-9999;-9999;Gemaal;Flux;FEWS;;Pompvolumes|62058_pomp_1|Vol.berekend.dag|-999.0;;25230;-9999;-9999
1;19749;4130-EAG-1;-9999;-9999;Gemaal;Flux;FEWS;;Pompvolumes|62058_pomp_2|Vol.berekend.dag|-999.0;;25231;-9999;-9999
2;19749;4130-EAG-1;-9999;-9999;Verdamping;Flux;FEWS;;ImportCAW|66003_VerdampingCAl|E.metingcal|-999.0;;25232;-9999;-9999
3;19749;4130-EAG-1;-9999;-9999;Neerslag;Flux;FEWS;;ImportCAW|66015cal|P.meting.dagcal|-999.0;;25233;-9999;-9999
4;19749;4130-EAG-1;-9999;-9999;Peil;Flux;FEWS;;Statistiek|99999T025_Oost|H.meting.gem|-999.0;;25234;-9999;-9999
