;EAGID;EAGCode;BakjeID;Laagvolgorde;ClusterType;ParamType;Waarde;WaardeAlfa;StartDag
0;1563;2220-GAF;1563000000;-9999;ClAfstroming;-9999;150.0;;
1;1563;2220-GAF;1563000000;-9999;ClDrain;-9999;100.0;;
2;1563;2220-GAF;1563000000;-9999;ClKwel;-9999;2000.0;;
3;1563;2220-GAF;1563000000;-9999;ClNeerslag;-9999;6.0;;
4;1563;2220-GAF;1563000000;-9999;ClRiolering;-9999;100.0;;
5;1563;2220-GAF;1563000000;-9999;ClUitspoeling;-9999;100.0;;
6;1563;2220-GAF;1563000000;-9999;ClVerhard;-9999;150.0;;
0;1563;2220-GAF;1563045745;1;Qkwel;Constant;0.0;;
1;1563;2220-GAF;1563045746;1;Qkwel;Constant;0.0;;
2;1563;2220-GAF;1563045747;1;Qkwel;Constant;0.0;;
3;1563;2220-GAF;1563045750;1;Qkwel;Constant;0.0;;
4;1563;2220-GAF;1563045751;1;Qkwel;Constant;0.0;;
5;1563;2220-GAF;1563045752;1;Qkwel;Constant;0.0;;
0;1563;2220-GAF;1563000000;1;Qkwel;Constant;0.0;;
1;1563;2220-GAF;1563000000;1;Qwegz;Constant;0.0;;
0;1563;2220-GAF;1563000000;1;hTargetMax;ValueSeries;-2.5;;01-05
1;1563;2220-GAF;1563000000;1;hTargetMax;ValueSeries;-2.5;;01-10
2;1563;2220-GAF;1563000000;1;hTargetMax;ValueSeries;-2.5;;15-03
3;1563;2220-GAF;1563000000;1;hTargetMax;ValueSeries;-2.5;;15-08
4;1563;2220-GAF;1563000000;1;hTargetMin;ValueSeries;-3.0;;01-05
5;1563;2220-GAF;1563000000;1;hTargetMin;ValueSeries;-3.0;;01-10
6;1563;2220-GAF;1563000000;1;hTargetMin;ValueSeries;-3.0;;15-03
7;1563;2220-GAF;1563000000;1;hTargetMin;ValueSeries;-3.0;;15-08
