EAGID;EAGCode;BakjeID;Laagvolgorde;ClusterType;ParamType;Waarde;WaardeAlfa;StartDag;Eenheid
329;3360-EAG-2;329001843;1;Qkwel;ValueSeries;-1.3000000000;;01-10;mm/dag
329;3360-EAG-2;329001843;1;Qkwel;ValueSeries;-1.0500000000;;01-04;mm/dag
329;3360-EAG-2;329000000;1;Qkwel;Constant;0.0000000000;;;mm/dag
329;3360-EAG-2;329000000;1;Qwegz;ValueSeries;1.0500000000;;01-04;mm/dag
329;3360-EAG-2;329000000;1;Qwegz;ValueSeries;1.3000000000;;01-10;mm/dag
329;3360-EAG-2;329000000;1;hTargetMax;ValueSeries;-0.7300000000;;01-10;mNAP
329;3360-EAG-2;329000000;1;hTargetMax;ValueSeries;-0.7300000000;;15-03;mNAP
329;3360-EAG-2;329000000;1;hTargetMax;ValueSeries;-0.7200000000;;01-05;mNAP
329;3360-EAG-2;329000000;1;hTargetMax;ValueSeries;-0.7200000000;;15-08;mNAP
329;3360-EAG-2;329000000;1;hTargetMin;ValueSeries;-0.7700000000;;01-10;mNAP
329;3360-EAG-2;329000000;1;hTargetMin;ValueSeries;-0.7700000000;;15-03;mNAP
329;3360-EAG-2;329000000;1;hTargetMin;ValueSeries;-0.6800000000;;01-05;mNAP
329;3360-EAG-2;329000000;1;hTargetMin;ValueSeries;-0.6800000000;;15-08;mNAP
329;3360-EAG-2;-9999;-9999;Inlaat1;ValueSeries;100.0000000000;;01-04;m3/dag
329;3360-EAG-2;-9999;-9999;Inlaat1;ValueSeries;100.0000000000;;01-10;m3/dag
329;3360-EAG-2;-9999;-9999;Inlaat2;ValueSeries;0.0000000000;;01-04;m3/dag
329;3360-EAG-2;-9999;-9999;Inlaat2;ValueSeries;0.0000000000;;01-10;m3/dag
329;3360-EAG-2;-9999;-9999;Inlaat3;ValueSeries;0.0000000000;;01-04;m3/dag
329;3360-EAG-2;-9999;-9999;Inlaat3;ValueSeries;0.0000000000;;01-10;m3/dag
329;3360-EAG-2;-9999;-9999;Inlaat4;ValueSeries;0.0000000000;;01-04;m3/dag
329;3360-EAG-2;-9999;-9999;Inlaat4;ValueSeries;0.0000000000;;01-10;m3/dag
329;3360-EAG-2;-9999;-9999;Uitlaat1;ValueSeries;0.0000000000;;01-04;m3/dag
329;3360-EAG-2;-9999;-9999;Uitlaat1;ValueSeries;0.0000000000;;01-10;m3/dag
329;3360-EAG-2;-9999;-9999;Uitlaat2;ValueSeries;0.0000000000;;01-04;m3/dag
329;3360-EAG-2;-9999;-9999;Uitlaat2;ValueSeries;0.0000000000;;01-10;m3/dag
329;3360-EAG-2;-9999;-9999;Uitlaat3;ValueSeries;0.0000000000;;01-04;m3/dag
329;3360-EAG-2;-9999;-9999;Uitlaat3;ValueSeries;0.0000000000;;01-10;m3/dag
329;3360-EAG-2;-9999;-9999;Uitlaat4;ValueSeries;0.0000000000;;01-04;m3/dag
329;3360-EAG-2;-9999;-9999;Uitlaat4;ValueSeries;0.0000000000;;01-10;m3/dag
329;3360-EAG-2;-9999;-9999;Inlaat1;Local;;;;m3/dag
329;3360-EAG-2;-9999;-9999;Inlaat2;Local;;;;m3/dag
329;3360-EAG-2;-9999;-9999;Inlaat3;Local;;;;m3/dag
329;3360-EAG-2;-9999;-9999;Inlaat4;Local;;;;m3/dag
329;3360-EAG-2;-9999;-9999;Uitlaat1;Local;;;;m3/dag
329;3360-EAG-2;-9999;-9999;Uitlaat2;Local;;;;m3/dag
329;3360-EAG-2;-9999;-9999;Uitlaat3;Local;;;;m3/dag
329;3360-EAG-2;-9999;-9999;Uitlaat4;Local;;;;m3/dag
329;3360-EAG-2;-9999;-9999;Neerslag;FEWS;;meteo_meetstation_KNMI|ImportCAW|66014cal|P.meting.dagcal;;mm/dag
329;3360-EAG-2;-9999;-9999;Verdamping;FEWS;;meteo_meetstation_KNMI|ImportCAW|66002_VerdampingCAL|E.metingcal;;mm/dag
329;3360-EAG-2;-9999;-9999;Gemaal1Debiet Pomp 1;Local;;;;m3/dag
329;3360-EAG-2;-9999;-9999;Gemaal1Debiet Pomp 2;Local;;;;m3/dag
329;3360-EAG-2;-9999;-9999;Gemaal2Debiet Pomp 1;Local;;;;m3/dag
329;3360-EAG-2;-9999;-9999;Gemaal2Debiet Pomp 2;Local;;;;m3/dag
329;3360-EAG-2;-9999;-9999;Gemaal3Debiet Pomp 1;Local;;;;m3/dag
329;3360-EAG-2;-9999;-9999;Gemaal3Debiet Pomp 2;Local;;;;m3/dag
329;3360-EAG-2;-9999;-9999;Neerslag;Local;;;;mm/dag
329;3360-EAG-2;-9999;-9999;Peil;Local;;;;mNAP
329;3360-EAG-2;-9999;-9999;Verdamping;Local;;;;mm/dag
