;EAGID;EAGCode;BakjeID;Laagvolgorde;ClusterType;ParamType;Waarde;WaardeAlfa;StartDag;Eenheid
0;1594;3210-GAF;1594000000;-9999;ClAfstroming;-9999;25.0;;;mg/l
1;1594;3210-GAF;1594000000;-9999;ClDrain;-9999;70.0;;;mg/l
2;1594;3210-GAF;1594000000;-9999;ClKwel;-9999;100.0;;;mg/l
3;1594;3210-GAF;1594000000;-9999;ClNeerslag;-9999;6.0;;;mg/l
4;1594;3210-GAF;1594000000;-9999;ClRiolering;-9999;100.0;;;mg/l
5;1594;3210-GAF;1594000000;-9999;ClUitspoeling;-9999;50.0;;;mg/l
6;1594;3210-GAF;1594000000;-9999;ClVerhard;-9999;10.0;;;mg/l
0;1594;3210-GAF;1594058270;2;Qkwel;Constant;-0.2;;;mm/dag
1;1594;3210-GAF;1594058271;1;Qkwel;Constant;-0.2;;;mm/dag
2;1594;3210-GAF;1594058276;1;Qkwel;Constant;-0.2;;;mm/dag
0;1594;3210-GAF;1594000000;1;Qkwel;Constant;0.0;;;mm/dag
1;1594;3210-GAF;1594000000;1;Qwegz;Constant;0.2;;;mm/dag
0;1594;3210-GAF;1594000000;1;hTargetMax;ValueSeries;-2.2;;01-10;mNAP
1;1594;3210-GAF;1594000000;1;hTargetMax;ValueSeries;-2.2;;15-03;mNAP
2;1594;3210-GAF;1594000000;1;hTargetMax;ValueSeries;-2.1;;01-05;mNAP
3;1594;3210-GAF;1594000000;1;hTargetMax;ValueSeries;-2.1;;15-08;mNAP
4;1594;3210-GAF;1594000000;1;hTargetMin;ValueSeries;-2.22;;01-10;mNAP
5;1594;3210-GAF;1594000000;1;hTargetMin;ValueSeries;-2.22;;15-03;mNAP
6;1594;3210-GAF;1594000000;1;hTargetMin;ValueSeries;-2.12;;01-05;mNAP
7;1594;3210-GAF;1594000000;1;hTargetMin;ValueSeries;-2.12;;15-08;mNAP
0;1594;3210-GAF;-9999;-9999;Uitlaat1;ValueSeries;0.0;;01-04;m3/dag
1;1594;3210-GAF;-9999;-9999;Inlaat1;ValueSeries;500.0;;01-10;m3/dag
2;1594;3210-GAF;-9999;-9999;Inlaat2;ValueSeries;0.0;;01-04;m3/dag
3;1594;3210-GAF;-9999;-9999;Inlaat2;ValueSeries;0.0;;01-10;m3/dag
4;1594;3210-GAF;-9999;-9999;Inlaat3;ValueSeries;0.0;;01-04;m3/dag
5;1594;3210-GAF;-9999;-9999;Inlaat3;ValueSeries;0.0;;01-10;m3/dag
6;1594;3210-GAF;-9999;-9999;Inlaat1;ValueSeries;3000.0;;01-04;m3/dag
7;1594;3210-GAF;-9999;-9999;Inlaat4;ValueSeries;0.0;;01-10;m3/dag
8;1594;3210-GAF;-9999;-9999;Uitlaat4;ValueSeries;0.0;;01-10;m3/dag
9;1594;3210-GAF;-9999;-9999;Uitlaat1;ValueSeries;0.0;;01-10;m3/dag
10;1594;3210-GAF;-9999;-9999;Uitlaat2;ValueSeries;0.0;;01-04;m3/dag
11;1594;3210-GAF;-9999;-9999;Uitlaat2;ValueSeries;0.0;;01-10;m3/dag
12;1594;3210-GAF;-9999;-9999;Uitlaat3;ValueSeries;0.0;;01-04;m3/dag
13;1594;3210-GAF;-9999;-9999;Uitlaat3;ValueSeries;0.0;;01-10;m3/dag
14;1594;3210-GAF;-9999;-9999;Uitlaat4;ValueSeries;0.0;;01-04;m3/dag
15;1594;3210-GAF;-9999;-9999;Inlaat4;ValueSeries;0.0;;01-04;m3/dag
