;EAGID;EAGCode;BakjeID;Laagvolgorde;ClusterType;ParamType;Waarde;WaardeAlfa;StartDag;Eenheid
0;1557;2110-GAF;1557000000;-9999;ClAfstroming;-9999;10.0;;;mg/l
1;1557;2110-GAF;1557000000;-9999;ClDrain;-9999;400.0;;;mg/l
2;1557;2110-GAF;1557000000;-9999;ClKwel;-9999;400.0;;;mg/l
3;1557;2110-GAF;1557000000;-9999;ClNeerslag;-9999;6.0;;;mg/l
4;1557;2110-GAF;1557000000;-9999;ClRiolering;-9999;80.0;;;mg/l
5;1557;2110-GAF;1557000000;-9999;ClUitspoeling;-9999;200.0;;;mg/l
6;1557;2110-GAF;1557000000;-9999;ClVerhard;-9999;200.0;;;mg/l
0;1557;2110-GAF;1557057170;2;Qkwel;Constant;0.4;;;mm/dag
1;1557;2110-GAF;1557057171;1;Qkwel;Constant;0.4;;;mm/dag
2;1557;2110-GAF;1557057175;2;Qkwel;Constant;0.4;;;mm/dag
3;1557;2110-GAF;1557057176;1;Qkwel;Constant;0.4;;;mm/dag
4;1557;2110-GAF;1557057180;2;Qkwel;Constant;0.4;;;mm/dag
5;1557;2110-GAF;1557057181;1;Qkwel;Constant;-0.2;;;mm/dag
6;1557;2110-GAF;1557057185;2;Qkwel;Constant;0.4;;;mm/dag
7;1557;2110-GAF;1557057186;1;Qkwel;Constant;0.0;;;mm/dag
0;1557;2110-GAF;1557000000;1;Qkwel;Constant;0.1989411575;;;mm/dag
1;1557;2110-GAF;1557000000;1;Qwegz;Constant;0.0;;;mm/dag
0;1557;2110-GAF;1557000000;1;hTargetMax;ValueSeries;-5.48;;01-10;mNAP
1;1557;2110-GAF;1557000000;1;hTargetMax;ValueSeries;-5.48;;15-03;mNAP
2;1557;2110-GAF;1557000000;1;hTargetMax;ValueSeries;-5.33;;01-05;mNAP
3;1557;2110-GAF;1557000000;1;hTargetMax;ValueSeries;-5.33;;15-08;mNAP
4;1557;2110-GAF;1557000000;1;hTargetMin;ValueSeries;-5.52;;01-10;mNAP
5;1557;2110-GAF;1557000000;1;hTargetMin;ValueSeries;-5.52;;15-03;mNAP
6;1557;2110-GAF;1557000000;1;hTargetMin;ValueSeries;-5.37;;01-05;mNAP
7;1557;2110-GAF;1557000000;1;hTargetMin;ValueSeries;-5.37;;15-08;mNAP
0;1557;2110-GAF;-9999;-9999;Uitlaat1;ValueSeries;0.0;;01-04;m3/dag
1;1557;2110-GAF;-9999;-9999;Inlaat1;ValueSeries;1000.0;;01-10;m3/dag
2;1557;2110-GAF;-9999;-9999;Inlaat2;ValueSeries;0.0;;01-04;m3/dag
3;1557;2110-GAF;-9999;-9999;Inlaat2;ValueSeries;0.0;;01-10;m3/dag
4;1557;2110-GAF;-9999;-9999;Inlaat3;ValueSeries;0.0;;01-04;m3/dag
5;1557;2110-GAF;-9999;-9999;Inlaat3;ValueSeries;0.0;;01-10;m3/dag
6;1557;2110-GAF;-9999;-9999;Inlaat1;ValueSeries;1500.0;;01-04;m3/dag
7;1557;2110-GAF;-9999;-9999;Inlaat4;ValueSeries;0.0;;01-10;m3/dag
8;1557;2110-GAF;-9999;-9999;Uitlaat4;ValueSeries;0.0;;01-10;m3/dag
9;1557;2110-GAF;-9999;-9999;Uitlaat1;ValueSeries;0.0;;01-10;m3/dag
10;1557;2110-GAF;-9999;-9999;Uitlaat2;ValueSeries;0.0;;01-04;m3/dag
11;1557;2110-GAF;-9999;-9999;Uitlaat2;ValueSeries;0.0;;01-10;m3/dag
12;1557;2110-GAF;-9999;-9999;Uitlaat3;ValueSeries;0.0;;01-04;m3/dag
13;1557;2110-GAF;-9999;-9999;Uitlaat3;ValueSeries;0.0;;01-10;m3/dag
14;1557;2110-GAF;-9999;-9999;Uitlaat4;ValueSeries;0.0;;01-04;m3/dag
15;1557;2110-GAF;-9999;-9999;Inlaat4;ValueSeries;0.0;;01-04;m3/dag
