;EAGID;EAGCode;BakjeID;Laagvolgorde;ClusterType;ReeksType;ParamType;Waarde;WaardeAlfa;StartDag;EAGReeksWaardeID;BakjeReeksWaardeID;LaagReeksWaardeID
0;19650;3110-EAG-5;-9999;-9999;Gemaal;Flux;FEWS;;Pompvolumes|62059_pomp_1|Vol.berekend.dag|-999.0;;24990;-9999;-9999
1;19650;3110-EAG-5;-9999;-9999;Gemaal;Flux;FEWS;;Pompvolumes|62059_pomp_2|Vol.berekend.dag|-999.0;;24991;-9999;-9999
2;19650;3110-EAG-5;-9999;-9999;Gemaal;Flux;FEWS;;Pompvolumes|62060_Bedrijf_pomp_1|Vol.berekend.dag|-999.0;;24992;-9999;-9999
3;19650;3110-EAG-5;-9999;-9999;Gemaal;Flux;FEWS;;Pompvolumes|62060_Bedrijf_pomp_2|Vol.berekend.dag|-999.0;;24993;-9999;-9999
4;19650;3110-EAG-5;-9999;-9999;Verdamping;Flux;FEWS;;ImportCAW|66003_VerdampingCAl|E.metingcal|-999.0;;24994;-9999;-9999
5;19650;3110-EAG-5;-9999;-9999;Neerslag;Flux;FEWS;;ImportCAW|66015cal|P.meting.dagcal|-999.0;;24995;-9999;-9999
6;19650;3110-EAG-5;-9999;-9999;Peil;Flux;FEWS;;Statistiek|70005_Polderpeil|H.meting.gem|-999.0;;24996;-9999;-9999
7;19650;3110-EAG-5;-9999;-9999;Peil;Flux;FEWS;;Statistiek|70006_Polderpeil|H.meting.gem|-999.0;;24997;-9999;-9999
8;19650;3110-EAG-5;-9999;-9999;Peil;Flux;FEWS;;Statistiek|70031_Oost|H.meting.gem|-999.0;;24998;-9999;-9999
9;19650;3110-EAG-5;-9999;-9999;Peil;Flux;FEWS;;Statistiek|70032_Oost|H.meting.gem|-999.0;;24999;-9999;-9999
10;19650;3110-EAG-5;-9999;-9999;Peil;Flux;FEWS;;Statistiek|70033_Oost|H.meting.gem|-999.0;;25000;-9999;-9999
11;19650;3110-EAG-5;-9999;-9999;Peil;Flux;FEWS;;Statistiek|99999T023_Oost|H.meting.gem|-999.0;;25001;-9999;-9999
