;EAGID;EAGCode;BakjeID;Laagvolgorde;ClusterType;ReeksType;ParamType;Waarde;WaardeAlfa;StartDag;EAGReeksWaardeID;BakjeReeksWaardeID;LaagReeksWaardeID
0;19730;3360-EAG-9;-9999;-9999;Verdamping;Flux;FEWS;;ImportCAW|66003_VerdampingCAl|E.metingcal|-999.0;;25286;-9999;-9999
1;19730;3360-EAG-9;-9999;-9999;Neerslag;Flux;FEWS;;ImportCAW|66014cal|P.meting.dagcal|-999.0;;25287;-9999;-9999
2;19730;3360-EAG-9;-9999;-9999;Peil;Flux;FEWS;;Statistiek|70015_Polderpeil|H.meting.gem|-999.0;;25288;-9999;-9999
0;19730;3360-EAG-9;16480;-9999;ClVerhard;Cl;-9999;10;;;-9999;919;-9999
1;19730;3360-EAG-9;16480;-9999;ClRiolering;Cl;-9999;100;;;-9999;920;-9999
2;19730;3360-EAG-9;16480;-9999;ClDrain;Cl;-9999;150;;;-9999;921;-9999
3;19730;3360-EAG-9;16480;-9999;ClUitspoeling;Cl;-9999;30;;;-9999;922;-9999
4;19730;3360-EAG-9;16480;-9999;ClAfstroming;Cl;-9999;10;;;-9999;923;-9999
0;19730;3360-EAG-9;16478;1;Qkwel;Flux;ValueSeries;-3.33;;01-04;-9999;-9999;9210
1;19730;3360-EAG-9;16478;1;Qkwel;Flux;ValueSeries;-3.64;;01-10;-9999;-9999;9211
2;19730;3360-EAG-9;16479;1;Qkwel;Flux;ValueSeries;-1.75;;01-04;-9999;-9999;9212
3;19730;3360-EAG-9;16479;1;Qkwel;Flux;ValueSeries;-2.07;;01-10;-9999;-9999;9213
4;19730;3360-EAG-9;16480;1;Qkwel;Cl;Constant;50.0;;;-9999;-9999;9214
5;19730;3360-EAG-9;16480;1;Qkwel;Flux;ValueSeries;0.0;;01-04;-9999;-9999;9215
6;19730;3360-EAG-9;16480;1;Qkwel;Flux;ValueSeries;0.0;;01-10;-9999;-9999;9217
7;19730;3360-EAG-9;16480;1;Qwegz;Flux;ValueSeries;2.8465423788;;01-04;-9999;-9999;9216
8;19730;3360-EAG-9;16480;1;Qwegz;Flux;ValueSeries;3.1596022371;;01-10;-9999;-9999;9218
