;EAGID;EAGCode;BakjeID;Laagvolgorde;ClusterType;ParamType;Waarde;WaardeAlfa;StartDag
0;1207;2140-EAG-3;1207000000;-9999;ClAfstroming;-9999;20.0;;
1;1207;2140-EAG-3;1207000000;-9999;ClDrain;-9999;30.0;;
2;1207;2140-EAG-3;1207000000;-9999;ClKwel;-9999;100.0;;
3;1207;2140-EAG-3;1207000000;-9999;ClNeerslag;-9999;6.0;;
4;1207;2140-EAG-3;1207000000;-9999;ClRiolering;-9999;100.0;;
5;1207;2140-EAG-3;1207000000;-9999;ClUitspoeling;-9999;20.0;;
6;1207;2140-EAG-3;1207000000;-9999;ClVerhard;-9999;20.0;;
0;1207;2140-EAG-3;1207045690;1;Qkwel;Constant;0.0;;
1;1207;2140-EAG-3;1207045691;1;Qkwel;Constant;-0.83;;
0;1207;2140-EAG-3;1207000000;1;Qkwel;Constant;0.0;;
1;1207;2140-EAG-3;1207000000;1;Qwegz;Constant;0.83;;
0;1207;2140-EAG-3;1207000000;1;hTargetMax;ValueSeries;-1.7;;01-05
1;1207;2140-EAG-3;1207000000;1;hTargetMax;ValueSeries;-1.7;;01-10
2;1207;2140-EAG-3;1207000000;1;hTargetMax;ValueSeries;-1.7;;15-03
3;1207;2140-EAG-3;1207000000;1;hTargetMax;ValueSeries;-1.7;;15-08
4;1207;2140-EAG-3;1207000000;1;hTargetMin;ValueSeries;-1.75;;01-05
5;1207;2140-EAG-3;1207000000;1;hTargetMin;ValueSeries;-1.75;;01-10
6;1207;2140-EAG-3;1207000000;1;hTargetMin;ValueSeries;-1.75;;15-03
7;1207;2140-EAG-3;1207000000;1;hTargetMin;ValueSeries;-1.75;;15-08
