;EAGID;EAGCode;BakjeID;Laagvolgorde;ClusterType;ParamType;Waarde;WaardeAlfa;StartDag
0;1565;2240-GAF;1565000000;-9999;ClAfstroming;-9999;500.0;;
1;1565;2240-GAF;1565000000;-9999;ClDrain;-9999;800.0;;
2;1565;2240-GAF;1565000000;-9999;ClKwel;-9999;2000.0;;
3;1565;2240-GAF;1565000000;-9999;ClNeerslag;-9999;6.0;;
4;1565;2240-GAF;1565000000;-9999;ClRiolering;-9999;100.0;;
5;1565;2240-GAF;1565000000;-9999;ClUitspoeling;-9999;500.0;;
6;1565;2240-GAF;1565000000;-9999;ClVerhard;-9999;10.0;;
0;1565;2240-GAF;1565045770;1;Qkwel;ValueSeries;0.4999999614;;01-10
1;1565;2240-GAF;1565045770;1;Qkwel;ValueSeries;0.9999999228;;01-04
2;1565;2240-GAF;1565045771;1;Qkwel;ValueSeries;0.5;;01-10
3;1565;2240-GAF;1565045771;1;Qkwel;ValueSeries;1.0;;01-04
4;1565;2240-GAF;1565045772;1;Qkwel;ValueSeries;0.0;;01-10
5;1565;2240-GAF;1565045772;1;Qkwel;ValueSeries;1.0;;01-04
0;1565;2240-GAF;1565000000;1;Qkwel;ValueSeries;0.4999999614;;01-10
1;1565;2240-GAF;1565000000;1;Qkwel;ValueSeries;0.9999999228;;01-04
2;1565;2240-GAF;1565000000;1;Qwegz;Constant;0.0;;
0;1565;2240-GAF;1565000000;1;hTargetMax;ValueSeries;0.0;;01-05
1;1565;2240-GAF;1565000000;1;hTargetMax;ValueSeries;0.0;;01-10
2;1565;2240-GAF;1565000000;1;hTargetMax;ValueSeries;0.0;;15-03
3;1565;2240-GAF;1565000000;1;hTargetMax;ValueSeries;0.0;;15-08
4;1565;2240-GAF;1565000000;1;hTargetMin;ValueSeries;0.0;;01-05
5;1565;2240-GAF;1565000000;1;hTargetMin;ValueSeries;0.0;;01-10
6;1565;2240-GAF;1565000000;1;hTargetMin;ValueSeries;0.0;;15-03
7;1565;2240-GAF;1565000000;1;hTargetMin;ValueSeries;0.0;;15-08
