;EAGID;EAGCode;BakjeID;Laagvolgorde;ClusterType;ParamType;Waarde;WaardeAlfa;StartDag
0;1330;3110-EAG-1;1330000000;-9999;ClAfstroming;-9999;30.0;;
1;1330;3110-EAG-1;1330000000;-9999;ClDrain;-9999;70.0;;
2;1330;3110-EAG-1;1330000000;-9999;ClKwel;-9999;400.0;;
3;1330;3110-EAG-1;1330000000;-9999;ClNeerslag;-9999;6.0;;
4;1330;3110-EAG-1;1330000000;-9999;ClRiolering;-9999;100.0;;
5;1330;3110-EAG-1;1330000000;-9999;ClUitspoeling;-9999;92.1052631578947;;
6;1330;3110-EAG-1;1330000000;-9999;ClVerhard;-9999;10.0;;
0;1330;3110-EAG-1;1330046181;1;Qkwel;Constant;2.24;;
1;1330;3110-EAG-1;1330046186;1;Qkwel;Constant;-0.5;;
0;1330;3110-EAG-1;1330000000;1;Qkwel;Constant;4.0;;
1;1330;3110-EAG-1;1330000000;1;Qwegz;Constant;0.0;;
0;1330;3110-EAG-1;1330000000;1;hTargetMax;ValueSeries;-1.75;;01-05
1;1330;3110-EAG-1;1330000000;1;hTargetMax;ValueSeries;-1.75;;01-10
2;1330;3110-EAG-1;1330000000;1;hTargetMax;ValueSeries;-1.75;;15-03
3;1330;3110-EAG-1;1330000000;1;hTargetMax;ValueSeries;-1.75;;15-08
4;1330;3110-EAG-1;1330000000;1;hTargetMin;ValueSeries;-1.79;;01-05
5;1330;3110-EAG-1;1330000000;1;hTargetMin;ValueSeries;-1.79;;01-10
6;1330;3110-EAG-1;1330000000;1;hTargetMin;ValueSeries;-1.79;;15-03
7;1330;3110-EAG-1;1330000000;1;hTargetMin;ValueSeries;-1.79;;15-08
