;EAGID;EAGCode;BakjeID;Laagvolgorde;ClusterType;ReeksType;ParamType;Waarde;WaardeAlfa;StartDag;EAGReeksWaardeID;BakjeReeksWaardeID;LaagReeksWaardeID
0;19811;6540-EAG-1;-9999;-9999;Gemaal;Flux;FEWS;;Pompvolumes|62078_pomp_1|Vol.berekend.dag|-999.0;;25335;-9999;-9999
1;19811;6540-EAG-1;-9999;-9999;Gemaal;Flux;FEWS;;Pompvolumes|62078_pomp_2|Vol.berekend.dag|-999.0;;25336;-9999;-9999
2;19811;6540-EAG-1;-9999;-9999;Verdamping;Flux;FEWS;;ImportCAW|66003_VerdampingCAl|E.metingcal|-999.0;;25337;-9999;-9999
3;19811;6540-EAG-1;-9999;-9999;Neerslag;Flux;FEWS;;ImportCAW|66015cal|P.meting.dagcal|-999.0;;25338;-9999;-9999
