EAGID;EAGCode;BakjeID;Laagvolgorde;ClusterType;ParamType;Waarde;WaardeAlfa;StartDag;Eenheid
448;6540-GAF;448002582;2;Qkwel;Constant;0.2000000000;;;mm/dag
448;6540-GAF;448002583;1;Qkwel;Constant;0.2000000000;;;mm/dag
448;6540-GAF;448002587;2;Qkwel;Constant;0.2000000000;;;mm/dag
448;6540-GAF;448002588;1;Qkwel;Constant;0.2000000000;;;mm/dag
448;6540-GAF;448000000;1;Qkwel;Constant;0.2000000000;;;mm/dag
448;6540-GAF;448000000;1;Qwegz;Constant;0.0000000000;;;mm/dag
448;6540-GAF;448000000;1;hTargetMax;ValueSeries;-1.9700000000;;01-05;mNAP
448;6540-GAF;448000000;1;hTargetMax;ValueSeries;-1.9700000000;;15-03;mNAP
448;6540-GAF;448000000;1;hTargetMax;ValueSeries;-1.9600000000;;01-10;mNAP
448;6540-GAF;448000000;1;hTargetMax;ValueSeries;-1.9600000000;;15-08;mNAP
448;6540-GAF;448000000;1;hTargetMin;ValueSeries;-1.9900000000;;01-05;mNAP
448;6540-GAF;448000000;1;hTargetMin;ValueSeries;-1.9900000000;;15-03;mNAP
448;6540-GAF;448000000;1;hTargetMin;ValueSeries;-1.9400000000;;01-10;mNAP
448;6540-GAF;448000000;1;hTargetMin;ValueSeries;-1.9400000000;;15-08;mNAP
448;6540-GAF;-9999;-9999;Inlaat1;ValueSeries;0.0000000000;;01-04;m3/dag
448;6540-GAF;-9999;-9999;Inlaat1;ValueSeries;0.0000000000;;01-10;m3/dag
448;6540-GAF;-9999;-9999;Inlaat2;ValueSeries;750.0000000000;;01-04;m3/dag
448;6540-GAF;-9999;-9999;Inlaat2;ValueSeries;750.0000000000;;01-10;m3/dag
448;6540-GAF;-9999;-9999;Inlaat3;ValueSeries;500.0000000000;;01-04;m3/dag
448;6540-GAF;-9999;-9999;Inlaat3;ValueSeries;0.0000000000;;01-10;m3/dag
448;6540-GAF;-9999;-9999;Inlaat4;ValueSeries;0.0000000000;;01-04;m3/dag
448;6540-GAF;-9999;-9999;Inlaat4;ValueSeries;0.0000000000;;01-10;m3/dag
448;6540-GAF;-9999;-9999;Uitlaat1;ValueSeries;0.0000000000;;01-04;m3/dag
448;6540-GAF;-9999;-9999;Uitlaat1;ValueSeries;0.0000000000;;01-10;m3/dag
448;6540-GAF;-9999;-9999;Uitlaat2;ValueSeries;0.0000000000;;01-04;m3/dag
448;6540-GAF;-9999;-9999;Uitlaat2;ValueSeries;0.0000000000;;01-10;m3/dag
448;6540-GAF;-9999;-9999;Uitlaat3;ValueSeries;0.0000000000;;01-04;m3/dag
448;6540-GAF;-9999;-9999;Uitlaat3;ValueSeries;0.0000000000;;01-10;m3/dag
448;6540-GAF;-9999;-9999;Uitlaat4;ValueSeries;0.0000000000;;01-04;m3/dag
448;6540-GAF;-9999;-9999;Uitlaat4;ValueSeries;0.0000000000;;01-10;m3/dag
448;6540-GAF;-9999;-9999;Inlaat1;Local;;;;m3/dag
448;6540-GAF;-9999;-9999;Inlaat2;Local;;;;m3/dag
448;6540-GAF;-9999;-9999;Inlaat3;Local;;;;m3/dag
448;6540-GAF;-9999;-9999;Inlaat4;Local;;;;m3/dag
448;6540-GAF;-9999;-9999;Uitlaat1;Local;;;;m3/dag
448;6540-GAF;-9999;-9999;Uitlaat2;Local;;;;m3/dag
448;6540-GAF;-9999;-9999;Uitlaat3;Local;;;;m3/dag
448;6540-GAF;-9999;-9999;Uitlaat4;Local;;;;m3/dag
448;6540-GAF;-9999;-9999;Gemaal1Debiet Pomp 1;FEWS;;polder|Pompvolumes|62077_pomp_1|Vol.berekend.dag;;m3/dag
448;6540-GAF;-9999;-9999;Gemaal1Debiet Pomp 2;FEWS;;polder|Pompvolumes|62077_pomp_2|Vol.berekend.dag;;m3/dag
448;6540-GAF;-9999;-9999;Gemaal2Debiet Pomp 1;FEWS;;polder|Pompvolumes|62077_pomp_3|Vol.berekend.dag;;m3/dag
448;6540-GAF;-9999;-9999;Gemaal2Debiet Pomp 2;FEWS;;polder|Pompvolumes|62078_pomp_1|Vol.berekend.dag;;m3/dag
448;6540-GAF;-9999;-9999;Gemaal3Debiet Pomp 1;FEWS;;polder|Pompvolumes|62078_pomp_2|Vol.berekend.dag;;m3/dag
448;6540-GAF;-9999;-9999;Neerslag;FEWS;;meteo_meetstation_KNMI|ImportCAW|66015cal|P.meting.dagcal;;mm/dag
448;6540-GAF;-9999;-9999;Peil;FEWS;;polder|Statistiek|62077_polder|H.meting.gem;;mNAP
448;6540-GAF;-9999;-9999;Verdamping;FEWS;;meteo_meetstation_KNMI|ImportCAW|66002_VerdampingCAL|E.metingcal;;mm/dag
448;6540-GAF;-9999;-9999;Gemaal1Debiet Pomp 1;Local;;;;m3/dag
448;6540-GAF;-9999;-9999;Gemaal1Debiet Pomp 2;Local;;;;m3/dag
448;6540-GAF;-9999;-9999;Gemaal2Debiet Pomp 1;Local;;;;m3/dag
448;6540-GAF;-9999;-9999;Gemaal2Debiet Pomp 2;Local;;;;m3/dag
448;6540-GAF;-9999;-9999;Gemaal3Debiet Pomp 1;Local;;;;m3/dag
448;6540-GAF;-9999;-9999;Gemaal3Debiet Pomp 2;Local;;;;m3/dag
448;6540-GAF;-9999;-9999;Neerslag;Local;;;;mm/dag
448;6540-GAF;-9999;-9999;Peil;Local;;;;mNAP
448;6540-GAF;-9999;-9999;Verdamping;Local;;;;mm/dag
