;EAGID;EAGCode;BakjeID;Laagvolgorde;ClusterType;ReeksType;ParamType;Waarde;WaardeAlfa;StartDag;EAGReeksWaardeID;BakjeReeksWaardeID;LaagReeksWaardeID
0;19482;1000-EAG-1;-9999;-9999;Gemaal;Flux;FEWS;;Pompvolumes|64066_pomp_1|Vol.berekend.dag|-999.0;;25489;-9999;-9999
1;19482;1000-EAG-1;-9999;-9999;Verdamping;Flux;FEWS;;ImportCAW|66002_VerdampingCAL|E.metingcal|-999.0;;25490;-9999;-9999
2;19482;1000-EAG-1;-9999;-9999;Neerslag;Flux;FEWS;;ImportCAW|66006cal|P.meting.dagcal|-999.0;;25491;-9999;-9999
3;19482;1000-EAG-1;-9999;-9999;Peil;Flux;FEWS;;Statistiek|68556_boezem|H.meting.gem|-999.0;;25492;-9999;-9999
4;19482;1000-EAG-1;-9999;-9999;Peil;Flux;FEWS;;Statistiek|68556_boezem|H.meting.gem|-999.0;;25493;-9999;-9999
