;EAGID;EAGCode;BakjeID;Laagvolgorde;ClusterType;ReeksType;ParamType;Waarde;WaardeAlfa;StartDag;EAGReeksWaardeID;BakjeReeksWaardeID;LaagReeksWaardeID
0;19623;2610-EAG-1;-9999;-9999;Gemaal;Flux;FEWS;;Pompvolumes|60080_pomp_1|Vol.berekend.dag|-999.0;;24719;-9999;-9999
1;19623;2610-EAG-1;-9999;-9999;Gemaal;Flux;FEWS;;Pompvolumes|60080_pomp_2|Vol.berekend.dag|-999.0;;24720;-9999;-9999
2;19623;2610-EAG-1;-9999;-9999;Inlaat;Flux;FEWS;;Inlaatvolume|60081_debiet|Vol.berekend.dag|-999.0;;24721;-9999;-9999
3;19623;2610-EAG-1;-9999;-9999;Verdamping;Flux;FEWS;;ImportCAW|66002_VerdampingCAL|E.metingcal|-999.0;;24722;-9999;-9999
4;19623;2610-EAG-1;-9999;-9999;Neerslag;Flux;FEWS;;ImportCAW|66004cal|P.meting.dagcal|-999.0;;24723;-9999;-9999
