;EAGID;EAGCode;BakjeID;Laagvolgorde;ClusterType;ParamType;Waarde;WaardeAlfa;StartDag;Eenheid
0;1558;2120-GAF;1558000000;-9999;ClAfstroming;-9999;50.0;;;mg/l
1;1558;2120-GAF;1558000000;-9999;ClDrain;-9999;250.0;;;mg/l
2;1558;2120-GAF;1558000000;-9999;ClKwel;-9999;200.0;;;mg/l
3;1558;2120-GAF;1558000000;-9999;ClNeerslag;-9999;6.0;;;mg/l
4;1558;2120-GAF;1558000000;-9999;ClRiolering;-9999;100.0;;;mg/l
5;1558;2120-GAF;1558000000;-9999;ClUitspoeling;-9999;250.0;;;mg/l
6;1558;2120-GAF;1558000000;-9999;ClVerhard;-9999;200.0;;;mg/l
0;1558;2120-GAF;1558057190;2;Qkwel;Constant;0.5;;;mm/dag
1;1558;2120-GAF;1558057191;1;Qkwel;Constant;0.6;;;mm/dag
2;1558;2120-GAF;1558057195;2;Qkwel;Constant;0.5;;;mm/dag
3;1558;2120-GAF;1558057196;1;Qkwel;Constant;-1.0;;;mm/dag
4;1558;2120-GAF;1558057200;2;Qkwel;Constant;0.5;;;mm/dag
5;1558;2120-GAF;1558057201;1;Qkwel;Constant;0.4;;;mm/dag
6;1558;2120-GAF;1558057202;2;Qkwel;ValueSeries;0.0;;01-10;mm/dag
7;1558;2120-GAF;1558057202;2;Qkwel;ValueSeries;0.5;;01-04;mm/dag
8;1558;2120-GAF;1558057206;1;Qkwel;Constant;0.0;;;mm/dag
0;1558;2120-GAF;1558000000;1;Qkwel;Constant;0.2637798588;;;mm/dag
1;1558;2120-GAF;1558000000;1;Qwegz;Constant;0.0;;;mm/dag
0;1558;2120-GAF;1558000000;1;hTargetMax;ValueSeries;-5.89;;01-05;mNAP
1;1558;2120-GAF;1558000000;1;hTargetMax;ValueSeries;-5.89;;01-10;mNAP
2;1558;2120-GAF;1558000000;1;hTargetMax;ValueSeries;-5.89;;15-03;mNAP
3;1558;2120-GAF;1558000000;1;hTargetMax;ValueSeries;-5.89;;15-08;mNAP
4;1558;2120-GAF;1558000000;1;hTargetMin;ValueSeries;-5.96;;01-05;mNAP
5;1558;2120-GAF;1558000000;1;hTargetMin;ValueSeries;-5.96;;01-10;mNAP
6;1558;2120-GAF;1558000000;1;hTargetMin;ValueSeries;-5.96;;15-03;mNAP
7;1558;2120-GAF;1558000000;1;hTargetMin;ValueSeries;-5.96;;15-08;mNAP
0;1558;2120-GAF;-9999;-9999;Uitlaat1;ValueSeries;0.0;;01-04;m3/dag
1;1558;2120-GAF;-9999;-9999;Inlaat1;ValueSeries;2000.0;;01-10;m3/dag
2;1558;2120-GAF;-9999;-9999;Inlaat2;ValueSeries;750.0;;01-04;m3/dag
3;1558;2120-GAF;-9999;-9999;Inlaat2;ValueSeries;500.0;;01-10;m3/dag
4;1558;2120-GAF;-9999;-9999;Inlaat3;ValueSeries;0.0;;01-04;m3/dag
5;1558;2120-GAF;-9999;-9999;Inlaat3;ValueSeries;0.0;;01-10;m3/dag
6;1558;2120-GAF;-9999;-9999;Inlaat1;ValueSeries;4000.0;;01-04;m3/dag
7;1558;2120-GAF;-9999;-9999;Inlaat4;ValueSeries;0.0;;01-10;m3/dag
8;1558;2120-GAF;-9999;-9999;Uitlaat4;ValueSeries;0.0;;01-10;m3/dag
9;1558;2120-GAF;-9999;-9999;Uitlaat1;ValueSeries;0.0;;01-10;m3/dag
10;1558;2120-GAF;-9999;-9999;Uitlaat2;ValueSeries;0.0;;01-04;m3/dag
11;1558;2120-GAF;-9999;-9999;Uitlaat2;ValueSeries;0.0;;01-10;m3/dag
12;1558;2120-GAF;-9999;-9999;Uitlaat3;ValueSeries;0.0;;01-04;m3/dag
13;1558;2120-GAF;-9999;-9999;Uitlaat3;ValueSeries;0.0;;01-10;m3/dag
14;1558;2120-GAF;-9999;-9999;Uitlaat4;ValueSeries;0.0;;01-04;m3/dag
15;1558;2120-GAF;-9999;-9999;Inlaat4;ValueSeries;0.0;;01-04;m3/dag
