;EAGID;EAGCode;BakjeID;Laagvolgorde;ClusterType;ReeksType;ParamType;Waarde;WaardeAlfa;StartDag;EAGReeksWaardeID;BakjeReeksWaardeID;LaagReeksWaardeID
0;19847;8030-EAG-5;-9999;-9999;Gemaal;Flux;FEWS;;Pompvolumes|64008_pomp_1|Vol.berekend.dag|-999.0;;25398;-9999;-9999
1;19847;8030-EAG-5;-9999;-9999;Gemaal;Flux;FEWS;;Pompvolumes|64008_pomp_2|Vol.berekend.dag|-999.0;;25399;-9999;-9999
2;19847;8030-EAG-5;-9999;-9999;Gemaal;Flux;FEWS;;Pompvolumes|64008_pomp_4|Vol.berekend.dag|-999.0;;25400;-9999;-9999
3;19847;8030-EAG-5;-9999;-9999;Verdamping;Flux;FEWS;;ImportCAW|66002_VerdampingCAL|E.metingcal|-999.0;;25401;-9999;-9999
4;19847;8030-EAG-5;-9999;-9999;Neerslag;Flux;FEWS;;ImportCAW|66010cal|P.meting.dagcal|-999.0;;25402;-9999;-9999
