EAGID;EAGCode;BakjeID;Laagvolgorde;ClusterType;ParamType;Waarde;WaardeAlfa;StartDag;Eenheid
422;6440-GAF;422002502;2;Qkwel;Constant;0.0000000000;;;mm/dag
422;6440-GAF;422002503;1;Qkwel;Constant;-0.3000000000;;;mm/dag
422;6440-GAF;422002507;2;Qkwel;Constant;0.0000000000;;;mm/dag
422;6440-GAF;422002508;1;Qkwel;Constant;0.0000000000;;;mm/dag
422;6440-GAF;422000000;1;Qkwel;Constant;0.0000000000;;;mm/dag
422;6440-GAF;422000000;1;Qwegz;Constant;0.3000000000;;;mm/dag
422;6440-GAF;422000000;1;hTargetMax;ValueSeries;-1.9300000000;;01-10;mNAP
422;6440-GAF;422000000;1;hTargetMax;ValueSeries;-1.9300000000;;15-03;mNAP
422;6440-GAF;422000000;1;hTargetMax;ValueSeries;-1.8800000000;;01-05;mNAP
422;6440-GAF;422000000;1;hTargetMax;ValueSeries;-1.8800000000;;15-08;mNAP
422;6440-GAF;422000000;1;hTargetMin;ValueSeries;-1.9700000000;;01-10;mNAP
422;6440-GAF;422000000;1;hTargetMin;ValueSeries;-1.9700000000;;15-03;mNAP
422;6440-GAF;422000000;1;hTargetMin;ValueSeries;-1.9200000000;;01-05;mNAP
422;6440-GAF;422000000;1;hTargetMin;ValueSeries;-1.9200000000;;15-08;mNAP
422;6440-GAF;-9999;-9999;Inlaat1;ValueSeries;0.0000000000;;01-04;m3/dag
422;6440-GAF;-9999;-9999;Inlaat1;ValueSeries;0.0000000000;;01-10;m3/dag
422;6440-GAF;-9999;-9999;Inlaat2;ValueSeries;250.0000000000;;01-04;m3/dag
422;6440-GAF;-9999;-9999;Inlaat2;ValueSeries;250.0000000000;;01-10;m3/dag
422;6440-GAF;-9999;-9999;Inlaat3;ValueSeries;0.0000000000;;01-04;m3/dag
422;6440-GAF;-9999;-9999;Inlaat3;ValueSeries;0.0000000000;;01-10;m3/dag
422;6440-GAF;-9999;-9999;Inlaat4;ValueSeries;0.0000000000;;01-04;m3/dag
422;6440-GAF;-9999;-9999;Inlaat4;ValueSeries;0.0000000000;;01-10;m3/dag
422;6440-GAF;-9999;-9999;Uitlaat1;ValueSeries;0.0000000000;;01-04;m3/dag
422;6440-GAF;-9999;-9999;Uitlaat1;ValueSeries;0.0000000000;;01-10;m3/dag
422;6440-GAF;-9999;-9999;Uitlaat2;ValueSeries;0.0000000000;;01-04;m3/dag
422;6440-GAF;-9999;-9999;Uitlaat2;ValueSeries;0.0000000000;;01-10;m3/dag
422;6440-GAF;-9999;-9999;Uitlaat3;ValueSeries;0.0000000000;;01-04;m3/dag
422;6440-GAF;-9999;-9999;Uitlaat3;ValueSeries;0.0000000000;;01-10;m3/dag
422;6440-GAF;-9999;-9999;Uitlaat4;ValueSeries;0.0000000000;;01-04;m3/dag
422;6440-GAF;-9999;-9999;Uitlaat4;ValueSeries;0.0000000000;;01-10;m3/dag
422;6440-GAF;-9999;-9999;Inlaat1;Local;;;;m3/dag
422;6440-GAF;-9999;-9999;Inlaat2;Local;;;;m3/dag
422;6440-GAF;-9999;-9999;Inlaat3;Local;;;;m3/dag
422;6440-GAF;-9999;-9999;Inlaat4;Local;;;;m3/dag
422;6440-GAF;-9999;-9999;Uitlaat1;Local;;;;m3/dag
422;6440-GAF;-9999;-9999;Uitlaat2;Local;;;;m3/dag
422;6440-GAF;-9999;-9999;Uitlaat3;Local;;;;m3/dag
422;6440-GAF;-9999;-9999;Uitlaat4;Local;;;;m3/dag
422;6440-GAF;-9999;-9999;Gemaal1Debiet Pomp 1;FEWS;;polder|Pompvolumes|60205_pomp_1|Vol.berekend.dag;;m3/dag
422;6440-GAF;-9999;-9999;Neerslag;FEWS;;meteo_meetstation_KNMI|ImportCAW|66011cal|P.meting.dagcal;;mm/dag
422;6440-GAF;-9999;-9999;Peil;FEWS;;polder|Statistiek|60205_polder|H.meting.gem;;mNAP
422;6440-GAF;-9999;-9999;Verdamping;FEWS;;meteo_meetstation_KNMI|ImportCAW|66002_VerdampingCAL|E.metingcal;;mm/dag
422;6440-GAF;-9999;-9999;Gemaal1Debiet Pomp 1;Local;;;;m3/dag
422;6440-GAF;-9999;-9999;Gemaal1Debiet Pomp 2;Local;;;;m3/dag
422;6440-GAF;-9999;-9999;Gemaal2Debiet Pomp 1;Local;;;;m3/dag
422;6440-GAF;-9999;-9999;Gemaal2Debiet Pomp 2;Local;;;;m3/dag
422;6440-GAF;-9999;-9999;Gemaal3Debiet Pomp 1;Local;;;;m3/dag
422;6440-GAF;-9999;-9999;Gemaal3Debiet Pomp 2;Local;;;;m3/dag
422;6440-GAF;-9999;-9999;Neerslag;Local;;;;mm/dag
422;6440-GAF;-9999;-9999;Peil;Local;;;;mNAP
422;6440-GAF;-9999;-9999;Verdamping;Local;;;;mm/dag
