;EAGID;EAGCode;BakjeID;Laagvolgorde;ClusterType;ReeksType;ParamType;Waarde;WaardeAlfa;StartDag;EAGReeksWaardeID;BakjeReeksWaardeID;LaagReeksWaardeID
0;19666;3230-EAG-2;-9999;-9999;Verdamping;Flux;FEWS;;ImportCAW|66003_VerdampingCAl|E.metingcal|-999.0;;24979;-9999;-9999
1;19666;3230-EAG-2;-9999;-9999;Neerslag;Flux;FEWS;;ImportCAW|66011cal|P.meting.dagcal|-999.0;;24980;-9999;-9999
0;19666;3230-EAG-2;16408;-9999;ClVerhard;Cl;-9999;10;;;-9999;794;-9999
1;19666;3230-EAG-2;16408;-9999;ClRiolering;Cl;-9999;100;;;-9999;795;-9999
2;19666;3230-EAG-2;16408;-9999;ClDrain;Cl;-9999;50;;;-9999;796;-9999
3;19666;3230-EAG-2;16408;-9999;ClUitspoeling;Cl;-9999;50;;;-9999;797;-9999
4;19666;3230-EAG-2;16408;-9999;ClAfstroming;Cl;-9999;30;;;-9999;798;-9999
0;19666;3230-EAG-2;16406;2;Qkwel;Flux;Constant;0.0;;;-9999;-9999;9034
1;19666;3230-EAG-2;16407;1;Qkwel;Flux;Constant;-2.033317233;;;-9999;-9999;9035
2;19666;3230-EAG-2;16408;1;Qkwel;Flux;Constant;0.0035153794;;;-9999;-9999;9036
3;19666;3230-EAG-2;16408;1;Qkwel;Cl;Constant;30.0;;;-9999;-9999;9037
4;19666;3230-EAG-2;16408;1;Qwegz;Flux;Constant;2.0368326124;;;-9999;-9999;9038
