;EAGID;EAGCode;BakjeID;Laagvolgorde;ClusterType;ParamType;Waarde;WaardeAlfa;StartDag;Eenheid
0;1619;8030-GAF;1619000000;-9999;ClAfstroming;-9999;25.0;;;mg/l
1;1619;8030-GAF;1619000000;-9999;ClDrain;-9999;175.0;;;mg/l
2;1619;8030-GAF;1619000000;-9999;ClKwel;-9999;300.0;;;mg/l
3;1619;8030-GAF;1619000000;-9999;ClNeerslag;-9999;6.0;;;mg/l
4;1619;8030-GAF;1619000000;-9999;ClRiolering;-9999;100.0;;;mg/l
5;1619;8030-GAF;1619000000;-9999;ClUitspoeling;-9999;140.0;;;mg/l
6;1619;8030-GAF;1619000000;-9999;ClVerhard;-9999;50.0;;;mg/l
0;1619;8030-GAF;1619059550;2;Qkwel;Constant;1.0;;;mm/dag
1;1619;8030-GAF;1619059551;1;Qkwel;Constant;2.0;;;mm/dag
2;1619;8030-GAF;1619059555;2;Qkwel;Constant;1.0;;;mm/dag
3;1619;8030-GAF;1619059557;2;Qkwel;ValueSeries;0.0;;01-10;mm/dag
4;1619;8030-GAF;1619059557;2;Qkwel;ValueSeries;1.0;;01-04;mm/dag
5;1619;8030-GAF;1619059560;2;Qkwel;Constant;1.0;;;mm/dag
6;1619;8030-GAF;1619059561;1;Qkwel;Constant;1.0;;;mm/dag
7;1619;8030-GAF;1619059565;2;Qkwel;Constant;1.0;;;mm/dag
8;1619;8030-GAF;1619059566;1;Qkwel;Constant;-0.3;;;mm/dag
0;1619;8030-GAF;1619000000;1;Qkwel;Constant;1.0;;;mm/dag
1;1619;8030-GAF;1619000000;1;Qwegz;Constant;1.0;;;mm/dag
0;1619;8030-GAF;1619000000;1;hTargetMax;ValueSeries;-5.33;;01-05;mNAP
1;1619;8030-GAF;1619000000;1;hTargetMax;ValueSeries;-5.33;;01-10;mNAP
2;1619;8030-GAF;1619000000;1;hTargetMax;ValueSeries;-5.33;;15-03;mNAP
3;1619;8030-GAF;1619000000;1;hTargetMax;ValueSeries;-5.33;;15-08;mNAP
4;1619;8030-GAF;1619000000;1;hTargetMin;ValueSeries;-5.37;;01-05;mNAP
5;1619;8030-GAF;1619000000;1;hTargetMin;ValueSeries;-5.37;;01-10;mNAP
6;1619;8030-GAF;1619000000;1;hTargetMin;ValueSeries;-5.37;;15-03;mNAP
7;1619;8030-GAF;1619000000;1;hTargetMin;ValueSeries;-5.37;;15-08;mNAP
0;1619;8030-GAF;-9999;-9999;Uitlaat1;ValueSeries;150.0;;01-04;m3/dag
1;1619;8030-GAF;-9999;-9999;Inlaat1;ValueSeries;0.0;;01-10;m3/dag
2;1619;8030-GAF;-9999;-9999;Inlaat2;ValueSeries;0.0;;01-04;m3/dag
3;1619;8030-GAF;-9999;-9999;Inlaat2;ValueSeries;0.0;;01-10;m3/dag
4;1619;8030-GAF;-9999;-9999;Inlaat3;ValueSeries;0.0;;01-04;m3/dag
5;1619;8030-GAF;-9999;-9999;Inlaat3;ValueSeries;0.0;;01-10;m3/dag
6;1619;8030-GAF;-9999;-9999;Inlaat1;ValueSeries;0.0;;01-04;m3/dag
7;1619;8030-GAF;-9999;-9999;Inlaat4;ValueSeries;0.0;;01-10;m3/dag
8;1619;8030-GAF;-9999;-9999;Uitlaat4;ValueSeries;0.0;;01-10;m3/dag
9;1619;8030-GAF;-9999;-9999;Uitlaat1;ValueSeries;150.0;;01-10;m3/dag
10;1619;8030-GAF;-9999;-9999;Uitlaat2;ValueSeries;0.0;;01-04;m3/dag
11;1619;8030-GAF;-9999;-9999;Uitlaat2;ValueSeries;0.0;;01-10;m3/dag
12;1619;8030-GAF;-9999;-9999;Uitlaat3;ValueSeries;0.0;;01-04;m3/dag
13;1619;8030-GAF;-9999;-9999;Uitlaat3;ValueSeries;0.0;;01-10;m3/dag
14;1619;8030-GAF;-9999;-9999;Uitlaat4;ValueSeries;0.0;;01-04;m3/dag
15;1619;8030-GAF;-9999;-9999;Inlaat4;ValueSeries;0.0;;01-04;m3/dag
