;EAGID;EAGCode;BakjeID;Laagvolgorde;ClusterType;ParamType;Waarde;WaardeAlfa;StartDag;Eenheid
0;1561;2150-GAF;1561000000;-9999;ClAfstroming;-9999;30.0;;;mg/l
1;1561;2150-GAF;1561000000;-9999;ClDrain;-9999;50.0;;;mg/l
2;1561;2150-GAF;1561000000;-9999;ClKwel;-9999;150.0;;;mg/l
3;1561;2150-GAF;1561000000;-9999;ClNeerslag;-9999;6.0;;;mg/l
4;1561;2150-GAF;1561000000;-9999;ClRiolering;-9999;270.0;;;mg/l
5;1561;2150-GAF;1561000000;-9999;ClUitspoeling;-9999;50.0;;;mg/l
6;1561;2150-GAF;1561000000;-9999;ClVerhard;-9999;30.0;;;mg/l
0;1561;2150-GAF;1561057310;2;Qkwel;Constant;0.74;;;mm/dag
1;1561;2150-GAF;1561057311;1;Qkwel;Constant;1.55;;;mm/dag
2;1561;2150-GAF;1561057312;2;Qkwel;ValueSeries;0.0;;01-10;mm/dag
3;1561;2150-GAF;1561057312;2;Qkwel;ValueSeries;0.74;;01-04;mm/dag
4;1561;2150-GAF;1561057315;2;Qkwel;Constant;0.74;;;mm/dag
5;1561;2150-GAF;1561057316;1;Qkwel;Constant;1.5;;;mm/dag
6;1561;2150-GAF;1561057325;2;Qkwel;Constant;0.74;;;mm/dag
7;1561;2150-GAF;1561057326;1;Qkwel;Constant;0.0;;;mm/dag
0;1561;2150-GAF;1561000000;1;Qkwel;ValueSeries;1.477381575;;01-04;mm/dag
1;1561;2150-GAF;1561000000;1;Qkwel;ValueSeries;1.5267767835;;01-10;mm/dag
2;1561;2150-GAF;1561000000;1;Qwegz;Constant;0.0;;;mm/dag
0;1561;2150-GAF;1561000000;1;hTargetMax;ValueSeries;-5.93;;01-05;mNAP
1;1561;2150-GAF;1561000000;1;hTargetMax;ValueSeries;-5.93;;01-10;mNAP
2;1561;2150-GAF;1561000000;1;hTargetMax;ValueSeries;-5.93;;15-03;mNAP
3;1561;2150-GAF;1561000000;1;hTargetMax;ValueSeries;-5.93;;15-08;mNAP
4;1561;2150-GAF;1561000000;1;hTargetMin;ValueSeries;-5.97;;01-05;mNAP
5;1561;2150-GAF;1561000000;1;hTargetMin;ValueSeries;-5.97;;01-10;mNAP
6;1561;2150-GAF;1561000000;1;hTargetMin;ValueSeries;-5.97;;15-03;mNAP
7;1561;2150-GAF;1561000000;1;hTargetMin;ValueSeries;-5.97;;15-08;mNAP
0;1561;2150-GAF;-9999;-9999;Uitlaat1;ValueSeries;0.0;;01-04;m3/dag
1;1561;2150-GAF;-9999;-9999;Inlaat1;ValueSeries;1500.0;;01-10;m3/dag
2;1561;2150-GAF;-9999;-9999;Inlaat2;ValueSeries;822.0;;01-04;m3/dag
3;1561;2150-GAF;-9999;-9999;Inlaat2;ValueSeries;822.0;;01-10;m3/dag
4;1561;2150-GAF;-9999;-9999;Inlaat3;ValueSeries;1500.0;;01-04;m3/dag
5;1561;2150-GAF;-9999;-9999;Inlaat3;ValueSeries;750.0;;01-10;m3/dag
6;1561;2150-GAF;-9999;-9999;Inlaat1;ValueSeries;2000.0;;01-04;m3/dag
7;1561;2150-GAF;-9999;-9999;Inlaat4;ValueSeries;0.0;;01-10;m3/dag
8;1561;2150-GAF;-9999;-9999;Uitlaat4;ValueSeries;0.0;;01-10;m3/dag
9;1561;2150-GAF;-9999;-9999;Uitlaat1;ValueSeries;0.0;;01-10;m3/dag
10;1561;2150-GAF;-9999;-9999;Uitlaat2;ValueSeries;0.0;;01-04;m3/dag
11;1561;2150-GAF;-9999;-9999;Uitlaat2;ValueSeries;0.0;;01-10;m3/dag
12;1561;2150-GAF;-9999;-9999;Uitlaat3;ValueSeries;0.0;;01-04;m3/dag
13;1561;2150-GAF;-9999;-9999;Uitlaat3;ValueSeries;0.0;;01-10;m3/dag
14;1561;2150-GAF;-9999;-9999;Uitlaat4;ValueSeries;0.0;;01-04;m3/dag
15;1561;2150-GAF;-9999;-9999;Inlaat4;ValueSeries;2000.0;;01-04;m3/dag
