;EAGID;EAGCode;BakjeID;Laagvolgorde;ClusterType;ReeksType;ParamType;Waarde;WaardeAlfa;StartDag;EAGReeksWaardeID;BakjeReeksWaardeID;LaagReeksWaardeID
0;19517;2130-EAG-1;-9999;-9999;Gemaal;Flux;FEWS;;Pompvolumes|60110_pomp_1|Vol.berekend.dag|-999.0;;24752;-9999;-9999
1;19517;2130-EAG-1;-9999;-9999;Gemaal;Flux;FEWS;;Pompvolumes|60110_pomp_2|Vol.berekend.dag|-999.0;;24753;-9999;-9999
2;19517;2130-EAG-1;-9999;-9999;Gemaal;Flux;FEWS;;Pompvolumes|60111_Pomp1|Vol.berekend.dag|-999.0;;24754;-9999;-9999
3;19517;2130-EAG-1;-9999;-9999;Gemaal;Flux;FEWS;;Pompvolumes|60111_Pomp2|Vol.berekend.dag|-999.0;;24755;-9999;-9999
4;19517;2130-EAG-1;-9999;-9999;Gemaal;Flux;FEWS;;Pompvolumes|60111_Pomp3|Vol.berekend.dag|-999.0;;24756;-9999;-9999
5;19517;2130-EAG-1;-9999;-9999;Verdamping;Flux;FEWS;;ImportCAW|66002_VerdampingCAL|E.metingcal|-999.0;;24757;-9999;-9999
6;19517;2130-EAG-1;-9999;-9999;Neerslag;Flux;FEWS;;ImportCAW|66004cal|P.meting.dagcal|-999.0;;24758;-9999;-9999
7;19517;2130-EAG-1;-9999;-9999;Peil;Flux;FEWS;;Statistiek|99999T042_West|H.meting.gem|-999.0;;24759;-9999;-9999
