;EAGID;EAGCode;BakjeID;Laagvolgorde;ClusterType;ReeksType;ParamType;Waarde;WaardeAlfa;StartDag;EAGReeksWaardeID;BakjeReeksWaardeID;LaagReeksWaardeID
0;19572;2500-EAG-1;-9999;-9999;Gemaal;Flux;FEWS;;Pompvolumes|60010_pomp_1|Vol.berekend.dag|-999.0;;24599;-9999;-9999
1;19572;2500-EAG-1;-9999;-9999;Gemaal;Flux;FEWS;;Pompvolumes|60010_pomp_2|Vol.berekend.dag|-999.0;;24600;-9999;-9999
2;19572;2500-EAG-1;-9999;-9999;Verdamping;Flux;FEWS;;ImportCAW|66002_VerdampingCAL|E.metingcal|-999.0;;24601;-9999;-9999
3;19572;2500-EAG-1;-9999;-9999;Neerslag;Flux;FEWS;;ImportCAW|66005cal|P.meting.dagcal|-999.0;;24602;-9999;-9999
4;19572;2500-EAG-1;-9999;-9999;Peil;Flux;FEWS;;Statistiek|99999T004_West|H.meting.gem|-999.0;;24603;-9999;-9999
5;19572;2500-EAG-1;-9999;-9999;Peil;Flux;FEWS;;Statistiek|99999T007_West|H.meting.gem|-999.0;;24604;-9999;-9999
