;EAGID;EAGCode;BakjeID;Laagvolgorde;ClusterType;ParamType;Waarde;WaardeAlfa;StartDag
0;1268;2505-EAG-1;1268000000;-9999;ClAfstroming;-9999;25.0;;
1;1268;2505-EAG-1;1268000000;-9999;ClDrain;-9999;70.0;;
2;1268;2505-EAG-1;1268000000;-9999;ClKwel;-9999;400.0;;
3;1268;2505-EAG-1;1268000000;-9999;ClNeerslag;-9999;6.0;;
4;1268;2505-EAG-1;1268000000;-9999;ClRiolering;-9999;100.0;;
5;1268;2505-EAG-1;1268000000;-9999;ClUitspoeling;-9999;50.0;;
6;1268;2505-EAG-1;1268000000;-9999;ClVerhard;-9999;10.0;;
0;1268;2505-EAG-1;1268045980;1;Qkwel;Constant;0.0;;
1;1268;2505-EAG-1;1268045981;1;Qkwel;ValueSeries;-0.3998795905;;01-10
2;1268;2505-EAG-1;1268045981;1;Qkwel;ValueSeries;-0.2999096929;;01-04
3;1268;2505-EAG-1;1268045985;1;Qkwel;Constant;0.0;;
4;1268;2505-EAG-1;1268045986;1;Qkwel;ValueSeries;-0.7037474665;;01-10
5;1268;2505-EAG-1;1268045986;1;Qkwel;ValueSeries;-0.5278105999;;01-04
6;1268;2505-EAG-1;1268045990;1;Qkwel;Constant;0.0;;
7;1268;2505-EAG-1;1268045991;1;Qkwel;ValueSeries;-1.4763361142;;01-10
8;1268;2505-EAG-1;1268045991;1;Qkwel;ValueSeries;-1.1072520857;;01-04
0;1268;2505-EAG-1;1268000000;1;Qkwel;Constant;0.0;;
1;1268;2505-EAG-1;1268000000;1;Qwegz;Constant;0.5787947703;;
0;1268;2505-EAG-1;1268000000;1;hTargetMax;ValueSeries;-2.45;;01-05
1;1268;2505-EAG-1;1268000000;1;hTargetMax;ValueSeries;-2.45;;01-10
2;1268;2505-EAG-1;1268000000;1;hTargetMax;ValueSeries;-2.45;;15-03
3;1268;2505-EAG-1;1268000000;1;hTargetMax;ValueSeries;-2.45;;15-08
4;1268;2505-EAG-1;1268000000;1;hTargetMin;ValueSeries;-2.47;;01-05
5;1268;2505-EAG-1;1268000000;1;hTargetMin;ValueSeries;-2.47;;01-10
6;1268;2505-EAG-1;1268000000;1;hTargetMin;ValueSeries;-2.47;;15-03
7;1268;2505-EAG-1;1268000000;1;hTargetMin;ValueSeries;-2.47;;15-08
