;EAGID;EAGCode;BakjeID;Laagvolgorde;ClusterType;ParamType;Waarde;WaardeAlfa;StartDag
0;1623;8070-GAF;1623000000;-9999;ClAfstroming;-9999;100.0;;
1;1623;8070-GAF;1623000000;-9999;ClDrain;-9999;150.0;;
2;1623;8070-GAF;1623000000;-9999;ClKwel;-9999;50.0;;
3;1623;8070-GAF;1623000000;-9999;ClNeerslag;-9999;6.0;;
4;1623;8070-GAF;1623000000;-9999;ClRiolering;-9999;100.0;;
5;1623;8070-GAF;1623000000;-9999;ClUitspoeling;-9999;150.0;;
6;1623;8070-GAF;1623000000;-9999;ClVerhard;-9999;150.0;;
0;1623;8070-GAF;1623046855;1;Qkwel;Constant;0.0;;
1;1623;8070-GAF;1623046856;1;Qkwel;Constant;-0.1;;
2;1623;8070-GAF;1623046860;1;Qkwel;Constant;0.0;;
3;1623;8070-GAF;1623046862;1;Qkwel;ValueSeries;-0.1;;01-04
4;1623;8070-GAF;1623046862;1;Qkwel;ValueSeries;0.0;;01-10
0;1623;8070-GAF;1623000000;1;Qkwel;Constant;0.0;;
1;1623;8070-GAF;1623000000;1;Qwegz;Constant;5.0;;
0;1623;8070-GAF;1623000000;1;hTargetMax;ValueSeries;-2.05;;01-05
1;1623;8070-GAF;1623000000;1;hTargetMax;ValueSeries;-2.05;;01-10
2;1623;8070-GAF;1623000000;1;hTargetMax;ValueSeries;-2.05;;15-03
3;1623;8070-GAF;1623000000;1;hTargetMax;ValueSeries;-2.05;;15-08
4;1623;8070-GAF;1623000000;1;hTargetMin;ValueSeries;-2.1;;01-05
5;1623;8070-GAF;1623000000;1;hTargetMin;ValueSeries;-2.1;;01-10
6;1623;8070-GAF;1623000000;1;hTargetMin;ValueSeries;-2.1;;15-03
7;1623;8070-GAF;1623000000;1;hTargetMin;ValueSeries;-2.1;;15-08
