;EAGID;EAGCode;BakjeID;Laagvolgorde;ClusterType;ParamType;Waarde;WaardeAlfa;StartDag
0;1572;2330-GAF;1572000000;-9999;ClAfstroming;-9999;50.0;;
1;1572;2330-GAF;1572000000;-9999;ClDrain;-9999;70.0;;
2;1572;2330-GAF;1572000000;-9999;ClKwel;-9999;45.0;;
3;1572;2330-GAF;1572000000;-9999;ClNeerslag;-9999;6.0;;
4;1572;2330-GAF;1572000000;-9999;ClRiolering;-9999;100.0;;
5;1572;2330-GAF;1572000000;-9999;ClUitspoeling;-9999;70.0;;
6;1572;2330-GAF;1572000000;-9999;ClVerhard;-9999;50.0;;
0;1572;2330-GAF;1572045830;1;Qkwel;Constant;0.4;;
1;1572;2330-GAF;1572045831;1;Qkwel;Constant;0.4;;
2;1572;2330-GAF;1572045835;1;Qkwel;Constant;0.4;;
3;1572;2330-GAF;1572045836;1;Qkwel;Constant;0.4;;
4;1572;2330-GAF;1572045840;1;Qkwel;Constant;0.4;;
5;1572;2330-GAF;1572045841;1;Qkwel;Constant;0.4;;
0;1572;2330-GAF;1572000000;1;Qkwel;Constant;0.4;;
1;1572;2330-GAF;1572000000;1;Qwegz;Constant;0.0;;
0;1572;2330-GAF;1572000000;1;hTargetMax;ValueSeries;0.0;;01-05
1;1572;2330-GAF;1572000000;1;hTargetMax;ValueSeries;0.0;;01-10
2;1572;2330-GAF;1572000000;1;hTargetMax;ValueSeries;0.0;;15-03
3;1572;2330-GAF;1572000000;1;hTargetMax;ValueSeries;0.0;;15-08
4;1572;2330-GAF;1572000000;1;hTargetMin;ValueSeries;0.0;;01-05
5;1572;2330-GAF;1572000000;1;hTargetMin;ValueSeries;0.0;;01-10
6;1572;2330-GAF;1572000000;1;hTargetMin;ValueSeries;0.0;;15-03
7;1572;2330-GAF;1572000000;1;hTargetMin;ValueSeries;0.0;;15-08
