;EAGID;EAGCode;BakjeID;Laagvolgorde;ClusterType;ParamType;Waarde;WaardeAlfa;StartDag
0;1357;3260-EAG-1;1357000000;-9999;ClAfstroming;-9999;30.0;;
1;1357;3260-EAG-1;1357000000;-9999;ClDrain;-9999;50.0;;
2;1357;3260-EAG-1;1357000000;-9999;ClKwel;-9999;110.0;;
3;1357;3260-EAG-1;1357000000;-9999;ClNeerslag;-9999;6.0;;
4;1357;3260-EAG-1;1357000000;-9999;ClRiolering;-9999;100.0;;
5;1357;3260-EAG-1;1357000000;-9999;ClUitspoeling;-9999;150.0;;
6;1357;3260-EAG-1;1357000000;-9999;ClVerhard;-9999;10.0;;
0;1357;3260-EAG-1;1357046350;1;Qkwel;Constant;0.5;;
1;1357;3260-EAG-1;1357046351;1;Qkwel;Constant;0.5;;
0;1357;3260-EAG-1;1357000000;1;Qkwel;Constant;0.5;;
1;1357;3260-EAG-1;1357000000;1;Qwegz;Constant;0.0;;
0;1357;3260-EAG-1;1357000000;1;hTargetMax;ValueSeries;-2.07;;01-05
1;1357;3260-EAG-1;1357000000;1;hTargetMax;ValueSeries;-2.07;;01-10
2;1357;3260-EAG-1;1357000000;1;hTargetMax;ValueSeries;-2.07;;15-03
3;1357;3260-EAG-1;1357000000;1;hTargetMax;ValueSeries;-2.07;;15-08
4;1357;3260-EAG-1;1357000000;1;hTargetMin;ValueSeries;-2.11;;01-05
5;1357;3260-EAG-1;1357000000;1;hTargetMin;ValueSeries;-2.11;;01-10
6;1357;3260-EAG-1;1357000000;1;hTargetMin;ValueSeries;-2.11;;15-03
7;1357;3260-EAG-1;1357000000;1;hTargetMin;ValueSeries;-2.11;;15-08
