;EAGID;EAGCode;BakjeID;Laagvolgorde;ClusterType;ReeksType;ParamType;Waarde;WaardeAlfa;StartDag;EAGReeksWaardeID;BakjeReeksWaardeID;LaagReeksWaardeID
0;19505;2110-EAG-1;-9999;-9999;Gemaal;Flux;FEWS;;Pompvolumes|60130_dieselpomp|Vol.berekend.dag|-999.0;;24779;-9999;-9999
1;19505;2110-EAG-1;-9999;-9999;Gemaal;Flux;FEWS;;Pompvolumes|60130_pomp_1|Vol.berekend.dag|-999.0;;24780;-9999;-9999
2;19505;2110-EAG-1;-9999;-9999;Gemaal;Flux;FEWS;;Pompvolumes|60130_pomp_2|Vol.berekend.dag|-999.0;;24781;-9999;-9999
3;19505;2110-EAG-1;-9999;-9999;Gemaal;Flux;FEWS;;Pompvolumes|60130_pomp_3|Vol.berekend.dag|-999.0;;24782;-9999;-9999
4;19505;2110-EAG-1;-9999;-9999;Verdamping;Flux;FEWS;;ImportCAW|66002_VerdampingCAL|E.metingcal|-999.0;;24783;-9999;-9999
5;19505;2110-EAG-1;-9999;-9999;Neerslag;Flux;FEWS;;ImportCAW|66006cal|P.meting.dagcal|-999.0;;24784;-9999;-9999
