;EAGID;EAGCode;BakjeID;Laagvolgorde;ClusterType;ParamType;Waarde;WaardeAlfa;StartDag;Eenheid
0;1402;3360-EAG-15;1402122791;1;Qkwel;Constant;0.6;;;mm/dag
1;1402;3360-EAG-15;1402122796;1;Qkwel;ValueSeries;-1.36;;01-04;mm/dag
2;1402;3360-EAG-15;1402122796;1;Qkwel;ValueSeries;-0.64;;01-10;mm/dag
0;1402;3360-EAG-15;1402000000;1;Qkwel;Constant;0.0;;;mm/dag
1;1402;3360-EAG-15;1402000000;1;Qwegz;ValueSeries;0.02;;01-10;mm/dag
2;1402;3360-EAG-15;1402000000;1;Qwegz;ValueSeries;0.38;;01-04;mm/dag
0;1402;3360-EAG-15;1402000000;1;hTargetMax;ValueSeries;-0.73;;01-10;mNAP
1;1402;3360-EAG-15;1402000000;1;hTargetMax;ValueSeries;-0.73;;15-03;mNAP
2;1402;3360-EAG-15;1402000000;1;hTargetMax;ValueSeries;-0.72;;01-05;mNAP
3;1402;3360-EAG-15;1402000000;1;hTargetMax;ValueSeries;-0.72;;15-08;mNAP
4;1402;3360-EAG-15;1402000000;1;hTargetMin;ValueSeries;-0.77;;01-10;mNAP
5;1402;3360-EAG-15;1402000000;1;hTargetMin;ValueSeries;-0.77;;15-03;mNAP
6;1402;3360-EAG-15;1402000000;1;hTargetMin;ValueSeries;-0.68;;01-05;mNAP
7;1402;3360-EAG-15;1402000000;1;hTargetMin;ValueSeries;-0.68;;15-08;mNAP
0;1402;3360-EAG-15;-9999;-9999;Inlaat1;ValueSeries;0.0;;01-10;m3/dag
1;1402;3360-EAG-15;-9999;-9999;Inlaat1;ValueSeries;0.0;;01-04;m3/dag
2;1402;3360-EAG-15;-9999;-9999;Inlaat2;ValueSeries;0.0;;01-04;m3/dag
3;1402;3360-EAG-15;-9999;-9999;Inlaat2;ValueSeries;0.0;;01-10;m3/dag
4;1402;3360-EAG-15;-9999;-9999;Inlaat3;ValueSeries;0.0;;01-04;m3/dag
5;1402;3360-EAG-15;-9999;-9999;Inlaat3;ValueSeries;0.0;;01-10;m3/dag
6;1402;3360-EAG-15;-9999;-9999;Inlaat4;ValueSeries;0.0;;01-10;m3/dag
7;1402;3360-EAG-15;-9999;-9999;Inlaat4;ValueSeries;0.0;;01-04;m3/dag
8;1402;3360-EAG-15;-9999;-9999;Uitlaat1;ValueSeries;0.0;;01-10;m3/dag
9;1402;3360-EAG-15;-9999;-9999;Uitlaat1;ValueSeries;0.0;;01-04;m3/dag
10;1402;3360-EAG-15;-9999;-9999;Uitlaat2;ValueSeries;0.0;;01-04;m3/dag
11;1402;3360-EAG-15;-9999;-9999;Uitlaat2;ValueSeries;0.0;;01-10;m3/dag
12;1402;3360-EAG-15;-9999;-9999;Uitlaat3;ValueSeries;0.0;;01-04;m3/dag
13;1402;3360-EAG-15;-9999;-9999;Uitlaat3;ValueSeries;0.0;;01-10;m3/dag
14;1402;3360-EAG-15;-9999;-9999;Uitlaat4;ValueSeries;0.0;;01-10;m3/dag
15;1402;3360-EAG-15;-9999;-9999;Uitlaat4;ValueSeries;0.0;;01-04;m3/dag
0;1402;3360-EAG-15;-9999;-9999;Inlaat1;Local;;;;m3/dag
1;1402;3360-EAG-15;-9999;-9999;Inlaat2;Local;;;;m3/dag
2;1402;3360-EAG-15;-9999;-9999;Inlaat3;Local;;;;m3/dag
3;1402;3360-EAG-15;-9999;-9999;Inlaat4;Local;;;;m3/dag
4;1402;3360-EAG-15;-9999;-9999;Uitlaat1;Local;;;;m3/dag
5;1402;3360-EAG-15;-9999;-9999;Uitlaat2;Local;;;;m3/dag
6;1402;3360-EAG-15;-9999;-9999;Uitlaat3;Local;;;;m3/dag
7;1402;3360-EAG-15;-9999;-9999;Uitlaat4;Local;;;;m3/dag
0;1402;3360-EAG-15;-9999;-9999;Neerslag;FEWS;;meteo_meetstation_KNMI|ImportCAW|66011cal|P.meting.dagcal;;mm/dag
1;1402;3360-EAG-15;-9999;-9999;Peil;FEWS;;polder|Statistiek|70021_Polderpeil|H.meting.gem;;mNAP
2;1402;3360-EAG-15;-9999;-9999;Verdamping;FEWS;;ImportCAW|66002_VerdampingCAL|E.metingcal;;mm/dag
0;1402;3360-EAG-15;-9999;-9999;Gemaal1Debiet Pomp 1;Local;;;;m3/dag
1;1402;3360-EAG-15;-9999;-9999;Gemaal1Debiet Pomp 2;Local;;;;m3/dag
2;1402;3360-EAG-15;-9999;-9999;Gemaal2Debiet Pomp 1;Local;;;;m3/dag
3;1402;3360-EAG-15;-9999;-9999;Gemaal2Debiet Pomp 2;Local;;;;m3/dag
4;1402;3360-EAG-15;-9999;-9999;Gemaal3Debiet Pomp 1;Local;;;;m3/dag
5;1402;3360-EAG-15;-9999;-9999;Gemaal3Debiet Pomp 2;Local;;;;m3/dag
6;1402;3360-EAG-15;-9999;-9999;Neerslag;Local;;;;mm/dag
7;1402;3360-EAG-15;-9999;-9999;Peil;Local;;;;mNAP
8;1402;3360-EAG-15;-9999;-9999;Verdamping;Local;;;;mm/dag
