;EAGID;EAGCode;BakjeID;Laagvolgorde;ClusterType;ReeksType;ParamType;Waarde;WaardeAlfa;StartDag;EAGReeksWaardeID;BakjeReeksWaardeID;LaagReeksWaardeID
0;19793;6440-EAG-1;-9999;-9999;Gemaal;Flux;FEWS;;Pompvolumes|60205_pomp_1|Vol.berekend.dag|-999.0;;24895;-9999;-9999
1;19793;6440-EAG-1;-9999;-9999;Peil;Flux;FEWS;;Statistiek|62201_Boezempeil_1|H.meting.gem|-999.0;;24896;-9999;-9999
2;19793;6440-EAG-1;-9999;-9999;Verdamping;Flux;FEWS;;ImportCAW|66002_VerdampingCAL|E.metingcal|-999.0;;24897;-9999;-9999
3;19793;6440-EAG-1;-9999;-9999;Neerslag;Flux;FEWS;;ImportCAW|66011cal|P.meting.dagcal|-999.0;;24898;-9999;-9999
