EAGID;EAGCode;BakjeID;Laagvolgorde;ClusterType;ParamType;Waarde;WaardeAlfa;StartDag;Eenheid
500;8030-GAF;500002702;2;Qkwel;Constant;1.0000000000;;;mm/dag
500;8030-GAF;500002703;1;Qkwel;Constant;2.0000000000;;;mm/dag
500;8030-GAF;500002707;2;Qkwel;Constant;1.0000000000;;;mm/dag
500;8030-GAF;500002709;2;Qkwel;Constant;1.0000000000;;;mm/dag
500;8030-GAF;500002712;2;Qkwel;Constant;1.0000000000;;;mm/dag
500;8030-GAF;500002713;1;Qkwel;Constant;1.0000000000;;;mm/dag
500;8030-GAF;500002717;2;Qkwel;Constant;1.0000000000;;;mm/dag
500;8030-GAF;500002718;1;Qkwel;Constant;-0.3000000000;;;mm/dag
500;8030-GAF;500000000;1;Qkwel;Constant;1.0000000000;;;mm/dag
500;8030-GAF;500000000;1;Qwegz;Constant;1.0000000000;;;mm/dag
500;8030-GAF;500000000;1;hTargetMax;ValueSeries;-5.3300000000;;01-05;mNAP
500;8030-GAF;500000000;1;hTargetMax;ValueSeries;-5.3300000000;;01-10;mNAP
500;8030-GAF;500000000;1;hTargetMax;ValueSeries;-5.3300000000;;15-03;mNAP
500;8030-GAF;500000000;1;hTargetMax;ValueSeries;-5.3300000000;;15-08;mNAP
500;8030-GAF;500000000;1;hTargetMin;ValueSeries;-5.3700000000;;01-05;mNAP
500;8030-GAF;500000000;1;hTargetMin;ValueSeries;-5.3700000000;;01-10;mNAP
500;8030-GAF;500000000;1;hTargetMin;ValueSeries;-5.3700000000;;15-03;mNAP
500;8030-GAF;500000000;1;hTargetMin;ValueSeries;-5.3700000000;;15-08;mNAP
500;8030-GAF;-9999;-9999;Inlaat1;ValueSeries;0.0000000000;;01-04;m3/dag
500;8030-GAF;-9999;-9999;Inlaat1;ValueSeries;0.0000000000;;01-10;m3/dag
500;8030-GAF;-9999;-9999;Inlaat2;ValueSeries;0.0000000000;;01-04;m3/dag
500;8030-GAF;-9999;-9999;Inlaat2;ValueSeries;0.0000000000;;01-10;m3/dag
500;8030-GAF;-9999;-9999;Inlaat3;ValueSeries;0.0000000000;;01-04;m3/dag
500;8030-GAF;-9999;-9999;Inlaat3;ValueSeries;0.0000000000;;01-10;m3/dag
500;8030-GAF;-9999;-9999;Inlaat4;ValueSeries;0.0000000000;;01-04;m3/dag
500;8030-GAF;-9999;-9999;Inlaat4;ValueSeries;0.0000000000;;01-10;m3/dag
500;8030-GAF;-9999;-9999;Uitlaat1;ValueSeries;150.0000000000;;01-04;m3/dag
500;8030-GAF;-9999;-9999;Uitlaat1;ValueSeries;150.0000000000;;01-10;m3/dag
500;8030-GAF;-9999;-9999;Uitlaat2;ValueSeries;0.0000000000;;01-04;m3/dag
500;8030-GAF;-9999;-9999;Uitlaat2;ValueSeries;0.0000000000;;01-10;m3/dag
500;8030-GAF;-9999;-9999;Uitlaat3;ValueSeries;0.0000000000;;01-04;m3/dag
500;8030-GAF;-9999;-9999;Uitlaat3;ValueSeries;0.0000000000;;01-10;m3/dag
500;8030-GAF;-9999;-9999;Uitlaat4;ValueSeries;0.0000000000;;01-04;m3/dag
500;8030-GAF;-9999;-9999;Uitlaat4;ValueSeries;0.0000000000;;01-10;m3/dag
500;8030-GAF;-9999;-9999;Inlaat1;Local;;;;m3/dag
500;8030-GAF;-9999;-9999;Inlaat2;Local;;;;m3/dag
500;8030-GAF;-9999;-9999;Inlaat3;Local;;;;m3/dag
500;8030-GAF;-9999;-9999;Inlaat4;Local;;;;m3/dag
500;8030-GAF;-9999;-9999;Uitlaat1;Local;;;;m3/dag
500;8030-GAF;-9999;-9999;Uitlaat2;Local;;;;m3/dag
500;8030-GAF;-9999;-9999;Uitlaat3;Local;;;;m3/dag
500;8030-GAF;-9999;-9999;Uitlaat4;Local;;;;m3/dag
500;8030-GAF;-9999;-9999;Gemaal1Debiet Pomp 1;FEWS;;polder|Pompvolumes|64008_pomp_1|Vol.berekend.dag;;m3/dag
500;8030-GAF;-9999;-9999;Gemaal1Debiet Pomp 2;FEWS;;polder|Pompvolumes|64008_pomp_2|Vol.berekend.dag;;m3/dag
500;8030-GAF;-9999;-9999;Gemaal2Debiet Pomp 1;FEWS;;polder|Pompvolumes|64008_pomp_3|Vol.berekend.dag;;m3/dag
500;8030-GAF;-9999;-9999;Neerslag;FEWS;;meteo_meetstation_KNMI|ImportCAW|66010cal|P.meting.dagcal;;mm/dag
500;8030-GAF;-9999;-9999;Peil;FEWS;;polder|Statistiek|64008_polder_1_meting_1|H.meting.gem;;mNAP
500;8030-GAF;-9999;-9999;Verdamping;FEWS;;meteo_meetstation_KNMI|ImportCAW|66002_VerdampingCAL|E.metingcal;;mm/dag
500;8030-GAF;-9999;-9999;Gemaal1Debiet Pomp 1;Local;;;;m3/dag
500;8030-GAF;-9999;-9999;Gemaal1Debiet Pomp 2;Local;;;;m3/dag
500;8030-GAF;-9999;-9999;Gemaal2Debiet Pomp 1;Local;;;;m3/dag
500;8030-GAF;-9999;-9999;Gemaal2Debiet Pomp 2;Local;;;;m3/dag
500;8030-GAF;-9999;-9999;Gemaal3Debiet Pomp 1;Local;;;;m3/dag
500;8030-GAF;-9999;-9999;Gemaal3Debiet Pomp 2;Local;;;;m3/dag
500;8030-GAF;-9999;-9999;Neerslag;Local;;;;mm/dag
500;8030-GAF;-9999;-9999;Peil;Local;;;;mNAP
500;8030-GAF;-9999;-9999;Verdamping;Local;;;;mm/dag
