;EAGID;EAGCode;BakjeID;Laagvolgorde;ClusterType;ParamType;Waarde;WaardeAlfa;StartDag
0;1374;3303-EAG-1;1374000000;-9999;ClAfstroming;-9999;50.0;;
1;1374;3303-EAG-1;1374000000;-9999;ClDrain;-9999;50.0;;
2;1374;3303-EAG-1;1374000000;-9999;ClKwel;-9999;10.0;;
3;1374;3303-EAG-1;1374000000;-9999;ClNeerslag;-9999;6.0;;
4;1374;3303-EAG-1;1374000000;-9999;ClRiolering;-9999;100.0;;
5;1374;3303-EAG-1;1374000000;-9999;ClUitspoeling;-9999;50.0;;
6;1374;3303-EAG-1;1374000000;-9999;ClVerhard;-9999;10.0;;
0;1374;3303-EAG-1;1374046395;1;Qkwel;Constant;0.0;;
1;1374;3303-EAG-1;1374046396;1;Qkwel;Constant;-2.5;;
0;1374;3303-EAG-1;1374000000;1;Qkwel;Constant;0.0;;
1;1374;3303-EAG-1;1374000000;1;Qwegz;Constant;2.5;;
0;1374;3303-EAG-1;1374000000;1;hTargetMax;ValueSeries;-1.33;;01-10
1;1374;3303-EAG-1;1374000000;1;hTargetMax;ValueSeries;-1.33;;15-03
2;1374;3303-EAG-1;1374000000;1;hTargetMax;ValueSeries;-1.25;;01-05
3;1374;3303-EAG-1;1374000000;1;hTargetMax;ValueSeries;-1.25;;15-08
4;1374;3303-EAG-1;1374000000;1;hTargetMin;ValueSeries;-1.35;;01-10
5;1374;3303-EAG-1;1374000000;1;hTargetMin;ValueSeries;-1.35;;15-03
6;1374;3303-EAG-1;1374000000;1;hTargetMin;ValueSeries;-1.27;;01-05
7;1374;3303-EAG-1;1374000000;1;hTargetMin;ValueSeries;-1.27;;15-08
