;EAGID;EAGCode;BakjeID;Laagvolgorde;ClusterType;ParamType;Waarde;WaardeAlfa;StartDag
0;1576;2500-GAF;1576000000;-9999;ClAfstroming;-9999;25.0;;
1;1576;2500-GAF;1576000000;-9999;ClDrain;-9999;70.0;;
2;1576;2500-GAF;1576000000;-9999;ClKwel;-9999;400.0;;
3;1576;2500-GAF;1576000000;-9999;ClNeerslag;-9999;6.0;;
4;1576;2500-GAF;1576000000;-9999;ClRiolering;-9999;75.0;;
5;1576;2500-GAF;1576000000;-9999;ClUitspoeling;-9999;50.0;;
6;1576;2500-GAF;1576000000;-9999;ClVerhard;-9999;10.0;;
0;1576;2500-GAF;1576045895;1;Qkwel;Constant;0.0;;
1;1576;2500-GAF;1576045896;1;Qkwel;Constant;-2.05;;
2;1576;2500-GAF;1576045900;1;Qkwel;Constant;0.0;;
3;1576;2500-GAF;1576045901;1;Qkwel;Constant;-1.51;;
4;1576;2500-GAF;1576045905;1;Qkwel;Constant;0.0;;
5;1576;2500-GAF;1576045906;1;Qkwel;Constant;-3.41;;
6;1576;2500-GAF;1576045910;1;Qkwel;Constant;0.0;;
7;1576;2500-GAF;1576045911;1;Qkwel;Constant;-1.9;;
0;1576;2500-GAF;1576000000;1;Qkwel;Constant;0.0;;
1;1576;2500-GAF;1576000000;1;Qwegz;Constant;3.02;;
0;1576;2500-GAF;1576000000;1;hTargetMax;ValueSeries;-2.05;;01-05
1;1576;2500-GAF;1576000000;1;hTargetMax;ValueSeries;-2.05;;01-10
2;1576;2500-GAF;1576000000;1;hTargetMax;ValueSeries;-2.05;;15-03
3;1576;2500-GAF;1576000000;1;hTargetMax;ValueSeries;-2.05;;15-08
4;1576;2500-GAF;1576000000;1;hTargetMin;ValueSeries;-2.2;;01-05
5;1576;2500-GAF;1576000000;1;hTargetMin;ValueSeries;-2.2;;01-10
6;1576;2500-GAF;1576000000;1;hTargetMin;ValueSeries;-2.2;;15-03
7;1576;2500-GAF;1576000000;1;hTargetMin;ValueSeries;-2.2;;15-08
