;EAGID;EAGCode;BakjeID;Laagvolgorde;ClusterType;ParamType;Waarde;WaardeAlfa;StartDag
0;1332;3110-EAG-3;1332000000;-9999;ClAfstroming;-9999;30.0;;
1;1332;3110-EAG-3;1332000000;-9999;ClDrain;-9999;70.0;;
2;1332;3110-EAG-3;1332000000;-9999;ClKwel;-9999;3500.0;;
3;1332;3110-EAG-3;1332000000;-9999;ClNeerslag;-9999;6.0;;
4;1332;3110-EAG-3;1332000000;-9999;ClRiolering;-9999;100.0;;
5;1332;3110-EAG-3;1332000000;-9999;ClUitspoeling;-9999;500.0;;
6;1332;3110-EAG-3;1332000000;-9999;ClVerhard;-9999;10.0;;
0;1332;3110-EAG-3;1332046190;1;Qkwel;Constant;0.6;;
1;1332;3110-EAG-3;1332046191;1;Qkwel;Constant;0.6;;
2;1332;3110-EAG-3;1332046195;1;Qkwel;Constant;0.6;;
3;1332;3110-EAG-3;1332046196;1;Qkwel;Constant;0.3;;
0;1332;3110-EAG-3;1332000000;1;Qkwel;Constant;0.6;;
1;1332;3110-EAG-3;1332000000;1;Qwegz;Constant;0.3;;
0;1332;3110-EAG-3;1332000000;1;hTargetMax;ValueSeries;-2.09;;01-10
1;1332;3110-EAG-3;1332000000;1;hTargetMax;ValueSeries;-2.09;;15-03
2;1332;3110-EAG-3;1332000000;1;hTargetMax;ValueSeries;-1.97;;01-05
3;1332;3110-EAG-3;1332000000;1;hTargetMax;ValueSeries;-1.97;;15-08
4;1332;3110-EAG-3;1332000000;1;hTargetMin;ValueSeries;-2.12;;01-10
5;1332;3110-EAG-3;1332000000;1;hTargetMin;ValueSeries;-2.12;;15-03
6;1332;3110-EAG-3;1332000000;1;hTargetMin;ValueSeries;-1.99;;01-05
7;1332;3110-EAG-3;1332000000;1;hTargetMin;ValueSeries;-1.99;;15-08
