;EAGID;EAGCode;BakjeID;Laagvolgorde;ClusterType;ParamType;Waarde;WaardeAlfa;StartDag
0;1605;4140-GAF;1605000000;-9999;ClAfstroming;-9999;30.0;;
1;1605;4140-GAF;1605000000;-9999;ClDrain;-9999;70.0;;
2;1605;4140-GAF;1605000000;-9999;ClKwel;-9999;300.0;;
3;1605;4140-GAF;1605000000;-9999;ClNeerslag;-9999;6.0;;
4;1605;4140-GAF;1605000000;-9999;ClRiolering;-9999;100.0;;
5;1605;4140-GAF;1605000000;-9999;ClUitspoeling;-9999;300.0;;
6;1605;4140-GAF;1605000000;-9999;ClVerhard;-9999;10.0;;
0;1605;4140-GAF;1605046585;1;Qkwel;Constant;1.2;;
1;1605;4140-GAF;1605046586;1;Qkwel;Constant;1.2;;
0;1605;4140-GAF;1605000000;1;Qkwel;Constant;1.2;;
1;1605;4140-GAF;1605000000;1;Qwegz;Constant;0.0;;
0;1605;4140-GAF;1605000000;1;hTargetMax;ValueSeries;-1.23;;01-05
1;1605;4140-GAF;1605000000;1;hTargetMax;ValueSeries;-1.23;;01-10
2;1605;4140-GAF;1605000000;1;hTargetMax;ValueSeries;-1.23;;15-03
3;1605;4140-GAF;1605000000;1;hTargetMax;ValueSeries;-1.23;;15-08
4;1605;4140-GAF;1605000000;1;hTargetMin;ValueSeries;-1.27;;01-05
5;1605;4140-GAF;1605000000;1;hTargetMin;ValueSeries;-1.27;;01-10
6;1605;4140-GAF;1605000000;1;hTargetMin;ValueSeries;-1.27;;15-03
7;1605;4140-GAF;1605000000;1;hTargetMin;ValueSeries;-1.27;;15-08
