;EAGID;EAGCode;BakjeID;Laagvolgorde;ClusterType;ReeksType;ParamType;Waarde;WaardeAlfa;StartDag;EAGReeksWaardeID;BakjeReeksWaardeID;LaagReeksWaardeID
0;19688;3302-EAG-1;-9999;-9999;Gemaal;Flux;FEWS;;Pompvolumes|62046_pomp_1|Vol.berekend.dag|-999.0;;25200;-9999;-9999
1;19688;3302-EAG-1;-9999;-9999;Verdamping;Flux;FEWS;;ImportCAW|66003_VerdampingCAl|E.metingcal|-999.0;;25201;-9999;-9999
2;19688;3302-EAG-1;-9999;-9999;Neerslag;Flux;FEWS;;ImportCAW|66011cal|P.meting.dagcal|-999.0;;25202;-9999;-9999
3;19688;3302-EAG-1;-9999;-9999;Peil;Flux;FEWS;;Statistiek|70012_Polderpeil|H.meting.gem|-999.0;;25203;-9999;-9999
