;EAGID;EAGCode;BakjeID;Laagvolgorde;ClusterType;ParamType;Waarde;WaardeAlfa;StartDag;Eenheid
0;1260;2500-EAG-6;1260121705;2;Qkwel;Constant;-2.0;;;mm/dag
1;1260;2500-EAG-6;1260121706;1;Qkwel;Constant;-1.9;;;mm/dag
0;1260;2500-EAG-6;1260000000;1;Qkwel;Constant;0.0;;;mm/dag
1;1260;2500-EAG-6;1260000000;1;Qwegz;Constant;3.02;;;mm/dag
0;1260;2500-EAG-6;1260000000;1;hTargetMax;ValueSeries;-2.05;;01-05;mNAP
1;1260;2500-EAG-6;1260000000;1;hTargetMax;ValueSeries;-2.05;;01-10;mNAP
2;1260;2500-EAG-6;1260000000;1;hTargetMax;ValueSeries;-2.05;;15-03;mNAP
3;1260;2500-EAG-6;1260000000;1;hTargetMax;ValueSeries;-2.05;;15-08;mNAP
4;1260;2500-EAG-6;1260000000;1;hTargetMin;ValueSeries;-2.2;;01-05;mNAP
5;1260;2500-EAG-6;1260000000;1;hTargetMin;ValueSeries;-2.2;;01-10;mNAP
6;1260;2500-EAG-6;1260000000;1;hTargetMin;ValueSeries;-2.2;;15-03;mNAP
7;1260;2500-EAG-6;1260000000;1;hTargetMin;ValueSeries;-2.2;;15-08;mNAP
0;1260;2500-EAG-6;-9999;-9999;Inlaat1;ValueSeries;0.0;;01-10;m3/dag
1;1260;2500-EAG-6;-9999;-9999;Inlaat1;ValueSeries;6000.0;;01-04;m3/dag
2;1260;2500-EAG-6;-9999;-9999;Inlaat2;ValueSeries;0.0;;01-04;m3/dag
3;1260;2500-EAG-6;-9999;-9999;Inlaat2;ValueSeries;0.0;;01-10;m3/dag
4;1260;2500-EAG-6;-9999;-9999;Inlaat3;ValueSeries;0.0;;01-04;m3/dag
5;1260;2500-EAG-6;-9999;-9999;Inlaat3;ValueSeries;0.0;;01-10;m3/dag
6;1260;2500-EAG-6;-9999;-9999;Inlaat4;ValueSeries;0.0;;01-10;m3/dag
7;1260;2500-EAG-6;-9999;-9999;Inlaat4;ValueSeries;0.0;;01-04;m3/dag
8;1260;2500-EAG-6;-9999;-9999;Uitlaat1;ValueSeries;0.0;;01-10;m3/dag
9;1260;2500-EAG-6;-9999;-9999;Uitlaat1;ValueSeries;0.0;;01-04;m3/dag
10;1260;2500-EAG-6;-9999;-9999;Uitlaat2;ValueSeries;0.0;;01-04;m3/dag
11;1260;2500-EAG-6;-9999;-9999;Uitlaat2;ValueSeries;0.0;;01-10;m3/dag
12;1260;2500-EAG-6;-9999;-9999;Uitlaat3;ValueSeries;0.0;;01-04;m3/dag
13;1260;2500-EAG-6;-9999;-9999;Uitlaat3;ValueSeries;0.0;;01-10;m3/dag
14;1260;2500-EAG-6;-9999;-9999;Uitlaat4;ValueSeries;0.0;;01-10;m3/dag
15;1260;2500-EAG-6;-9999;-9999;Uitlaat4;ValueSeries;0.0;;01-04;m3/dag
0;1260;2500-EAG-6;-9999;-9999;Inlaat1;Local;;;;m3/dag
1;1260;2500-EAG-6;-9999;-9999;Inlaat2;Local;;;;m3/dag
2;1260;2500-EAG-6;-9999;-9999;Inlaat3;Local;;;;m3/dag
3;1260;2500-EAG-6;-9999;-9999;Inlaat4;Local;;;;m3/dag
4;1260;2500-EAG-6;-9999;-9999;Uitlaat1;Local;;;;m3/dag
5;1260;2500-EAG-6;-9999;-9999;Uitlaat2;Local;;;;m3/dag
6;1260;2500-EAG-6;-9999;-9999;Uitlaat3;Local;;;;m3/dag
7;1260;2500-EAG-6;-9999;-9999;Uitlaat4;Local;;;;m3/dag
0;1260;2500-EAG-6;-9999;-9999;Gemaal1Debiet Pomp 1;FEWS;;polder|Pompvolumes|60009_pomp_1|Vol.berekend.dag;;m3/dag
1;1260;2500-EAG-6;-9999;-9999;Gemaal1Debiet Pomp 2;FEWS;;polder|Pompvolumes|60009_pomp_2|Vol.berekend.dag;;m3/dag
2;1260;2500-EAG-6;-9999;-9999;Neerslag;FEWS;;meteo_meetstation_KNMI|ImportCAW|66004cal|P.meting.dagcal;;mm/dag
3;1260;2500-EAG-6;-9999;-9999;Peil;FEWS;;polder|Statistiek|60009_polder|H.meting.gem;;mNAP
4;1260;2500-EAG-6;-9999;-9999;Verdamping;FEWS;;ImportCAW|66002_VerdampingCAL|E.metingcal;;mm/dag
0;1260;2500-EAG-6;-9999;-9999;Gemaal1Debiet Pomp 1;Local;;;;m3/dag
1;1260;2500-EAG-6;-9999;-9999;Gemaal1Debiet Pomp 2;Local;;;;m3/dag
2;1260;2500-EAG-6;-9999;-9999;Gemaal2Debiet Pomp 1;Local;;;;m3/dag
3;1260;2500-EAG-6;-9999;-9999;Gemaal2Debiet Pomp 2;Local;;;;m3/dag
4;1260;2500-EAG-6;-9999;-9999;Gemaal3Debiet Pomp 1;Local;;;;m3/dag
5;1260;2500-EAG-6;-9999;-9999;Gemaal3Debiet Pomp 2;Local;;;;m3/dag
6;1260;2500-EAG-6;-9999;-9999;Neerslag;Local;;;;mm/dag
7;1260;2500-EAG-6;-9999;-9999;Peil;Local;;;;mNAP
8;1260;2500-EAG-6;-9999;-9999;Verdamping;Local;;;;mm/dag
