EAGID;EAGCode;BakjeID;Laagvolgorde;ClusterType;ParamType;Waarde;WaardeAlfa;StartDag;Eenheid
93;2280-GAF;93000342;2;Qkwel;Constant;-0.4000000000;;;mm/dag
93;2280-GAF;93000343;1;Qkwel;Constant;-0.4000000000;;;mm/dag
93;2280-GAF;93000344;2;Qkwel;Constant;-0.4000000000;;;mm/dag
93;2280-GAF;93000348;1;Qkwel;Constant;-0.4000000000;;;mm/dag
93;2280-GAF;93000349;2;Qkwel;Constant;-0.4000000000;;;mm/dag
93;2280-GAF;93000000;1;Qkwel;Constant;0.1500000000;;;mm/dag
93;2280-GAF;93000000;1;Qwegz;Constant;-0.5500000000;;;mm/dag
93;2280-GAF;93000000;1;hTargetMax;ValueSeries;0.0000000000;;01-05;mNAP
93;2280-GAF;93000000;1;hTargetMax;ValueSeries;0.0000000000;;01-10;mNAP
93;2280-GAF;93000000;1;hTargetMax;ValueSeries;0.0000000000;;15-03;mNAP
93;2280-GAF;93000000;1;hTargetMax;ValueSeries;0.0000000000;;15-08;mNAP
93;2280-GAF;93000000;1;hTargetMin;ValueSeries;0.0000000000;;01-05;mNAP
93;2280-GAF;93000000;1;hTargetMin;ValueSeries;0.0000000000;;01-10;mNAP
93;2280-GAF;93000000;1;hTargetMin;ValueSeries;0.0000000000;;15-03;mNAP
93;2280-GAF;93000000;1;hTargetMin;ValueSeries;0.0000000000;;15-08;mNAP
93;2280-GAF;-9999;-9999;Inlaat1;ValueSeries;1750.0000000000;;01-04;m3/dag
93;2280-GAF;-9999;-9999;Inlaat1;ValueSeries;1750.0000000000;;01-10;m3/dag
93;2280-GAF;-9999;-9999;Inlaat2;ValueSeries;0.0000000000;;01-04;m3/dag
93;2280-GAF;-9999;-9999;Inlaat2;ValueSeries;0.0000000000;;01-10;m3/dag
93;2280-GAF;-9999;-9999;Inlaat3;ValueSeries;0.0000000000;;01-04;m3/dag
93;2280-GAF;-9999;-9999;Inlaat3;ValueSeries;0.0000000000;;01-10;m3/dag
93;2280-GAF;-9999;-9999;Inlaat4;ValueSeries;0.0000000000;;01-04;m3/dag
93;2280-GAF;-9999;-9999;Inlaat4;ValueSeries;0.0000000000;;01-10;m3/dag
93;2280-GAF;-9999;-9999;Uitlaat1;ValueSeries;359.0000000000;;01-04;m3/dag
93;2280-GAF;-9999;-9999;Uitlaat1;ValueSeries;0.0000000000;;01-10;m3/dag
93;2280-GAF;-9999;-9999;Uitlaat2;ValueSeries;0.0000000000;;01-04;m3/dag
93;2280-GAF;-9999;-9999;Uitlaat2;ValueSeries;0.0000000000;;01-10;m3/dag
93;2280-GAF;-9999;-9999;Uitlaat3;ValueSeries;0.0000000000;;01-04;m3/dag
93;2280-GAF;-9999;-9999;Uitlaat3;ValueSeries;0.0000000000;;01-10;m3/dag
93;2280-GAF;-9999;-9999;Uitlaat4;ValueSeries;0.0000000000;;01-04;m3/dag
93;2280-GAF;-9999;-9999;Uitlaat4;ValueSeries;0.0000000000;;01-10;m3/dag
93;2280-GAF;-9999;-9999;Inlaat1;Local;;;;m3/dag
93;2280-GAF;-9999;-9999;Inlaat2;Local;;;;m3/dag
93;2280-GAF;-9999;-9999;Inlaat3;Local;;;;m3/dag
93;2280-GAF;-9999;-9999;Inlaat4;Local;;;;m3/dag
93;2280-GAF;-9999;-9999;Uitlaat1;Local;;;;m3/dag
93;2280-GAF;-9999;-9999;Uitlaat2;Local;;;;m3/dag
93;2280-GAF;-9999;-9999;Uitlaat3;Local;;;;m3/dag
93;2280-GAF;-9999;-9999;Uitlaat4;Local;;;;m3/dag
93;2280-GAF;-9999;-9999;Gemaal1Debiet Pomp 1;FEWS;;polder|Pompvolumes|60300_pomp2|Vol.berekend.dag;;m3/dag
93;2280-GAF;-9999;-9999;Gemaal1Debiet Pomp 2;FEWS;;polder|Pompvolumes|60300_pomp1|Vol.berekend.dag;;m3/dag
93;2280-GAF;-9999;-9999;Neerslag;FEWS;;meteo_meetstation_KNMI|ImportCAW|66005cal|P.meting.dagcal;;mm/dag
93;2280-GAF;-9999;-9999;Peil;FEWS;;polder|Statistiek|60300_polder|H.meting.gem;;mNAP
93;2280-GAF;-9999;-9999;Verdamping;FEWS;;meteo_meetstation_KNMI|ImportCAW|66002_VerdampingCAL|E.metingcal;;mm/dag
93;2280-GAF;-9999;-9999;Gemaal1Debiet Pomp 1;Local;;;;m3/dag
93;2280-GAF;-9999;-9999;Gemaal1Debiet Pomp 2;Local;;;;m3/dag
93;2280-GAF;-9999;-9999;Gemaal2Debiet Pomp 1;Local;;;;m3/dag
93;2280-GAF;-9999;-9999;Gemaal2Debiet Pomp 2;Local;;;;m3/dag
93;2280-GAF;-9999;-9999;Gemaal3Debiet Pomp 1;Local;;;;m3/dag
93;2280-GAF;-9999;-9999;Gemaal3Debiet Pomp 2;Local;;;;m3/dag
93;2280-GAF;-9999;-9999;Neerslag;Local;;;;mm/dag
93;2280-GAF;-9999;-9999;Peil;Local;;;;mNAP
93;2280-GAF;-9999;-9999;Verdamping;Local;;;;mm/dag
