;EAGID;EAGCode;BakjeID;Laagvolgorde;ClusterType;ParamType;Waarde;WaardeAlfa;StartDag;Eenheid
0;1558;2120-GAF;1558121250;2;Qkwel;Constant;0.5;;;mm/dag
1;1558;2120-GAF;1558121251;1;Qkwel;Constant;0.6;;;mm/dag
2;1558;2120-GAF;1558121255;2;Qkwel;Constant;0.5;;;mm/dag
3;1558;2120-GAF;1558121256;1;Qkwel;Constant;-1.0;;;mm/dag
4;1558;2120-GAF;1558121260;2;Qkwel;Constant;0.5;;;mm/dag
5;1558;2120-GAF;1558121261;1;Qkwel;Constant;0.4;;;mm/dag
6;1558;2120-GAF;1558121262;2;Qkwel;Constant;0.5;;;mm/dag
7;1558;2120-GAF;1558121266;1;Qkwel;Constant;0.0;;;mm/dag
0;1558;2120-GAF;1558000000;1;Qkwel;Constant;0.2637798588;;;mm/dag
1;1558;2120-GAF;1558000000;1;Qwegz;Constant;0.0;;;mm/dag
0;1558;2120-GAF;1558000000;1;hTargetMax;ValueSeries;-5.89;;01-05;mNAP
1;1558;2120-GAF;1558000000;1;hTargetMax;ValueSeries;-5.89;;01-10;mNAP
2;1558;2120-GAF;1558000000;1;hTargetMax;ValueSeries;-5.89;;15-03;mNAP
3;1558;2120-GAF;1558000000;1;hTargetMax;ValueSeries;-5.89;;15-08;mNAP
4;1558;2120-GAF;1558000000;1;hTargetMin;ValueSeries;-5.96;;01-05;mNAP
5;1558;2120-GAF;1558000000;1;hTargetMin;ValueSeries;-5.96;;01-10;mNAP
6;1558;2120-GAF;1558000000;1;hTargetMin;ValueSeries;-5.96;;15-03;mNAP
7;1558;2120-GAF;1558000000;1;hTargetMin;ValueSeries;-5.96;;15-08;mNAP
0;1558;2120-GAF;-9999;-9999;Inlaat1;ValueSeries;2000.0;;01-10;m3/dag
1;1558;2120-GAF;-9999;-9999;Inlaat1;ValueSeries;4000.0;;01-04;m3/dag
2;1558;2120-GAF;-9999;-9999;Inlaat2;ValueSeries;750.0;;01-04;m3/dag
3;1558;2120-GAF;-9999;-9999;Inlaat2;ValueSeries;500.0;;01-10;m3/dag
4;1558;2120-GAF;-9999;-9999;Inlaat3;ValueSeries;0.0;;01-04;m3/dag
5;1558;2120-GAF;-9999;-9999;Inlaat3;ValueSeries;0.0;;01-10;m3/dag
6;1558;2120-GAF;-9999;-9999;Inlaat4;ValueSeries;0.0;;01-10;m3/dag
7;1558;2120-GAF;-9999;-9999;Inlaat4;ValueSeries;0.0;;01-04;m3/dag
8;1558;2120-GAF;-9999;-9999;Uitlaat1;ValueSeries;0.0;;01-10;m3/dag
9;1558;2120-GAF;-9999;-9999;Uitlaat1;ValueSeries;0.0;;01-04;m3/dag
10;1558;2120-GAF;-9999;-9999;Uitlaat2;ValueSeries;0.0;;01-04;m3/dag
11;1558;2120-GAF;-9999;-9999;Uitlaat2;ValueSeries;0.0;;01-10;m3/dag
12;1558;2120-GAF;-9999;-9999;Uitlaat3;ValueSeries;0.0;;01-04;m3/dag
13;1558;2120-GAF;-9999;-9999;Uitlaat3;ValueSeries;0.0;;01-10;m3/dag
14;1558;2120-GAF;-9999;-9999;Uitlaat4;ValueSeries;0.0;;01-10;m3/dag
15;1558;2120-GAF;-9999;-9999;Uitlaat4;ValueSeries;0.0;;01-04;m3/dag
0;1558;2120-GAF;-9999;-9999;Inlaat1;Local;;;;m3/dag
1;1558;2120-GAF;-9999;-9999;Inlaat2;Local;;;;m3/dag
2;1558;2120-GAF;-9999;-9999;Inlaat3;Local;;;;m3/dag
3;1558;2120-GAF;-9999;-9999;Inlaat4;Local;;;;m3/dag
4;1558;2120-GAF;-9999;-9999;Uitlaat1;Local;;;;m3/dag
5;1558;2120-GAF;-9999;-9999;Uitlaat2;Local;;;;m3/dag
6;1558;2120-GAF;-9999;-9999;Uitlaat3;Local;;;;m3/dag
7;1558;2120-GAF;-9999;-9999;Uitlaat4;Local;;;;m3/dag
0;1558;2120-GAF;-9999;-9999;Gemaal1Debiet Pomp 1;FEWS;;polder|Pompvolumes|60120_pomp_1|Vol.berekend.dag;;m3/dag
1;1558;2120-GAF;-9999;-9999;Gemaal1Debiet Pomp 2;FEWS;;polder|Pompvolumes|60120_pomp_2|Vol.berekend.dag;;m3/dag
2;1558;2120-GAF;-9999;-9999;Gemaal2Debiet Pomp 1;FEWS;;polder|Pompvolumes|60120_pomp_3|Vol.berekend.dag;;m3/dag
3;1558;2120-GAF;-9999;-9999;Peil;FEWS;;polder|Statistiek|60120_polder|H.meting.gem;;mNAP
4;1558;2120-GAF;-9999;-9999;Verdamping;FEWS;;ImportCAW|66002_VerdampingCAL|E.metingcal;;mm/dag
0;1558;2120-GAF;-9999;-9999;Gemaal1Debiet Pomp 1;Local;;;;m3/dag
1;1558;2120-GAF;-9999;-9999;Gemaal1Debiet Pomp 2;Local;;;;m3/dag
2;1558;2120-GAF;-9999;-9999;Gemaal2Debiet Pomp 1;Local;;;;m3/dag
3;1558;2120-GAF;-9999;-9999;Gemaal2Debiet Pomp 2;Local;;;;m3/dag
4;1558;2120-GAF;-9999;-9999;Gemaal3Debiet Pomp 1;Local;;;;m3/dag
5;1558;2120-GAF;-9999;-9999;Gemaal3Debiet Pomp 2;Local;;;;m3/dag
6;1558;2120-GAF;-9999;-9999;Neerslag;Local;;;;mm/dag
7;1558;2120-GAF;-9999;-9999;Peil;Local;;;;mNAP
8;1558;2120-GAF;-9999;-9999;Verdamping;Local;;;;mm/dag
