;EAGID;EAGCode;BakjeID;Laagvolgorde;ClusterType;ReeksType;ParamType;Waarde;WaardeAlfa;StartDag;EAGReeksWaardeID;BakjeReeksWaardeID;LaagReeksWaardeID
0;19635;3050-EAG-2;-9999;-9999;Inlaat;Flux;ValueSeries;0.0;;01-04;24528;-9999;-9999
1;19635;3050-EAG-2;-9999;-9999;Inlaat;Flux;ValueSeries;864.0;;01-10;24529;-9999;-9999
2;19635;3050-EAG-2;-9999;-9999;Verdamping;Flux;FEWS;;ImportCAW|66003_VerdampingCAl|E.metingcal|-999.0;;25068;-9999;-9999
3;19635;3050-EAG-2;-9999;-9999;Neerslag;Flux;FEWS;;ImportCAW|66015cal|P.meting.dagcal|-999.0;;25069;-9999;-9999
0;19635;3050-EAG-2;16386;-9999;ClVerhard;Cl;-9999;10.0;;;-9999;759;-9999
1;19635;3050-EAG-2;16386;-9999;ClRiolering;Cl;-9999;100.0;;;-9999;760;-9999
2;19635;3050-EAG-2;16386;-9999;ClDrain;Cl;-9999;100.0;;;-9999;761;-9999
3;19635;3050-EAG-2;16386;-9999;ClUitspoeling;Cl;-9999;250.0;;;-9999;762;-9999
4;19635;3050-EAG-2;16386;-9999;ClAfstroming;Cl;-9999;30.0;;;-9999;763;-9999
0;19635;3050-EAG-2;16383;2;Qkwel;Flux;Constant;0.0;;;-9999;-9999;8999
1;19635;3050-EAG-2;16385;1;Qkwel;Flux;Constant;0.4;;;-9999;-9999;9000
2;19635;3050-EAG-2;16386;1;Qkwel;Flux;Constant;3.0;;;-9999;-9999;9001
3;19635;3050-EAG-2;16386;1;Qkwel;Cl;Constant;400.0;;;-9999;-9999;9002
4;19635;3050-EAG-2;16386;1;Qwegz;Flux;Constant;0.0;;;-9999;-9999;9003
