;EAGID;EAGCode;BakjeID;Laagvolgorde;ClusterType;ParamType;Waarde;WaardeAlfa;StartDag
0;1578;2503-GAF;1578000000;-9999;ClAfstroming;-9999;25.0;;
1;1578;2503-GAF;1578000000;-9999;ClDrain;-9999;70.0;;
2;1578;2503-GAF;1578000000;-9999;ClKwel;-9999;400.0;;
3;1578;2503-GAF;1578000000;-9999;ClNeerslag;-9999;6.0;;
4;1578;2503-GAF;1578000000;-9999;ClRiolering;-9999;100.0;;
5;1578;2503-GAF;1578000000;-9999;ClUitspoeling;-9999;50.0;;
6;1578;2503-GAF;1578000000;-9999;ClVerhard;-9999;10.0;;
0;1578;2503-GAF;1578045965;1;Qkwel;Constant;0.5;;
1;1578;2503-GAF;1578045966;1;Qkwel;Constant;0.3;;
2;1578;2503-GAF;1578045967;1;Qkwel;ValueSeries;0.0;;01-10
3;1578;2503-GAF;1578045967;1;Qkwel;ValueSeries;0.3;;01-04
0;1578;2503-GAF;1578000000;1;Qkwel;Constant;0.5;;
1;1578;2503-GAF;1578000000;1;Qwegz;Constant;0.0;;
0;1578;2503-GAF;1578000000;1;hTargetMax;ValueSeries;-6.55;;01-05
1;1578;2503-GAF;1578000000;1;hTargetMax;ValueSeries;-6.55;;01-10
2;1578;2503-GAF;1578000000;1;hTargetMax;ValueSeries;-6.55;;15-03
3;1578;2503-GAF;1578000000;1;hTargetMax;ValueSeries;-6.55;;15-08
4;1578;2503-GAF;1578000000;1;hTargetMin;ValueSeries;-6.65;;01-05
5;1578;2503-GAF;1578000000;1;hTargetMin;ValueSeries;-6.65;;01-10
6;1578;2503-GAF;1578000000;1;hTargetMin;ValueSeries;-6.65;;15-03
7;1578;2503-GAF;1578000000;1;hTargetMin;ValueSeries;-6.65;;15-08
