EAGID;EAGCode;BakjeID;Laagvolgorde;ClusterType;ParamType;Waarde;WaardeAlfa;StartDag;Eenheid
198;2620-GAF;198000922;2;Qkwel;Constant;-0.4000000000;;;mm/dag
198;2620-GAF;198000923;1;Qkwel;Constant;-0.4000000000;;;mm/dag
198;2620-GAF;198000927;2;Qkwel;Constant;-0.4000000000;;;mm/dag
198;2620-GAF;198000928;1;Qkwel;Constant;-0.3000000000;;;mm/dag
198;2620-GAF;198000000;1;Qkwel;Constant;0.0000000000;;;mm/dag
198;2620-GAF;198000000;1;Qwegz;Constant;0.3409696528;;;mm/dag
198;2620-GAF;198000000;1;hTargetMax;ValueSeries;-2.0000000000;;01-05;mNAP
198;2620-GAF;198000000;1;hTargetMax;ValueSeries;-2.0000000000;;01-10;mNAP
198;2620-GAF;198000000;1;hTargetMax;ValueSeries;-2.0000000000;;15-03;mNAP
198;2620-GAF;198000000;1;hTargetMax;ValueSeries;-2.0000000000;;15-08;mNAP
198;2620-GAF;198000000;1;hTargetMin;ValueSeries;-2.0200000000;;01-05;mNAP
198;2620-GAF;198000000;1;hTargetMin;ValueSeries;-2.0200000000;;01-10;mNAP
198;2620-GAF;198000000;1;hTargetMin;ValueSeries;-2.0200000000;;15-03;mNAP
198;2620-GAF;198000000;1;hTargetMin;ValueSeries;-2.0200000000;;15-08;mNAP
198;2620-GAF;-9999;-9999;Inlaat1;ValueSeries;0.0000000000;;01-04;m3/dag
198;2620-GAF;-9999;-9999;Inlaat1;ValueSeries;0.0000000000;;01-10;m3/dag
198;2620-GAF;-9999;-9999;Inlaat2;ValueSeries;4500.0000000000;;01-04;m3/dag
198;2620-GAF;-9999;-9999;Inlaat2;ValueSeries;4500.0000000000;;01-10;m3/dag
198;2620-GAF;-9999;-9999;Inlaat3;ValueSeries;700.0000000000;;01-04;m3/dag
198;2620-GAF;-9999;-9999;Inlaat3;ValueSeries;700.0000000000;;01-10;m3/dag
198;2620-GAF;-9999;-9999;Inlaat4;ValueSeries;0.0000000000;;01-04;m3/dag
198;2620-GAF;-9999;-9999;Inlaat4;ValueSeries;0.0000000000;;01-10;m3/dag
198;2620-GAF;-9999;-9999;Uitlaat1;ValueSeries;4000.0000000000;;01-04;m3/dag
198;2620-GAF;-9999;-9999;Uitlaat1;ValueSeries;1000.0000000000;;01-10;m3/dag
198;2620-GAF;-9999;-9999;Uitlaat2;ValueSeries;2500.0000000000;;01-04;m3/dag
198;2620-GAF;-9999;-9999;Uitlaat2;ValueSeries;2000.0000000000;;01-10;m3/dag
198;2620-GAF;-9999;-9999;Uitlaat3;ValueSeries;0.0000000000;;01-04;m3/dag
198;2620-GAF;-9999;-9999;Uitlaat3;ValueSeries;0.0000000000;;01-10;m3/dag
198;2620-GAF;-9999;-9999;Uitlaat4;ValueSeries;0.0000000000;;01-04;m3/dag
198;2620-GAF;-9999;-9999;Uitlaat4;ValueSeries;0.0000000000;;01-10;m3/dag
198;2620-GAF;-9999;-9999;Inlaat1;Local;;;;m3/dag
198;2620-GAF;-9999;-9999;Inlaat2;Local;;;;m3/dag
198;2620-GAF;-9999;-9999;Inlaat3;Local;;;;m3/dag
198;2620-GAF;-9999;-9999;Inlaat4;Local;;;;m3/dag
198;2620-GAF;-9999;-9999;Uitlaat1;Local;;;;m3/dag
198;2620-GAF;-9999;-9999;Uitlaat2;Local;;;;m3/dag
198;2620-GAF;-9999;-9999;Uitlaat3;Local;;;;m3/dag
198;2620-GAF;-9999;-9999;Uitlaat4;Local;;;;m3/dag
198;2620-GAF;-9999;-9999;Gemaal1Debiet Pomp 1;FEWS;;polder|Pompvolumes|60060_pomp_3|Vol.berekend.dag;;m3/dag
198;2620-GAF;-9999;-9999;Neerslag;FEWS;;meteo_meetstation_KNMI|ImportCAW|66017cal|P.meting.dagcal;;mm/dag
198;2620-GAF;-9999;-9999;Peil;FEWS;;polder|Statistiek|60065_polder|H.meting.gem;;mNAP
198;2620-GAF;-9999;-9999;Verdamping;FEWS;;meteo_meetstation_KNMI|ImportCAW|66002_VerdampingCAL|E.metingcal;;mm/dag
198;2620-GAF;-9999;-9999;Gemaal1Debiet Pomp 1;Local;;;;m3/dag
198;2620-GAF;-9999;-9999;Gemaal1Debiet Pomp 2;Local;;;;m3/dag
198;2620-GAF;-9999;-9999;Gemaal2Debiet Pomp 1;Local;;;;m3/dag
198;2620-GAF;-9999;-9999;Gemaal2Debiet Pomp 2;Local;;;;m3/dag
198;2620-GAF;-9999;-9999;Gemaal3Debiet Pomp 1;Local;;;;m3/dag
198;2620-GAF;-9999;-9999;Gemaal3Debiet Pomp 2;Local;;;;m3/dag
198;2620-GAF;-9999;-9999;Neerslag;Local;;;;mm/dag
198;2620-GAF;-9999;-9999;Peil;Local;;;;mNAP
198;2620-GAF;-9999;-9999;Verdamping;Local;;;;mm/dag
