;EAGID;EAGCode;BakjeID;Laagvolgorde;ClusterType;ParamType;Waarde;WaardeAlfa;StartDag
0;1574;2400-GAF;1574000000;-9999;ClAfstroming;-9999;25.0;;
1;1574;2400-GAF;1574000000;-9999;ClDrain;-9999;70.0;;
2;1574;2400-GAF;1574000000;-9999;ClKwel;-9999;400.0;;
3;1574;2400-GAF;1574000000;-9999;ClNeerslag;-9999;6.0;;
4;1574;2400-GAF;1574000000;-9999;ClRiolering;-9999;100.0;;
5;1574;2400-GAF;1574000000;-9999;ClUitspoeling;-9999;50.0;;
6;1574;2400-GAF;1574000000;-9999;ClVerhard;-9999;10.0;;
0;1574;2400-GAF;1574045855;1;Qkwel;Constant;0.0;;
1;1574;2400-GAF;1574045856;1;Qkwel;Constant;-0.33;;
2;1574;2400-GAF;1574045865;1;Qkwel;Constant;0.0;;
3;1574;2400-GAF;1574045866;1;Qkwel;Constant;-0.22;;
4;1574;2400-GAF;1574045870;1;Qkwel;Constant;0.0;;
5;1574;2400-GAF;1574045871;1;Qkwel;Constant;-0.75;;
0;1574;2400-GAF;1574000000;1;Qkwel;Constant;0.0;;
1;1574;2400-GAF;1574000000;1;Qwegz;Constant;0.4199284521;;
0;1574;2400-GAF;1574000000;1;hTargetMax;ValueSeries;-3.12;;01-10
1;1574;2400-GAF;1574000000;1;hTargetMax;ValueSeries;-3.0;;01-05
2;1574;2400-GAF;1574000000;1;hTargetMax;ValueSeries;-3.0;;15-03
3;1574;2400-GAF;1574000000;1;hTargetMax;ValueSeries;-3.0;;15-08
4;1574;2400-GAF;1574000000;1;hTargetMin;ValueSeries;-3.16;;01-10
5;1574;2400-GAF;1574000000;1;hTargetMin;ValueSeries;-3.05;;01-05
6;1574;2400-GAF;1574000000;1;hTargetMin;ValueSeries;-3.05;;15-03
7;1574;2400-GAF;1574000000;1;hTargetMin;ValueSeries;-3.05;;15-08
