;EAGID;EAGCode;BakjeID;Laagvolgorde;ClusterType;ReeksType;ParamType;Waarde;WaardeAlfa;StartDag;EAGReeksWaardeID;BakjeReeksWaardeID;LaagReeksWaardeID
0;19629;3000-EAG-1;-9999;-9999;Peil;Flux;FEWS;;Statistiek|62070_boezem|H.meting.gem|-999.0;;25310;-9999;-9999
1;19629;3000-EAG-1;-9999;-9999;Peil;Flux;FEWS;;Statistiek|62070_boezem|H.meting.gem|-999.0;;25311;-9999;-9999
2;19629;3000-EAG-1;-9999;-9999;Verdamping;Flux;FEWS;;ImportCAW|66003_VerdampingCAl|E.metingcal|-999.0;;25312;-9999;-9999
3;19629;3000-EAG-1;-9999;-9999;Neerslag;Flux;FEWS;;ImportCAW|66011cal|P.meting.dagcal|-999.0;;25313;-9999;-9999
