;EAGID;EAGCode;BakjeID;Laagvolgorde;ClusterType;ReeksType;ParamType;Waarde;WaardeAlfa;StartDag;EAGReeksWaardeID;BakjeReeksWaardeID;LaagReeksWaardeID
0;19693;3311-EAG-1;-9999;-9999;Peil;Flux;FEWS;;Statistiek|4B305PE02LT001_Actief|H.meting.gem|-999.0;;24560;-9999;-9999
1;19693;3311-EAG-1;-9999;-9999;Verdamping;Flux;FEWS;;ImportCAW|66003_VerdampingCAl|E.metingcal|-999.0;;24561;-9999;-9999
2;19693;3311-EAG-1;-9999;-9999;Neerslag;Flux;FEWS;;ImportCAW|66011cal|P.meting.dagcal|-999.0;;24562;-9999;-9999
3;19693;3311-EAG-1;-9999;-9999;Peil;Flux;FEWS;;Statistiek|99999GWA3_Oost|H.meting.gem|-999.0;;24563;-9999;-9999
