;EAGID;EAGCode;BakjeID;Laagvolgorde;ClusterType;ParamType;Waarde;WaardeAlfa;StartDag;Eenheid
0;1592;3100-GAF;1592000000;-9999;ClAfstroming;-9999;65.0;;;mg/l
1;1592;3100-GAF;1592000000;-9999;ClDrain;-9999;100.0;;;mg/l
2;1592;3100-GAF;1592000000;-9999;ClKwel;-9999;50.0;;;mg/l
3;1592;3100-GAF;1592000000;-9999;ClNeerslag;-9999;10.0;;;mg/l
4;1592;3100-GAF;1592000000;-9999;ClRiolering;-9999;100.0;;;mg/l
5;1592;3100-GAF;1592000000;-9999;ClUitspoeling;-9999;65.0;;;mg/l
6;1592;3100-GAF;1592000000;-9999;ClVerhard;-9999;10.0;;;mg/l
0;1592;3100-GAF;1592058111;1;Qkwel;ValueSeries;-1.7276292626;;01-04;mm/dag
1;1592;3100-GAF;1592058116;1;Qkwel;ValueSeries;-0.6912127014;;01-04;mm/dag
2;1592;3100-GAF;1592058121;1;Qkwel;ValueSeries;0.883872064;;01-04;mm/dag
3;1592;3100-GAF;1592058126;1;Qkwel;ValueSeries;2.7523933205;;01-04;mm/dag
0;1592;3100-GAF;1592000000;1;Qkwel;ValueSeries;0.66;;01-04;mm/dag
1;1592;3100-GAF;1592000000;1;Qwegz;ValueSeries;2.19;;01-04;mm/dag
0;1592;3100-GAF;1592000000;1;hTargetMax;ValueSeries;-0.8;;01-05;mNAP
1;1592;3100-GAF;1592000000;1;hTargetMax;ValueSeries;-0.8;;01-10;mNAP
2;1592;3100-GAF;1592000000;1;hTargetMax;ValueSeries;-0.8;;15-03;mNAP
3;1592;3100-GAF;1592000000;1;hTargetMax;ValueSeries;-0.8;;15-08;mNAP
4;1592;3100-GAF;1592000000;1;hTargetMin;ValueSeries;-1.05;;01-05;mNAP
5;1592;3100-GAF;1592000000;1;hTargetMin;ValueSeries;-1.05;;01-10;mNAP
6;1592;3100-GAF;1592000000;1;hTargetMin;ValueSeries;-1.05;;15-03;mNAP
7;1592;3100-GAF;1592000000;1;hTargetMin;ValueSeries;-1.05;;15-08;mNAP
0;1592;3100-GAF;-9999;-9999;Uitlaat1;ValueSeries;0.0;;01-04;m3/dag
1;1592;3100-GAF;-9999;-9999;Inlaat1;ValueSeries;0.0;;01-10;m3/dag
2;1592;3100-GAF;-9999;-9999;Inlaat2;ValueSeries;0.0;;01-04;m3/dag
3;1592;3100-GAF;-9999;-9999;Inlaat2;ValueSeries;0.0;;01-10;m3/dag
4;1592;3100-GAF;-9999;-9999;Inlaat3;ValueSeries;0.0;;01-04;m3/dag
5;1592;3100-GAF;-9999;-9999;Inlaat3;ValueSeries;0.0;;01-10;m3/dag
6;1592;3100-GAF;-9999;-9999;Inlaat1;ValueSeries;0.0;;01-04;m3/dag
7;1592;3100-GAF;-9999;-9999;Inlaat4;ValueSeries;0.0;;01-10;m3/dag
8;1592;3100-GAF;-9999;-9999;Uitlaat4;ValueSeries;0.0;;01-10;m3/dag
9;1592;3100-GAF;-9999;-9999;Uitlaat1;ValueSeries;0.0;;01-10;m3/dag
10;1592;3100-GAF;-9999;-9999;Uitlaat2;ValueSeries;0.0;;01-04;m3/dag
11;1592;3100-GAF;-9999;-9999;Uitlaat2;ValueSeries;0.0;;01-10;m3/dag
12;1592;3100-GAF;-9999;-9999;Uitlaat3;ValueSeries;0.0;;01-04;m3/dag
13;1592;3100-GAF;-9999;-9999;Uitlaat3;ValueSeries;0.0;;01-10;m3/dag
14;1592;3100-GAF;-9999;-9999;Uitlaat4;ValueSeries;0.0;;01-04;m3/dag
15;1592;3100-GAF;-9999;-9999;Inlaat4;ValueSeries;0.0;;01-04;m3/dag
