;EAGID;EAGCode;BakjeID;Laagvolgorde;ClusterType;ParamType;Waarde;WaardeAlfa;StartDag
0;1614;6450-GAF;1614000000;-9999;ClAfstroming;-9999;15.0;;
1;1614;6450-GAF;1614000000;-9999;ClDrain;-9999;70.0;;
2;1614;6450-GAF;1614000000;-9999;ClKwel;-9999;150.0;;
3;1614;6450-GAF;1614000000;-9999;ClNeerslag;-9999;6.0;;
4;1614;6450-GAF;1614000000;-9999;ClRiolering;-9999;100.0;;
5;1614;6450-GAF;1614000000;-9999;ClUitspoeling;-9999;70.0;;
6;1614;6450-GAF;1614000000;-9999;ClVerhard;-9999;10.0;;
0;1614;6450-GAF;1614046716;1;Qkwel;Constant;0.2;;
1;1614;6450-GAF;1614046720;1;Qkwel;Constant;0.2;;
2;1614;6450-GAF;1614046721;1;Qkwel;Constant;0.2;;
3;1614;6450-GAF;1614046726;1;Qkwel;Constant;0.2;;
0;1614;6450-GAF;1614000000;1;Qkwel;Constant;0.2;;
1;1614;6450-GAF;1614000000;1;Qwegz;Constant;0.0;;
0;1614;6450-GAF;1614000000;1;hTargetMax;ValueSeries;-2.28;;01-05
1;1614;6450-GAF;1614000000;1;hTargetMax;ValueSeries;-2.28;;01-10
2;1614;6450-GAF;1614000000;1;hTargetMax;ValueSeries;-2.28;;15-03
3;1614;6450-GAF;1614000000;1;hTargetMax;ValueSeries;-2.28;;15-08
4;1614;6450-GAF;1614000000;1;hTargetMin;ValueSeries;-2.32;;01-05
5;1614;6450-GAF;1614000000;1;hTargetMin;ValueSeries;-2.32;;01-10
6;1614;6450-GAF;1614000000;1;hTargetMin;ValueSeries;-2.32;;15-03
7;1614;6450-GAF;1614000000;1;hTargetMin;ValueSeries;-2.32;;15-08
