;EAGID;EAGCode;BakjeID;Laagvolgorde;ClusterType;ReeksType;ParamType;Waarde;WaardeAlfa;StartDag;EAGReeksWaardeID;BakjeReeksWaardeID;LaagReeksWaardeID
0;19814;6550-EAG-1;-9999;-9999;Gemaal;Flux;FEWS;;Pompvolumes|62075_pomp_1|Vol.berekend.dag|-999.0;;25322;-9999;-9999
1;19814;6550-EAG-1;-9999;-9999;Gemaal;Flux;FEWS;;Pompvolumes|62075_pomp_2|Vol.berekend.dag|-999.0;;25323;-9999;-9999
2;19814;6550-EAG-1;-9999;-9999;Verdamping;Flux;FEWS;;ImportCAW|66003_VerdampingCAl|E.metingcal|-999.0;;25324;-9999;-9999
3;19814;6550-EAG-1;-9999;-9999;Neerslag;Flux;FEWS;;ImportCAW|66014cal|P.meting.dagcal|-999.0;;25325;-9999;-9999
