;EAGID;EAGCode;BakjeID;Laagvolgorde;ClusterType;ReeksType;ParamType;Waarde;WaardeAlfa;StartDag;EAGReeksWaardeID;BakjeReeksWaardeID;LaagReeksWaardeID
0;19670;3230-EAG-6;-9999;-9999;Gemaal;Flux;FEWS;;Pompvolumes|61007_pomp_1|Vol.berekend.dag|-999.0;;24972;-9999;-9999
1;19670;3230-EAG-6;-9999;-9999;Gemaal;Flux;FEWS;;Pompvolumes|62015_pomp_1|Vol.berekend.dag|-999.0;;24973;-9999;-9999
2;19670;3230-EAG-6;-9999;-9999;Gemaal;Flux;FEWS;;Pompvolumes|62015_pomp_2|Vol.berekend.dag|-999.0;;24974;-9999;-9999
3;19670;3230-EAG-6;-9999;-9999;Verdamping;Flux;FEWS;;ImportCAW|66003_VerdampingCAl|E.metingcal|-999.0;;24975;-9999;-9999
4;19670;3230-EAG-6;-9999;-9999;Neerslag;Flux;FEWS;;ImportCAW|66009cal|P.meting.dagcal|-999.0;;24976;-9999;-9999
