;EAGID;EAGCode;BakjeID;Laagvolgorde;ClusterType;ParamType;Waarde;WaardeAlfa;StartDag;Eenheid
0;1555;2010-GAF;1555121190;2;Qkwel;Constant;-0.2;;;mm/dag
1;1555;2010-GAF;1555121191;1;Qkwel;Constant;-0.2;;;mm/dag
2;1555;2010-GAF;1555121192;2;Qkwel;Constant;-0.2;;;mm/dag
3;1555;2010-GAF;1555121195;2;Qkwel;Constant;-0.2;;;mm/dag
4;1555;2010-GAF;1555121196;1;Qkwel;Constant;-0.2;;;mm/dag
5;1555;2010-GAF;1555121197;2;Qkwel;Constant;-0.2;;;mm/dag
0;1555;2010-GAF;1555000000;1;Qkwel;Constant;0.0;;;mm/dag
1;1555;2010-GAF;1555000000;1;Qwegz;Constant;0.1999999904;;;mm/dag
0;1555;2010-GAF;1555000000;1;hTargetMax;ValueSeries;0.0;;01-05;mNAP
1;1555;2010-GAF;1555000000;1;hTargetMax;ValueSeries;0.0;;01-10;mNAP
2;1555;2010-GAF;1555000000;1;hTargetMax;ValueSeries;0.0;;15-03;mNAP
3;1555;2010-GAF;1555000000;1;hTargetMax;ValueSeries;0.0;;15-08;mNAP
4;1555;2010-GAF;1555000000;1;hTargetMin;ValueSeries;0.0;;01-05;mNAP
5;1555;2010-GAF;1555000000;1;hTargetMin;ValueSeries;0.0;;01-10;mNAP
6;1555;2010-GAF;1555000000;1;hTargetMin;ValueSeries;0.0;;15-03;mNAP
7;1555;2010-GAF;1555000000;1;hTargetMin;ValueSeries;0.0;;15-08;mNAP
0;1555;2010-GAF;-9999;-9999;Inlaat1;ValueSeries;4000.0;;01-10;m3/dag
1;1555;2010-GAF;-9999;-9999;Inlaat1;ValueSeries;4000.0;;01-04;m3/dag
2;1555;2010-GAF;-9999;-9999;Inlaat2;ValueSeries;0.0;;01-04;m3/dag
3;1555;2010-GAF;-9999;-9999;Inlaat2;ValueSeries;0.0;;01-10;m3/dag
4;1555;2010-GAF;-9999;-9999;Inlaat3;ValueSeries;0.0;;01-04;m3/dag
5;1555;2010-GAF;-9999;-9999;Inlaat3;ValueSeries;0.0;;01-10;m3/dag
6;1555;2010-GAF;-9999;-9999;Inlaat4;ValueSeries;0.0;;01-10;m3/dag
7;1555;2010-GAF;-9999;-9999;Inlaat4;ValueSeries;0.0;;01-04;m3/dag
8;1555;2010-GAF;-9999;-9999;Uitlaat1;ValueSeries;0.0;;01-10;m3/dag
9;1555;2010-GAF;-9999;-9999;Uitlaat1;ValueSeries;0.0;;01-04;m3/dag
10;1555;2010-GAF;-9999;-9999;Uitlaat2;ValueSeries;0.0;;01-04;m3/dag
11;1555;2010-GAF;-9999;-9999;Uitlaat2;ValueSeries;0.0;;01-10;m3/dag
12;1555;2010-GAF;-9999;-9999;Uitlaat3;ValueSeries;0.0;;01-04;m3/dag
13;1555;2010-GAF;-9999;-9999;Uitlaat3;ValueSeries;0.0;;01-10;m3/dag
14;1555;2010-GAF;-9999;-9999;Uitlaat4;ValueSeries;0.0;;01-10;m3/dag
15;1555;2010-GAF;-9999;-9999;Uitlaat4;ValueSeries;0.0;;01-04;m3/dag
0;1555;2010-GAF;-9999;-9999;Inlaat1;Local;;;;m3/dag
1;1555;2010-GAF;-9999;-9999;Inlaat2;Local;;;;m3/dag
2;1555;2010-GAF;-9999;-9999;Inlaat3;Local;;;;m3/dag
3;1555;2010-GAF;-9999;-9999;Inlaat4;Local;;;;m3/dag
4;1555;2010-GAF;-9999;-9999;Uitlaat1;Local;;;;m3/dag
5;1555;2010-GAF;-9999;-9999;Uitlaat2;Local;;;;m3/dag
6;1555;2010-GAF;-9999;-9999;Uitlaat3;Local;;;;m3/dag
7;1555;2010-GAF;-9999;-9999;Uitlaat4;Local;;;;m3/dag
0;1555;2010-GAF;-9999;-9999;Gemaal1Debiet Pomp 1;FEWS;;polder|Pompvolumes|62430_pomp1|Vol.berekend.dag;;m3/dag
1;1555;2010-GAF;-9999;-9999;Peil;FEWS;;polder|Statistiek|64861_Polderpeil_Diemerpolder|H.meting.gem;;mNAP
2;1555;2010-GAF;-9999;-9999;Verdamping;FEWS;;ImportCAW|66002_VerdampingCAL|E.metingcal;;mm/dag
0;1555;2010-GAF;-9999;-9999;Gemaal1Debiet Pomp 1;Local;;;;m3/dag
1;1555;2010-GAF;-9999;-9999;Gemaal1Debiet Pomp 2;Local;;;;m3/dag
2;1555;2010-GAF;-9999;-9999;Gemaal2Debiet Pomp 1;Local;;;;m3/dag
3;1555;2010-GAF;-9999;-9999;Gemaal2Debiet Pomp 2;Local;;;;m3/dag
4;1555;2010-GAF;-9999;-9999;Gemaal3Debiet Pomp 1;Local;;;;m3/dag
5;1555;2010-GAF;-9999;-9999;Gemaal3Debiet Pomp 2;Local;;;;m3/dag
6;1555;2010-GAF;-9999;-9999;Neerslag;Local;;;;mm/dag
7;1555;2010-GAF;-9999;-9999;Peil;Local;;;;mNAP
8;1555;2010-GAF;-9999;-9999;Verdamping;Local;;;;mm/dag
