EAGID;EAGCode;BakjeID;Laagvolgorde;ClusterType;ParamType;Waarde;WaardeAlfa;StartDag;Eenheid
543;2510-EAG-1-2;543000682;2;Qkwel;Constant;0.0000000000;;;mm/dag
543;2510-EAG-1-2;543000683;1;Qkwel;Constant;0.0871853139;;;mm/dag
543;2510-EAG-1-2;543000687;2;Qkwel;Constant;0.0000000000;;;mm/dag
543;2510-EAG-1-2;543000688;1;Qkwel;ValueSeries;-0.1633770806;;01-10;mm/dag
543;2510-EAG-1-2;543000688;1;Qkwel;ValueSeries;-0.1225328104;;01-04;mm/dag
543;2510-EAG-1-2;543000692;2;Qkwel;Constant;0.0000000000;;;mm/dag
543;2510-EAG-1-2;543000693;1;Qkwel;ValueSeries;-0.7125271992;;01-10;mm/dag
543;2510-EAG-1-2;543000693;1;Qkwel;ValueSeries;-0.5343953994;;01-04;mm/dag
543;2510-EAG-1-2;543000697;2;Qkwel;Constant;0.0000000000;;;mm/dag
543;2510-EAG-1-2;543000698;1;Qkwel;ValueSeries;-1.5470102783;;01-10;mm/dag
543;2510-EAG-1-2;543000698;1;Qkwel;ValueSeries;-1.1602577087;;01-04;mm/dag
543;2510-EAG-1-2;543000000;1;Qkwel;Constant;0.0135205802;;;mm/dag
543;2510-EAG-1-2;543000000;1;Qwegz;Constant;0.3972326171;;;mm/dag
543;2510-EAG-1-2;543000000;1;hTargetMax;ValueSeries;-2.4500000000;;01-05;mNAP
543;2510-EAG-1-2;543000000;1;hTargetMax;ValueSeries;-2.4500000000;;01-10;mNAP
543;2510-EAG-1-2;543000000;1;hTargetMax;ValueSeries;-2.4500000000;;15-03;mNAP
543;2510-EAG-1-2;543000000;1;hTargetMax;ValueSeries;-2.4500000000;;15-08;mNAP
543;2510-EAG-1-2;543000000;1;hTargetMin;ValueSeries;-2.4700000000;;01-05;mNAP
543;2510-EAG-1-2;543000000;1;hTargetMin;ValueSeries;-2.4700000000;;01-10;mNAP
543;2510-EAG-1-2;543000000;1;hTargetMin;ValueSeries;-2.4700000000;;15-03;mNAP
543;2510-EAG-1-2;543000000;1;hTargetMin;ValueSeries;-2.4700000000;;15-08;mNAP
543;2510-EAG-1-2;-9999;-9999;Inlaat1;ValueSeries;0.0000000000;;01-04;m3/dag
543;2510-EAG-1-2;-9999;-9999;Inlaat1;ValueSeries;0.0000000000;;01-10;m3/dag
543;2510-EAG-1-2;-9999;-9999;Inlaat2;ValueSeries;0.0000000000;;01-04;m3/dag
543;2510-EAG-1-2;-9999;-9999;Inlaat2;ValueSeries;0.0000000000;;01-10;m3/dag
543;2510-EAG-1-2;-9999;-9999;Inlaat3;ValueSeries;0.0000000000;;01-04;m3/dag
543;2510-EAG-1-2;-9999;-9999;Inlaat3;ValueSeries;0.0000000000;;01-10;m3/dag
543;2510-EAG-1-2;-9999;-9999;Inlaat4;ValueSeries;12000.0000000000;;01-04;m3/dag
543;2510-EAG-1-2;-9999;-9999;Inlaat4;ValueSeries;10000.0000000000;;01-10;m3/dag
543;2510-EAG-1-2;-9999;-9999;Uitlaat1;ValueSeries;0.0000000000;;01-04;m3/dag
543;2510-EAG-1-2;-9999;-9999;Uitlaat1;ValueSeries;0.0000000000;;01-10;m3/dag
543;2510-EAG-1-2;-9999;-9999;Uitlaat2;ValueSeries;0.0000000000;;01-04;m3/dag
543;2510-EAG-1-2;-9999;-9999;Uitlaat2;ValueSeries;0.0000000000;;01-10;m3/dag
543;2510-EAG-1-2;-9999;-9999;Uitlaat3;ValueSeries;0.0000000000;;01-04;m3/dag
543;2510-EAG-1-2;-9999;-9999;Uitlaat3;ValueSeries;0.0000000000;;01-10;m3/dag
543;2510-EAG-1-2;-9999;-9999;Uitlaat4;ValueSeries;0.0000000000;;01-04;m3/dag
543;2510-EAG-1-2;-9999;-9999;Uitlaat4;ValueSeries;0.0000000000;;01-10;m3/dag
543;2510-EAG-1-2;-9999;-9999;Inlaat3;FEWS;;Berekende uitlaat 2510-EAG-3 (rekenhart AD);;m3/dag
543;2510-EAG-1-2;-9999;-9999;Uitlaat1;FEWS;;polder|Omvormen|60047_debietmeterQCUMwest|Q.meting.dag;;m3/dag
543;2510-EAG-1-2;-9999;-9999;Uitlaat2;FEWS;;polder|Omvormen|60047_debietmeterQCUMwest|Q.meting.dag;;m3/dag
543;2510-EAG-1-2;-9999;-9999;Uitlaat3;FEWS;;polder|Omvormen|60047_debietmeterQCUMwest|Q.meting.dag;;m3/dag
543;2510-EAG-1-2;-9999;-9999;Uitlaat4;FEWS;;polder|Omvormen|60047_debietmeterQCUMwest|Q.meting.dag;;m3/dag
543;2510-EAG-1-2;-9999;-9999;Inlaat1;Local;;;;m3/dag
543;2510-EAG-1-2;-9999;-9999;Inlaat2;Local;;;;m3/dag
543;2510-EAG-1-2;-9999;-9999;Inlaat3;Local;;;;m3/dag
543;2510-EAG-1-2;-9999;-9999;Inlaat4;Local;;;;m3/dag
543;2510-EAG-1-2;-9999;-9999;Uitlaat1;Local;;;;m3/dag
543;2510-EAG-1-2;-9999;-9999;Uitlaat2;Local;;;;m3/dag
543;2510-EAG-1-2;-9999;-9999;Uitlaat3;Local;;;;m3/dag
543;2510-EAG-1-2;-9999;-9999;Uitlaat4;Local;;;;m3/dag
543;2510-EAG-1-2;-9999;-9999;Neerslag;FEWS;;meteo_meetstation_KNMI|ImportCAW|66017cal|P.meting.dagcal;;mm/dag
543;2510-EAG-1-2;-9999;-9999;Peil;FEWS;;polder|Statistiek|60035_polder|H.meting.gem;;mNAP
543;2510-EAG-1-2;-9999;-9999;Verdamping;FEWS;;meteo_meetstation_KNMI|ImportCAW|66002_VerdampingCAL|E.metingcal;;mm/dag
543;2510-EAG-1-2;-9999;-9999;Gemaal1Debiet Pomp 1;Local;;;;m3/dag
543;2510-EAG-1-2;-9999;-9999;Gemaal1Debiet Pomp 2;Local;;;;m3/dag
543;2510-EAG-1-2;-9999;-9999;Gemaal2Debiet Pomp 1;Local;;;;m3/dag
543;2510-EAG-1-2;-9999;-9999;Gemaal2Debiet Pomp 2;Local;;;;m3/dag
543;2510-EAG-1-2;-9999;-9999;Gemaal3Debiet Pomp 1;Local;;;;m3/dag
543;2510-EAG-1-2;-9999;-9999;Gemaal3Debiet Pomp 2;Local;;;;m3/dag
543;2510-EAG-1-2;-9999;-9999;Neerslag;Local;;;;mm/dag
543;2510-EAG-1-2;-9999;-9999;Peil;Local;;;;mNAP
543;2510-EAG-1-2;-9999;-9999;Verdamping;Local;;;;mm/dag
