;EAGID;EAGCode;BakjeID;Laagvolgorde;ClusterType;ParamType;Waarde;WaardeAlfa;StartDag
0;1396;3360-EAG-1;1396000000;-9999;ClAfstroming;-9999;10.0;;
1;1396;3360-EAG-1;1396000000;-9999;ClDrain;-9999;150.0;;
2;1396;3360-EAG-1;1396000000;-9999;ClKwel;-9999;30.0;;
3;1396;3360-EAG-1;1396000000;-9999;ClNeerslag;-9999;6.0;;
4;1396;3360-EAG-1;1396000000;-9999;ClRiolering;-9999;100.0;;
5;1396;3360-EAG-1;1396000000;-9999;ClUitspoeling;-9999;20.0;;
6;1396;3360-EAG-1;1396000000;-9999;ClVerhard;-9999;10.0;;
0;1396;3360-EAG-1;1396046421;1;Qkwel;ValueSeries;0.6;;01-04
1;1396;3360-EAG-1;1396046421;1;Qkwel;ValueSeries;0.99;;01-10
2;1396;3360-EAG-1;1396046426;1;Qkwel;ValueSeries;-1.77;;01-10
3;1396;3360-EAG-1;1396046426;1;Qkwel;ValueSeries;-1.06;;01-04
0;1396;3360-EAG-1;1396000000;1;Qkwel;ValueSeries;0.6;;01-04
1;1396;3360-EAG-1;1396000000;1;Qkwel;ValueSeries;0.99;;01-10
2;1396;3360-EAG-1;1396000000;1;Qwegz;Constant;0.0;;
0;1396;3360-EAG-1;1396000000;1;hTargetMax;ValueSeries;-1.08;;01-10
1;1396;3360-EAG-1;1396000000;1;hTargetMax;ValueSeries;-1.08;;15-03
2;1396;3360-EAG-1;1396000000;1;hTargetMax;ValueSeries;-0.98;;01-05
3;1396;3360-EAG-1;1396000000;1;hTargetMax;ValueSeries;-0.98;;15-08
4;1396;3360-EAG-1;1396000000;1;hTargetMin;ValueSeries;-1.12;;01-10
5;1396;3360-EAG-1;1396000000;1;hTargetMin;ValueSeries;-1.12;;15-03
6;1396;3360-EAG-1;1396000000;1;hTargetMin;ValueSeries;-1.02;;01-05
7;1396;3360-EAG-1;1396000000;1;hTargetMin;ValueSeries;-1.02;;15-08
