;EAGID;EAGCode;BakjeID;Laagvolgorde;ClusterType;ParamType;Waarde;WaardeAlfa;StartDag;Eenheid
0;1574;2400-GAF;1574000000;-9999;ClAfstroming;-9999;25.0;;;mg/l
1;1574;2400-GAF;1574000000;-9999;ClDrain;-9999;70.0;;;mg/l
2;1574;2400-GAF;1574000000;-9999;ClKwel;-9999;400.0;;;mg/l
3;1574;2400-GAF;1574000000;-9999;ClNeerslag;-9999;6.0;;;mg/l
4;1574;2400-GAF;1574000000;-9999;ClRiolering;-9999;100.0;;;mg/l
5;1574;2400-GAF;1574000000;-9999;ClUitspoeling;-9999;50.0;;;mg/l
6;1574;2400-GAF;1574000000;-9999;ClVerhard;-9999;10.0;;;mg/l
0;1574;2400-GAF;1574057590;2;Qkwel;Constant;0.0;;;mm/dag
1;1574;2400-GAF;1574057591;1;Qkwel;Constant;-0.33;;;mm/dag
2;1574;2400-GAF;1574057600;2;Qkwel;Constant;0.0;;;mm/dag
3;1574;2400-GAF;1574057601;1;Qkwel;Constant;-0.22;;;mm/dag
4;1574;2400-GAF;1574057605;2;Qkwel;Constant;0.0;;;mm/dag
5;1574;2400-GAF;1574057606;1;Qkwel;Constant;-0.75;;;mm/dag
0;1574;2400-GAF;1574000000;1;Qkwel;Constant;0.0;;;mm/dag
1;1574;2400-GAF;1574000000;1;Qwegz;Constant;0.4199284521;;;mm/dag
0;1574;2400-GAF;1574000000;1;hTargetMax;ValueSeries;-3.12;;01-10;mNAP
1;1574;2400-GAF;1574000000;1;hTargetMax;ValueSeries;-3.0;;01-05;mNAP
2;1574;2400-GAF;1574000000;1;hTargetMax;ValueSeries;-3.0;;15-03;mNAP
3;1574;2400-GAF;1574000000;1;hTargetMax;ValueSeries;-3.0;;15-08;mNAP
4;1574;2400-GAF;1574000000;1;hTargetMin;ValueSeries;-3.16;;01-10;mNAP
5;1574;2400-GAF;1574000000;1;hTargetMin;ValueSeries;-3.05;;01-05;mNAP
6;1574;2400-GAF;1574000000;1;hTargetMin;ValueSeries;-3.05;;15-03;mNAP
7;1574;2400-GAF;1574000000;1;hTargetMin;ValueSeries;-3.05;;15-08;mNAP
0;1574;2400-GAF;-9999;-9999;Uitlaat1;ValueSeries;0.0;;01-04;m3/dag
1;1574;2400-GAF;-9999;-9999;Inlaat1;ValueSeries;0.0;;01-10;m3/dag
2;1574;2400-GAF;-9999;-9999;Inlaat2;ValueSeries;0.0;;01-04;m3/dag
3;1574;2400-GAF;-9999;-9999;Inlaat2;ValueSeries;0.0;;01-10;m3/dag
4;1574;2400-GAF;-9999;-9999;Inlaat3;ValueSeries;8000.0;;01-04;m3/dag
5;1574;2400-GAF;-9999;-9999;Inlaat3;ValueSeries;8000.0;;01-10;m3/dag
6;1574;2400-GAF;-9999;-9999;Inlaat1;ValueSeries;0.0;;01-04;m3/dag
7;1574;2400-GAF;-9999;-9999;Inlaat4;ValueSeries;0.0;;01-10;m3/dag
8;1574;2400-GAF;-9999;-9999;Uitlaat4;ValueSeries;0.0;;01-10;m3/dag
9;1574;2400-GAF;-9999;-9999;Uitlaat1;ValueSeries;0.0;;01-10;m3/dag
10;1574;2400-GAF;-9999;-9999;Uitlaat2;ValueSeries;0.0;;01-04;m3/dag
11;1574;2400-GAF;-9999;-9999;Uitlaat2;ValueSeries;0.0;;01-10;m3/dag
12;1574;2400-GAF;-9999;-9999;Uitlaat3;ValueSeries;0.0;;01-04;m3/dag
13;1574;2400-GAF;-9999;-9999;Uitlaat3;ValueSeries;0.0;;01-10;m3/dag
14;1574;2400-GAF;-9999;-9999;Uitlaat4;ValueSeries;0.0;;01-04;m3/dag
15;1574;2400-GAF;-9999;-9999;Inlaat4;ValueSeries;0.0;;01-04;m3/dag
