;EAGID;EAGCode;BakjeID;Laagvolgorde;ClusterType;ParamType;Waarde;WaardeAlfa;StartDag;Eenheid
0;1562;2210-GAF;1562000000;-9999;ClAfstroming;-9999;50.0;;;mg/l
1;1562;2210-GAF;1562000000;-9999;ClDrain;-9999;2000.0;;;mg/l
2;1562;2210-GAF;1562000000;-9999;ClKwel;-9999;4000.0;;;mg/l
3;1562;2210-GAF;1562000000;-9999;ClNeerslag;-9999;6.0;;;mg/l
4;1562;2210-GAF;1562000000;-9999;ClRiolering;-9999;100.0;;;mg/l
5;1562;2210-GAF;1562000000;-9999;ClUitspoeling;-9999;1500.0;;;mg/l
6;1562;2210-GAF;1562000000;-9999;ClVerhard;-9999;150.0;;;mg/l
0;1562;2210-GAF;1562057330;2;Qkwel;Constant;1.7;;;mm/dag
1;1562;2210-GAF;1562057332;2;Qkwel;ValueSeries;1.7;;01-10;mm/dag
2;1562;2210-GAF;1562057332;2;Qkwel;ValueSeries;1.7;;01-04;mm/dag
0;1562;2210-GAF;1562000000;1;Qkwel;Constant;1.6999999307;;;mm/dag
1;1562;2210-GAF;1562000000;1;Qwegz;Constant;0.0;;;mm/dag
0;1562;2210-GAF;1562000000;1;hTargetMax;ValueSeries;0.0;;01-05;mNAP
1;1562;2210-GAF;1562000000;1;hTargetMax;ValueSeries;0.0;;01-10;mNAP
2;1562;2210-GAF;1562000000;1;hTargetMax;ValueSeries;0.0;;15-03;mNAP
3;1562;2210-GAF;1562000000;1;hTargetMax;ValueSeries;0.0;;15-08;mNAP
4;1562;2210-GAF;1562000000;1;hTargetMin;ValueSeries;0.0;;01-05;mNAP
5;1562;2210-GAF;1562000000;1;hTargetMin;ValueSeries;0.0;;01-10;mNAP
6;1562;2210-GAF;1562000000;1;hTargetMin;ValueSeries;0.0;;15-03;mNAP
7;1562;2210-GAF;1562000000;1;hTargetMin;ValueSeries;0.0;;15-08;mNAP
0;1562;2210-GAF;-9999;-9999;Uitlaat1;ValueSeries;0.0;;01-04;m3/dag
1;1562;2210-GAF;-9999;-9999;Inlaat1;ValueSeries;2000.0;;01-10;m3/dag
2;1562;2210-GAF;-9999;-9999;Inlaat2;ValueSeries;0.0;;01-04;m3/dag
3;1562;2210-GAF;-9999;-9999;Inlaat2;ValueSeries;0.0;;01-10;m3/dag
4;1562;2210-GAF;-9999;-9999;Inlaat3;ValueSeries;0.0;;01-04;m3/dag
5;1562;2210-GAF;-9999;-9999;Inlaat3;ValueSeries;0.0;;01-10;m3/dag
6;1562;2210-GAF;-9999;-9999;Inlaat1;ValueSeries;3000.0;;01-04;m3/dag
7;1562;2210-GAF;-9999;-9999;Inlaat4;ValueSeries;0.0;;01-10;m3/dag
8;1562;2210-GAF;-9999;-9999;Uitlaat4;ValueSeries;0.0;;01-10;m3/dag
9;1562;2210-GAF;-9999;-9999;Uitlaat1;ValueSeries;0.0;;01-10;m3/dag
10;1562;2210-GAF;-9999;-9999;Uitlaat2;ValueSeries;0.0;;01-04;m3/dag
11;1562;2210-GAF;-9999;-9999;Uitlaat2;ValueSeries;0.0;;01-10;m3/dag
12;1562;2210-GAF;-9999;-9999;Uitlaat3;ValueSeries;0.0;;01-04;m3/dag
13;1562;2210-GAF;-9999;-9999;Uitlaat3;ValueSeries;0.0;;01-10;m3/dag
14;1562;2210-GAF;-9999;-9999;Uitlaat4;ValueSeries;0.0;;01-04;m3/dag
15;1562;2210-GAF;-9999;-9999;Inlaat4;ValueSeries;0.0;;01-04;m3/dag
