;EAGID;EAGCode;BakjeID;Laagvolgorde;ClusterType;ReeksType;ParamType;Waarde;WaardeAlfa;StartDag;EAGReeksWaardeID;BakjeReeksWaardeID;LaagReeksWaardeID
0;19674;3300-EAG-1;-9999;-9999;Peil;Flux;FEWS;;Statistiek|62037_Loenderveense_plassen|H.meting.gem|-999.0;;25092;-9999;-9999
1;19674;3300-EAG-1;-9999;-9999;Gemaal;Flux;FEWS;;Pompvolumes|62150_Bedrijf_pomp_1|Vol.berekend.dag|-999.0;;25093;-9999;-9999
2;19674;3300-EAG-1;-9999;-9999;Gemaal;Flux;FEWS;;Pompvolumes|62150_Bedrijf_pomp_2|Vol.berekend.dag|-999.0;;25094;-9999;-9999
3;19674;3300-EAG-1;-9999;-9999;Verdamping;Flux;FEWS;;ImportCAW|66003_VerdampingCAl|E.metingcal|-999.0;;25095;-9999;-9999
4;19674;3300-EAG-1;-9999;-9999;Neerslag;Flux;FEWS;;ImportCAW|66011cal|P.meting.dagcal|-999.0;;25096;-9999;-9999
5;19674;3300-EAG-1;-9999;-9999;Peil;Flux;FEWS;;Statistiek|70010_Polderpeil|H.meting.gem|-999.0;;25097;-9999;-9999
6;19674;3300-EAG-1;-9999;-9999;Peil;Flux;FEWS;;Statistiek|70028_Polderpeil|H.meting.gem|-999.0;;25098;-9999;-9999
7;19674;3300-EAG-1;-9999;-9999;Peil;Flux;FEWS;;Statistiek|70033_Polderpeil|H.meting.gem|-999.0;;25099;-9999;-9999
8;19674;3300-EAG-1;-9999;-9999;Peil;Flux;FEWS;;Statistiek|70036_Oost|H.meting.gem|-999.0;;25100;-9999;-9999
9;19674;3300-EAG-1;-9999;-9999;Peil;Flux;FEWS;;Statistiek|70037_Polderpeil|H.meting.gem|-999.0;;25101;-9999;-9999
10;19674;3300-EAG-1;-9999;-9999;Peil;Flux;FEWS;;Statistiek|70037_West|H.meting.gem|-999.0;;25102;-9999;-9999
11;19674;3300-EAG-1;-9999;-9999;Peil;Flux;FEWS;;Statistiek|70043_West|H.meting.gem|-999.0;;25103;-9999;-9999
12;19674;3300-EAG-1;-9999;-9999;Peil;Flux;FEWS;;Statistiek|99999GWA8_Oost|H.meting.gem|-999.0;;25104;-9999;-9999
