;EAGID;EAGCode;BakjeID;Laagvolgorde;ClusterType;ParamType;Waarde;WaardeAlfa;StartDag
0;1414;3360-EAG-9;1414000000;-9999;ClAfstroming;-9999;10.0;;
1;1414;3360-EAG-9;1414000000;-9999;ClDrain;-9999;150.0;;
2;1414;3360-EAG-9;1414000000;-9999;ClKwel;-9999;50.0;;
3;1414;3360-EAG-9;1414000000;-9999;ClNeerslag;-9999;6.0;;
4;1414;3360-EAG-9;1414000000;-9999;ClRiolering;-9999;100.0;;
5;1414;3360-EAG-9;1414000000;-9999;ClUitspoeling;-9999;30.0;;
6;1414;3360-EAG-9;1414000000;-9999;ClVerhard;-9999;10.0;;
0;1414;3360-EAG-9;1414046536;1;Qkwel;ValueSeries;-3.64;;01-10
1;1414;3360-EAG-9;1414046536;1;Qkwel;ValueSeries;-3.33;;01-04
2;1414;3360-EAG-9;1414046541;1;Qkwel;ValueSeries;-2.07;;01-10
3;1414;3360-EAG-9;1414046541;1;Qkwel;ValueSeries;-1.75;;01-04
0;1414;3360-EAG-9;1414000000;1;Qkwel;Constant;0.0;;
1;1414;3360-EAG-9;1414000000;1;Qwegz;ValueSeries;2.8465423788;;01-04
2;1414;3360-EAG-9;1414000000;1;Qwegz;ValueSeries;3.1596022371;;01-10
0;1414;3360-EAG-9;1414000000;1;hTargetMax;ValueSeries;-1.28;;01-05
1;1414;3360-EAG-9;1414000000;1;hTargetMax;ValueSeries;-1.28;;01-10
2;1414;3360-EAG-9;1414000000;1;hTargetMax;ValueSeries;-1.28;;15-03
3;1414;3360-EAG-9;1414000000;1;hTargetMax;ValueSeries;-1.28;;15-08
4;1414;3360-EAG-9;1414000000;1;hTargetMin;ValueSeries;-1.31;;01-05
5;1414;3360-EAG-9;1414000000;1;hTargetMin;ValueSeries;-1.31;;01-10
6;1414;3360-EAG-9;1414000000;1;hTargetMin;ValueSeries;-1.31;;15-03
7;1414;3360-EAG-9;1414000000;1;hTargetMin;ValueSeries;-1.31;;15-08
