EAGID;EAGCode;BakjeID;Laagvolgorde;ClusterType;ParamType;Waarde;WaardeAlfa;StartDag;Eenheid
57;2140-GAF;57000162;2;Qkwel;Constant;-0.6800000000;;;mm/dag
57;2140-GAF;57000163;1;Qkwel;Constant;-0.6800000000;;;mm/dag
57;2140-GAF;57000164;2;Qkwel;Constant;-0.6800000000;;;mm/dag
57;2140-GAF;57000167;2;Qkwel;Constant;-0.6800000000;;;mm/dag
57;2140-GAF;57000168;1;Qkwel;Constant;-0.8300000000;;;mm/dag
57;2140-GAF;57000172;2;Qkwel;Constant;-0.6800000000;;;mm/dag
57;2140-GAF;57000173;1;Qkwel;Constant;-1.0200000000;;;mm/dag
57;2140-GAF;57000177;2;Qkwel;Constant;-0.6800000000;;;mm/dag
57;2140-GAF;57000178;1;Qkwel;Constant;-0.8300000000;;;mm/dag
57;2140-GAF;57000000;1;Qkwel;Constant;0.0000000000;;;mm/dag
57;2140-GAF;57000000;1;Qwegz;Constant;0.8281224331;;;mm/dag
57;2140-GAF;57000000;1;hTargetMax;ValueSeries;-1.7000000000;;01-05;mNAP
57;2140-GAF;57000000;1;hTargetMax;ValueSeries;-1.7000000000;;01-10;mNAP
57;2140-GAF;57000000;1;hTargetMax;ValueSeries;-1.7000000000;;15-03;mNAP
57;2140-GAF;57000000;1;hTargetMax;ValueSeries;-1.7000000000;;15-08;mNAP
57;2140-GAF;57000000;1;hTargetMin;ValueSeries;-1.7700000000;;01-05;mNAP
57;2140-GAF;57000000;1;hTargetMin;ValueSeries;-1.7700000000;;01-10;mNAP
57;2140-GAF;57000000;1;hTargetMin;ValueSeries;-1.7700000000;;15-03;mNAP
57;2140-GAF;57000000;1;hTargetMin;ValueSeries;-1.7700000000;;15-08;mNAP
57;2140-GAF;-9999;-9999;Inlaat1;ValueSeries;1500.0000000000;;01-04;m3/dag
57;2140-GAF;-9999;-9999;Inlaat1;ValueSeries;500.0000000000;;01-10;m3/dag
57;2140-GAF;-9999;-9999;Inlaat2;ValueSeries;750.0000000000;;01-04;m3/dag
57;2140-GAF;-9999;-9999;Inlaat2;ValueSeries;250.0000000000;;01-10;m3/dag
57;2140-GAF;-9999;-9999;Inlaat3;ValueSeries;0.0000000000;;01-04;m3/dag
57;2140-GAF;-9999;-9999;Inlaat3;ValueSeries;0.0000000000;;01-10;m3/dag
57;2140-GAF;-9999;-9999;Inlaat4;ValueSeries;0.0000000000;;01-04;m3/dag
57;2140-GAF;-9999;-9999;Inlaat4;ValueSeries;0.0000000000;;01-10;m3/dag
57;2140-GAF;-9999;-9999;Uitlaat1;ValueSeries;1000.0000000000;;01-04;m3/dag
57;2140-GAF;-9999;-9999;Uitlaat1;ValueSeries;250.0000000000;;01-10;m3/dag
57;2140-GAF;-9999;-9999;Uitlaat2;ValueSeries;0.0000000000;;01-04;m3/dag
57;2140-GAF;-9999;-9999;Uitlaat2;ValueSeries;0.0000000000;;01-10;m3/dag
57;2140-GAF;-9999;-9999;Uitlaat3;ValueSeries;0.0000000000;;01-04;m3/dag
57;2140-GAF;-9999;-9999;Uitlaat3;ValueSeries;0.0000000000;;01-10;m3/dag
57;2140-GAF;-9999;-9999;Uitlaat4;ValueSeries;0.0000000000;;01-04;m3/dag
57;2140-GAF;-9999;-9999;Uitlaat4;ValueSeries;0.0000000000;;01-10;m3/dag
57;2140-GAF;-9999;-9999;Inlaat1;FEWS;;polder|Inlaatvolume|60104_debiet|Vol.berekend.dag;;m3/dag
57;2140-GAF;-9999;-9999;Inlaat1;Local;;;;m3/dag
57;2140-GAF;-9999;-9999;Inlaat2;Local;;;;m3/dag
57;2140-GAF;-9999;-9999;Inlaat3;Local;;;;m3/dag
57;2140-GAF;-9999;-9999;Inlaat4;Local;;;;m3/dag
57;2140-GAF;-9999;-9999;Uitlaat1;Local;;;;m3/dag
57;2140-GAF;-9999;-9999;Uitlaat2;Local;;;;m3/dag
57;2140-GAF;-9999;-9999;Uitlaat3;Local;;;;m3/dag
57;2140-GAF;-9999;-9999;Uitlaat4;Local;;;;m3/dag
57;2140-GAF;-9999;-9999;Gemaal1Debiet Pomp 1;FEWS;;polder|Pompvolumes|60100_Pomp1|Vol.berekend.dag;;m3/dag
57;2140-GAF;-9999;-9999;Neerslag;FEWS;;meteo_meetstation_KNMI|ImportCAW|66004cal|P.meting.dagcal;;mm/dag
57;2140-GAF;-9999;-9999;Peil;FEWS;;polder|Statistiek|60100_polder|H.meting.gem;;mNAP
57;2140-GAF;-9999;-9999;Verdamping;FEWS;;meteo_meetstation_KNMI|ImportCAW|66002_VerdampingCAL|E.metingcal;;mm/dag
57;2140-GAF;-9999;-9999;Gemaal1Debiet Pomp 1;Local;;;;m3/dag
57;2140-GAF;-9999;-9999;Gemaal1Debiet Pomp 2;Local;;;;m3/dag
57;2140-GAF;-9999;-9999;Gemaal2Debiet Pomp 1;Local;;;;m3/dag
57;2140-GAF;-9999;-9999;Gemaal2Debiet Pomp 2;Local;;;;m3/dag
57;2140-GAF;-9999;-9999;Gemaal3Debiet Pomp 1;Local;;;;m3/dag
57;2140-GAF;-9999;-9999;Gemaal3Debiet Pomp 2;Local;;;;m3/dag
57;2140-GAF;-9999;-9999;Neerslag;Local;;;;mm/dag
57;2140-GAF;-9999;-9999;Peil;Local;;;;mNAP
57;2140-GAF;-9999;-9999;Verdamping;Local;;;;mm/dag
