;EAGID;EAGCode;BakjeID;Laagvolgorde;ClusterType;ReeksType;ParamType;Waarde;WaardeAlfa;StartDag;EAGReeksWaardeID;BakjeReeksWaardeID;LaagReeksWaardeID
0;19667;3230-EAG-3;-9999;-9999;Verdamping;Flux;FEWS;;ImportCAW|66003_VerdampingCAl|E.metingcal|-999.0;;24981;-9999;-9999
1;19667;3230-EAG-3;-9999;-9999;Neerslag;Flux;FEWS;;ImportCAW|66011cal|P.meting.dagcal|-999.0;;24982;-9999;-9999
0;19667;3230-EAG-3;16410;-9999;ClVerhard;Cl;-9999;10;;;-9999;799;-9999
1;19667;3230-EAG-3;16410;-9999;ClRiolering;Cl;-9999;100;;;-9999;800;-9999
2;19667;3230-EAG-3;16410;-9999;ClDrain;Cl;-9999;50;;;-9999;801;-9999
3;19667;3230-EAG-3;16410;-9999;ClUitspoeling;Cl;-9999;50;;;-9999;802;-9999
4;19667;3230-EAG-3;16410;-9999;ClAfstroming;Cl;-9999;30;;;-9999;803;-9999
0;19667;3230-EAG-3;16409;1;Qkwel;Flux;Constant;-5.8523345692;;;-9999;-9999;9039
1;19667;3230-EAG-3;16410;1;Qkwel;Flux;Constant;0.0;;;-9999;-9999;9040
2;19667;3230-EAG-3;16410;1;Qkwel;Cl;Constant;30.0;;;-9999;-9999;9041
3;19667;3230-EAG-3;16410;1;Qwegz;Flux;Constant;5.85;;;-9999;-9999;9042
