;EAGID;EAGCode;BakjeID;Laagvolgorde;ClusterType;ReeksType;ParamType;Waarde;WaardeAlfa;StartDag;EAGReeksWaardeID;BakjeReeksWaardeID;LaagReeksWaardeID
0;19498;2010-EAG-1;-9999;-9999;Gemaal;Flux;FEWS;;Pompvolumes|62430_pomp1|Vol.berekend.dag|-999.0;;25452;-9999;-9999
1;19498;2010-EAG-1;-9999;-9999;Verdamping;Flux;FEWS;;ImportCAW|66002_VerdampingCAL|E.metingcal|-999.0;;25453;-9999;-9999
2;19498;2010-EAG-1;-9999;-9999;Neerslag;Flux;FEWS;;ImportCAW|66006cal|P.meting.dagcal|-999.0;;25454;-9999;-9999
3;19498;2010-EAG-1;-9999;-9999;Peil;Flux;FEWS;;Statistiek|70605_Polderpeil|H.meting.gem|-999.0;;25455;-9999;-9999
