;EAGID;EAGCode;BakjeID;Laagvolgorde;ClusterType;ReeksType;ParamType;Waarde;WaardeAlfa;StartDag;EAGReeksWaardeID;BakjeReeksWaardeID;LaagReeksWaardeID
0;19577;2500-EAG-6;-9999;-9999;Inlaat;Flux;ValueSeries;0.0;;01-04;24522;-9999;-9999
1;19577;2500-EAG-6;-9999;-9999;Inlaat;Flux;ValueSeries;6000.0;;01-10;24523;-9999;-9999
2;19577;2500-EAG-6;-9999;-9999;Gemaal;Flux;FEWS;;Pompvolumes|60009_pomp_1|Vol.berekend.dag|-999.0;;24595;-9999;-9999
3;19577;2500-EAG-6;-9999;-9999;Gemaal;Flux;FEWS;;Pompvolumes|60009_pomp_2|Vol.berekend.dag|-999.0;;24596;-9999;-9999
4;19577;2500-EAG-6;-9999;-9999;Verdamping;Flux;FEWS;;ImportCAW|66002_VerdampingCAL|E.metingcal|-999.0;;24597;-9999;-9999
5;19577;2500-EAG-6;-9999;-9999;Neerslag;Flux;FEWS;;ImportCAW|66004cal|P.meting.dagcal|-999.0;;24598;-9999;-9999
0;19577;2500-EAG-6;16354;-9999;ClVerhard;Cl;-9999;10.0;;;-9999;724;-9999
1;19577;2500-EAG-6;16354;-9999;ClRiolering;Cl;-9999;75.0;;;-9999;725;-9999
2;19577;2500-EAG-6;16354;-9999;ClDrain;Cl;-9999;70.0;;;-9999;726;-9999
3;19577;2500-EAG-6;16354;-9999;ClUitspoeling;Cl;-9999;50.0;;;-9999;727;-9999
4;19577;2500-EAG-6;16354;-9999;ClAfstroming;Cl;-9999;25.0;;;-9999;728;-9999
0;19577;2500-EAG-6;16352;2;Qkwel;Flux;Constant;-2.0;;;-9999;-9999;8947
1;19577;2500-EAG-6;16353;1;Qkwel;Flux;Constant;-1.9;;;-9999;-9999;8948
2;19577;2500-EAG-6;16354;1;Qkwel;Flux;Constant;0.0;;;-9999;-9999;8949
3;19577;2500-EAG-6;16354;1;Qkwel;Cl;Constant;400.0;;;-9999;-9999;8950
4;19577;2500-EAG-6;16354;1;Qwegz;Flux;Constant;3.02;;;-9999;-9999;8951
