;EAGID;EAGCode;BakjeID;Laagvolgorde;ClusterType;ParamType;Waarde;WaardeAlfa;StartDag;Eenheid
0;1563;2220-GAF;1563121410;2;Qkwel;Constant;0.0;;;mm/dag
1;1563;2220-GAF;1563121411;1;Qkwel;Constant;0.0;;;mm/dag
2;1563;2220-GAF;1563121412;2;Qkwel;Constant;0.0;;;mm/dag
3;1563;2220-GAF;1563121415;2;Qkwel;Constant;0.0;;;mm/dag
4;1563;2220-GAF;1563121416;1;Qkwel;Constant;0.0;;;mm/dag
5;1563;2220-GAF;1563121417;2;Qkwel;Constant;0.0;;;mm/dag
0;1563;2220-GAF;1563000000;1;Qkwel;Constant;0.0;;;mm/dag
1;1563;2220-GAF;1563000000;1;Qwegz;Constant;0.0;;;mm/dag
0;1563;2220-GAF;1563000000;1;hTargetMax;ValueSeries;-2.5;;01-05;mNAP
1;1563;2220-GAF;1563000000;1;hTargetMax;ValueSeries;-2.5;;01-10;mNAP
2;1563;2220-GAF;1563000000;1;hTargetMax;ValueSeries;-2.5;;15-03;mNAP
3;1563;2220-GAF;1563000000;1;hTargetMax;ValueSeries;-2.5;;15-08;mNAP
4;1563;2220-GAF;1563000000;1;hTargetMin;ValueSeries;-3.0;;01-05;mNAP
5;1563;2220-GAF;1563000000;1;hTargetMin;ValueSeries;-3.0;;01-10;mNAP
6;1563;2220-GAF;1563000000;1;hTargetMin;ValueSeries;-3.0;;15-03;mNAP
7;1563;2220-GAF;1563000000;1;hTargetMin;ValueSeries;-3.0;;15-08;mNAP
0;1563;2220-GAF;-9999;-9999;Inlaat1;ValueSeries;0.0;;01-10;m3/dag
1;1563;2220-GAF;-9999;-9999;Inlaat1;ValueSeries;0.0;;01-04;m3/dag
2;1563;2220-GAF;-9999;-9999;Inlaat2;ValueSeries;0.0;;01-04;m3/dag
3;1563;2220-GAF;-9999;-9999;Inlaat2;ValueSeries;0.0;;01-10;m3/dag
4;1563;2220-GAF;-9999;-9999;Inlaat3;ValueSeries;0.0;;01-04;m3/dag
5;1563;2220-GAF;-9999;-9999;Inlaat3;ValueSeries;0.0;;01-10;m3/dag
6;1563;2220-GAF;-9999;-9999;Inlaat4;ValueSeries;0.0;;01-10;m3/dag
7;1563;2220-GAF;-9999;-9999;Inlaat4;ValueSeries;0.0;;01-04;m3/dag
8;1563;2220-GAF;-9999;-9999;Uitlaat1;ValueSeries;0.0;;01-10;m3/dag
9;1563;2220-GAF;-9999;-9999;Uitlaat1;ValueSeries;0.0;;01-04;m3/dag
10;1563;2220-GAF;-9999;-9999;Uitlaat2;ValueSeries;0.0;;01-04;m3/dag
11;1563;2220-GAF;-9999;-9999;Uitlaat2;ValueSeries;0.0;;01-10;m3/dag
12;1563;2220-GAF;-9999;-9999;Uitlaat3;ValueSeries;0.0;;01-04;m3/dag
13;1563;2220-GAF;-9999;-9999;Uitlaat3;ValueSeries;0.0;;01-10;m3/dag
14;1563;2220-GAF;-9999;-9999;Uitlaat4;ValueSeries;0.0;;01-10;m3/dag
15;1563;2220-GAF;-9999;-9999;Uitlaat4;ValueSeries;0.0;;01-04;m3/dag
0;1563;2220-GAF;-9999;-9999;Inlaat1;Local;;;;m3/dag
1;1563;2220-GAF;-9999;-9999;Inlaat2;Local;;;;m3/dag
2;1563;2220-GAF;-9999;-9999;Inlaat3;Local;;;;m3/dag
3;1563;2220-GAF;-9999;-9999;Inlaat4;Local;;;;m3/dag
4;1563;2220-GAF;-9999;-9999;Uitlaat1;Local;;;;m3/dag
5;1563;2220-GAF;-9999;-9999;Uitlaat2;Local;;;;m3/dag
6;1563;2220-GAF;-9999;-9999;Uitlaat3;Local;;;;m3/dag
7;1563;2220-GAF;-9999;-9999;Uitlaat4;Local;;;;m3/dag
0;1563;2220-GAF;-9999;-9999;Gemaal1Debiet Pomp 1;FEWS;;polder|Pompvolumes|60340_Pomp_1_bedrijf|Vol.berekend.dag;;m3/dag
1;1563;2220-GAF;-9999;-9999;Gemaal1Debiet Pomp 2;FEWS;;polder|Pompvolumes|60340_Pomp_2_bedrijf|Vol.berekend.dag;;m3/dag
2;1563;2220-GAF;-9999;-9999;Gemaal2Debiet Pomp 1;FEWS;;polder|Pompvolumes|60340_Pomp_3_bedrijf|Vol.berekend.dag;;m3/dag
3;1563;2220-GAF;-9999;-9999;Peil;FEWS;;polder|Statistiek|60340_Polderpeil|H.meting.gem;;mNAP
4;1563;2220-GAF;-9999;-9999;Verdamping;FEWS;;ImportCAW|66002_VerdampingCAL|E.metingcal;;mm/dag
0;1563;2220-GAF;-9999;-9999;Gemaal1Debiet Pomp 1;Local;;;;m3/dag
1;1563;2220-GAF;-9999;-9999;Gemaal1Debiet Pomp 2;Local;;;;m3/dag
2;1563;2220-GAF;-9999;-9999;Gemaal2Debiet Pomp 1;Local;;;;m3/dag
3;1563;2220-GAF;-9999;-9999;Gemaal2Debiet Pomp 2;Local;;;;m3/dag
4;1563;2220-GAF;-9999;-9999;Gemaal3Debiet Pomp 1;Local;;;;m3/dag
5;1563;2220-GAF;-9999;-9999;Gemaal3Debiet Pomp 2;Local;;;;m3/dag
6;1563;2220-GAF;-9999;-9999;Neerslag;Local;;;;mm/dag
7;1563;2220-GAF;-9999;-9999;Peil;Local;;;;mNAP
8;1563;2220-GAF;-9999;-9999;Verdamping;Local;;;;mm/dag
