;EAGID;EAGCode;BakjeID;Laagvolgorde;ClusterType;ReeksType;ParamType;Waarde;WaardeAlfa;StartDag;EAGReeksWaardeID;BakjeReeksWaardeID;LaagReeksWaardeID
0;19717;3360-EAG-14;-9999;-9999;Verdamping;Flux;FEWS;;ImportCAW|66003_VerdampingCAl|E.metingcal|-999.0;;25289;-9999;-9999
1;19717;3360-EAG-14;-9999;-9999;Neerslag;Flux;FEWS;;ImportCAW|66011cal|P.meting.dagcal|-999.0;;25290;-9999;-9999
0;19717;3360-EAG-14;16442;-9999;ClVerhard;Cl;-9999;10;;;-9999;859;-9999
1;19717;3360-EAG-14;16442;-9999;ClRiolering;Cl;-9999;100;;;-9999;860;-9999
2;19717;3360-EAG-14;16442;-9999;ClDrain;Cl;-9999;150;;;-9999;861;-9999
3;19717;3360-EAG-14;16442;-9999;ClUitspoeling;Cl;-9999;30;;;-9999;862;-9999
4;19717;3360-EAG-14;16442;-9999;ClAfstroming;Cl;-9999;10;;;-9999;863;-9999
0;19717;3360-EAG-14;16441;1;Qkwel;Flux;ValueSeries;-5.38;;01-04;-9999;-9999;9110
1;19717;3360-EAG-14;16441;1;Qkwel;Flux;ValueSeries;-6.18;;01-10;-9999;-9999;9111
2;19717;3360-EAG-14;16442;1;Qkwel;Cl;Constant;30.0;;;-9999;-9999;9112
3;19717;3360-EAG-14;16442;1;Qkwel;Flux;ValueSeries;0.0;;01-04;-9999;-9999;9113
4;19717;3360-EAG-14;16442;1;Qkwel;Flux;ValueSeries;0.0;;01-10;-9999;-9999;9115
5;19717;3360-EAG-14;16442;1;Qwegz;Flux;ValueSeries;5.38;;01-04;-9999;-9999;9114
6;19717;3360-EAG-14;16442;1;Qwegz;Flux;ValueSeries;6.18;;01-10;-9999;-9999;9116
