;EAGID;EAGCode;BakjeID;Laagvolgorde;ClusterType;ParamType;Waarde;WaardeAlfa;StartDag
0;1615;6480-GAF;1615000000;-9999;ClAfstroming;-9999;25.0;;
1;1615;6480-GAF;1615000000;-9999;ClDrain;-9999;70.0;;
2;1615;6480-GAF;1615000000;-9999;ClKwel;-9999;50.0;;
3;1615;6480-GAF;1615000000;-9999;ClNeerslag;-9999;6.0;;
4;1615;6480-GAF;1615000000;-9999;ClRiolering;-9999;100.0;;
5;1615;6480-GAF;1615000000;-9999;ClUitspoeling;-9999;50.0;;
6;1615;6480-GAF;1615000000;-9999;ClVerhard;-9999;10.0;;
0;1615;6480-GAF;1615046730;1;Qkwel;Constant;0.9499932316;;
1;1615;6480-GAF;1615046731;1;Qkwel;Constant;0.95;;
2;1615;6480-GAF;1615046735;1;Qkwel;Constant;0.9499932316;;
3;1615;6480-GAF;1615046736;1;Qkwel;Constant;0.95;;
4;1615;6480-GAF;1615046740;1;Qkwel;Constant;0.9499932316;;
5;1615;6480-GAF;1615046741;1;Qkwel;Constant;0.0;;
6;1615;6480-GAF;1615046745;1;Qkwel;Constant;0.9499932316;;
7;1615;6480-GAF;1615046746;1;Qkwel;Constant;0.0;;
0;1615;6480-GAF;1615000000;1;Qkwel;Constant;0.9499932316;;
1;1615;6480-GAF;1615000000;1;Qwegz;Constant;0.0;;
0;1615;6480-GAF;1615000000;1;hTargetMax;ValueSeries;-2.25;;01-05
1;1615;6480-GAF;1615000000;1;hTargetMax;ValueSeries;-2.25;;01-10
2;1615;6480-GAF;1615000000;1;hTargetMax;ValueSeries;-2.25;;15-03
3;1615;6480-GAF;1615000000;1;hTargetMax;ValueSeries;-2.25;;15-08
4;1615;6480-GAF;1615000000;1;hTargetMin;ValueSeries;-2.27;;01-05
5;1615;6480-GAF;1615000000;1;hTargetMin;ValueSeries;-2.27;;01-10
6;1615;6480-GAF;1615000000;1;hTargetMin;ValueSeries;-2.27;;15-03
7;1615;6480-GAF;1615000000;1;hTargetMin;ValueSeries;-2.27;;15-08
