;EAGID;EAGCode;BakjeID;Laagvolgorde;ClusterType;ReeksType;ParamType;Waarde;WaardeAlfa;StartDag;EAGReeksWaardeID;BakjeReeksWaardeID;LaagReeksWaardeID
0;19531;2160-EAG-1;-9999;-9999;Gemaal;Flux;FEWS;;Pompvolumes|64158_pomp_1|Vol.berekend.dag|-999.0;;25531;-9999;-9999
1;19531;2160-EAG-1;-9999;-9999;Gemaal;Flux;FEWS;;Pompvolumes|64158_pomp_2|Vol.berekend.dag|-999.0;;25532;-9999;-9999
2;19531;2160-EAG-1;-9999;-9999;Verdamping;Flux;FEWS;;ImportCAW|66002_VerdampingCAL|E.metingcal|-999.0;;25533;-9999;-9999
3;19531;2160-EAG-1;-9999;-9999;Neerslag;Flux;FEWS;;ImportCAW|66006cal|P.meting.dagcal|-999.0;;25534;-9999;-9999
