;EAGID;EAGCode;BakjeID;Laagvolgorde;ClusterType;ParamType;Waarde;WaardeAlfa;StartDag
0;1620;8040-GAF;1620000000;-9999;ClAfstroming;-9999;100.0;;
1;1620;8040-GAF;1620000000;-9999;ClDrain;-9999;100.0;;
2;1620;8040-GAF;1620000000;-9999;ClKwel;-9999;200.0;;
3;1620;8040-GAF;1620000000;-9999;ClNeerslag;-9999;6.0;;
4;1620;8040-GAF;1620000000;-9999;ClRiolering;-9999;100.0;;
5;1620;8040-GAF;1620000000;-9999;ClUitspoeling;-9999;150.0;;
6;1620;8040-GAF;1620000000;-9999;ClVerhard;-9999;100.0;;
0;1620;8040-GAF;1620046830;1;Qkwel;Constant;0.2;;
1;1620;8040-GAF;1620046831;1;Qkwel;Constant;0.2;;
2;1620;8040-GAF;1620046832;1;Qkwel;Constant;0.0;;
0;1620;8040-GAF;1620000000;1;Qkwel;Constant;0.2;;
1;1620;8040-GAF;1620000000;1;Qwegz;Constant;0.0;;
0;1620;8040-GAF;1620000000;1;hTargetMax;ValueSeries;0.0;;01-05
1;1620;8040-GAF;1620000000;1;hTargetMax;ValueSeries;0.0;;01-10
2;1620;8040-GAF;1620000000;1;hTargetMax;ValueSeries;0.0;;15-03
3;1620;8040-GAF;1620000000;1;hTargetMax;ValueSeries;0.0;;15-08
4;1620;8040-GAF;1620000000;1;hTargetMin;ValueSeries;0.0;;01-05
5;1620;8040-GAF;1620000000;1;hTargetMin;ValueSeries;0.0;;01-10
6;1620;8040-GAF;1620000000;1;hTargetMin;ValueSeries;0.0;;15-03
7;1620;8040-GAF;1620000000;1;hTargetMin;ValueSeries;0.0;;15-08
