;EAGID;EAGCode;BakjeID;Laagvolgorde;ClusterType;ReeksType;ParamType;Waarde;WaardeAlfa;StartDag;EAGReeksWaardeID;BakjeReeksWaardeID;LaagReeksWaardeID
0;19727;3360-EAG-6;-9999;-9999;Verdamping;Flux;FEWS;;ImportCAW|66003_VerdampingCAl|E.metingcal|-999.0;;25299;-9999;-9999
1;19727;3360-EAG-6;-9999;-9999;Neerslag;Flux;FEWS;;ImportCAW|66014cal|P.meting.dagcal|-999.0;;25300;-9999;-9999
2;19727;3360-EAG-6;-9999;-9999;Peil;Flux;FEWS;;Statistiek|70038_Polderpeil|H.meting.gem|-999.0;;25301;-9999;-9999
0;19727;3360-EAG-6;16472;-9999;ClVerhard;Cl;-9999;10;;;-9999;904;-9999
1;19727;3360-EAG-6;16472;-9999;ClRiolering;Cl;-9999;100;;;-9999;905;-9999
2;19727;3360-EAG-6;16472;-9999;ClDrain;Cl;-9999;150;;;-9999;906;-9999
3;19727;3360-EAG-6;16472;-9999;ClUitspoeling;Cl;-9999;20;;;-9999;907;-9999
4;19727;3360-EAG-6;16472;-9999;ClAfstroming;Cl;-9999;10;;;-9999;908;-9999
0;19727;3360-EAG-6;16470;1;Qkwel;Flux;ValueSeries;0.6;;01-04;-9999;-9999;9185
1;19727;3360-EAG-6;16470;1;Qkwel;Flux;ValueSeries;0.99;;01-10;-9999;-9999;9186
2;19727;3360-EAG-6;16471;1;Qkwel;Flux;ValueSeries;-1.06;;01-04;-9999;-9999;9187
3;19727;3360-EAG-6;16471;1;Qkwel;Flux;ValueSeries;-1.77;;01-10;-9999;-9999;9188
4;19727;3360-EAG-6;16472;1;Qkwel;Cl;Constant;30.0;;;-9999;-9999;9189
5;19727;3360-EAG-6;16472;1;Qkwel;Flux;ValueSeries;0.6;;01-04;-9999;-9999;9190
6;19727;3360-EAG-6;16472;1;Qkwel;Flux;ValueSeries;0.99;;01-10;-9999;-9999;9192
7;19727;3360-EAG-6;16472;1;Qwegz;Flux;ValueSeries;0.0;;01-04;-9999;-9999;9191
8;19727;3360-EAG-6;16472;1;Qwegz;Flux;ValueSeries;0.0;;01-10;-9999;-9999;9193
