;EAGID;EAGCode;BakjeID;Laagvolgorde;ClusterType;ParamType;Waarde;WaardeAlfa;StartDag
0;1581;2530-GAF;1581000000;-9999;ClAfstroming;-9999;25.0;;
1;1581;2530-GAF;1581000000;-9999;ClDrain;-9999;70.0;;
2;1581;2530-GAF;1581000000;-9999;ClKwel;-9999;400.0;;
3;1581;2530-GAF;1581000000;-9999;ClNeerslag;-9999;6.0;;
4;1581;2530-GAF;1581000000;-9999;ClRiolering;-9999;100.0;;
5;1581;2530-GAF;1581000000;-9999;ClUitspoeling;-9999;50.0;;
6;1581;2530-GAF;1581000000;-9999;ClVerhard;-9999;10.0;;
0;1581;2530-GAF;1581046030;1;Qkwel;Constant;0.3;;
1;1581;2530-GAF;1581046032;1;Qkwel;Constant;0.0;;
2;1581;2530-GAF;1581046035;1;Qkwel;Constant;0.3;;
3;1581;2530-GAF;1581046037;1;Qkwel;Constant;0.0;;
0;1581;2530-GAF;1581000000;1;Qkwel;Constant;0.3;;
1;1581;2530-GAF;1581000000;1;Qwegz;Constant;0.0;;
0;1581;2530-GAF;1581000000;1;hTargetMax;ValueSeries;-6.0;;01-10
1;1581;2530-GAF;1581000000;1;hTargetMax;ValueSeries;-6.0;;15-03
2;1581;2530-GAF;1581000000;1;hTargetMax;ValueSeries;-5.93;;01-05
3;1581;2530-GAF;1581000000;1;hTargetMax;ValueSeries;-5.93;;15-08
4;1581;2530-GAF;1581000000;1;hTargetMin;ValueSeries;-6.02;;01-10
5;1581;2530-GAF;1581000000;1;hTargetMin;ValueSeries;-6.02;;15-03
6;1581;2530-GAF;1581000000;1;hTargetMin;ValueSeries;-5.97;;01-05
7;1581;2530-GAF;1581000000;1;hTargetMin;ValueSeries;-5.97;;15-08
