;EAGID;EAGCode;BakjeID;Laagvolgorde;ClusterType;ParamType;Waarde;WaardeAlfa;StartDag
0;1610;6110-GAF;1610000000;-9999;ClAfstroming;-9999;30.0;;
1;1610;6110-GAF;1610000000;-9999;ClDrain;-9999;600.0;;
2;1610;6110-GAF;1610000000;-9999;ClKwel;-9999;600.0;;
3;1610;6110-GAF;1610000000;-9999;ClNeerslag;-9999;6.0;;
4;1610;6110-GAF;1610000000;-9999;ClRiolering;-9999;100.0;;
5;1610;6110-GAF;1610000000;-9999;ClUitspoeling;-9999;600.0;;
6;1610;6110-GAF;1610000000;-9999;ClVerhard;-9999;10.0;;
0;1610;6110-GAF;1610046670;1;Qkwel;Constant;0.5;;
1;1610;6110-GAF;1610046671;1;Qkwel;Constant;-0.2;;
2;1610;6110-GAF;1610046675;1;Qkwel;Constant;0.5;;
3;1610;6110-GAF;1610046676;1;Qkwel;Constant;0.5;;
4;1610;6110-GAF;1610046677;1;Qkwel;ValueSeries;0.0;;01-10
5;1610;6110-GAF;1610046677;1;Qkwel;ValueSeries;0.5;;01-04
0;1610;6110-GAF;1610000000;1;Qkwel;Constant;0.5;;
1;1610;6110-GAF;1610000000;1;Qwegz;Constant;0.0;;
0;1610;6110-GAF;1610000000;1;hTargetMax;ValueSeries;-3.43;;01-05
1;1610;6110-GAF;1610000000;1;hTargetMax;ValueSeries;-3.43;;01-10
2;1610;6110-GAF;1610000000;1;hTargetMax;ValueSeries;-3.43;;15-03
3;1610;6110-GAF;1610000000;1;hTargetMax;ValueSeries;-3.43;;15-08
4;1610;6110-GAF;1610000000;1;hTargetMin;ValueSeries;-3.47;;01-05
5;1610;6110-GAF;1610000000;1;hTargetMin;ValueSeries;-3.47;;01-10
6;1610;6110-GAF;1610000000;1;hTargetMin;ValueSeries;-3.47;;15-03
7;1610;6110-GAF;1610000000;1;hTargetMin;ValueSeries;-3.47;;15-08
