;EAGID;EAGCode;BakjeID;Laagvolgorde;ClusterType;ParamType;Waarde;WaardeAlfa;StartDag;Eenheid
0;1589;2630-GAF;1589000000;-9999;ClAfstroming;-9999;25.0;;;mg/l
1;1589;2630-GAF;1589000000;-9999;ClDrain;-9999;70.0;;;mg/l
2;1589;2630-GAF;1589000000;-9999;ClKwel;-9999;250.0;;;mg/l
3;1589;2630-GAF;1589000000;-9999;ClNeerslag;-9999;6.0;;;mg/l
4;1589;2630-GAF;1589000000;-9999;ClRiolering;-9999;100.0;;;mg/l
5;1589;2630-GAF;1589000000;-9999;ClUitspoeling;-9999;70.0;;;mg/l
6;1589;2630-GAF;1589000000;-9999;ClVerhard;-9999;10.0;;;mg/l
0;1589;2630-GAF;1589058010;2;Qkwel;Constant;0.2;;;mm/dag
1;1589;2630-GAF;1589058011;1;Qkwel;Constant;0.2;;;mm/dag
2;1589;2630-GAF;1589058015;2;Qkwel;Constant;0.2;;;mm/dag
3;1589;2630-GAF;1589058016;1;Qkwel;Constant;-0.2;;;mm/dag
4;1589;2630-GAF;1589058020;2;Qkwel;Constant;0.2;;;mm/dag
5;1589;2630-GAF;1589058021;1;Qkwel;Constant;-0.5;;;mm/dag
6;1589;2630-GAF;1589058025;2;Qkwel;Constant;0.2;;;mm/dag
7;1589;2630-GAF;1589058026;1;Qkwel;Constant;0.0;;;mm/dag
0;1589;2630-GAF;1589000000;1;Qkwel;Constant;0.0026996248;;;mm/dag
1;1589;2630-GAF;1589000000;1;Qwegz;Constant;0.0;;;mm/dag
0;1589;2630-GAF;1589000000;1;hTargetMax;ValueSeries;-4.04;;01-05;mNAP
1;1589;2630-GAF;1589000000;1;hTargetMax;ValueSeries;-4.04;;01-10;mNAP
2;1589;2630-GAF;1589000000;1;hTargetMax;ValueSeries;-4.04;;15-03;mNAP
3;1589;2630-GAF;1589000000;1;hTargetMax;ValueSeries;-4.04;;15-08;mNAP
4;1589;2630-GAF;1589000000;1;hTargetMin;ValueSeries;-4.07;;01-05;mNAP
5;1589;2630-GAF;1589000000;1;hTargetMin;ValueSeries;-4.07;;01-10;mNAP
6;1589;2630-GAF;1589000000;1;hTargetMin;ValueSeries;-4.07;;15-03;mNAP
7;1589;2630-GAF;1589000000;1;hTargetMin;ValueSeries;-4.07;;15-08;mNAP
0;1589;2630-GAF;-9999;-9999;Uitlaat1;ValueSeries;0.0;;01-04;m3/dag
1;1589;2630-GAF;-9999;-9999;Inlaat1;ValueSeries;0.0;;01-10;m3/dag
2;1589;2630-GAF;-9999;-9999;Inlaat2;ValueSeries;500.0;;01-04;m3/dag
3;1589;2630-GAF;-9999;-9999;Inlaat2;ValueSeries;500.0;;01-10;m3/dag
4;1589;2630-GAF;-9999;-9999;Inlaat3;ValueSeries;2500.0;;01-04;m3/dag
5;1589;2630-GAF;-9999;-9999;Inlaat3;ValueSeries;500.0;;01-10;m3/dag
6;1589;2630-GAF;-9999;-9999;Inlaat1;ValueSeries;0.0;;01-04;m3/dag
7;1589;2630-GAF;-9999;-9999;Inlaat4;ValueSeries;1500.0;;01-10;m3/dag
8;1589;2630-GAF;-9999;-9999;Uitlaat4;ValueSeries;0.0;;01-10;m3/dag
9;1589;2630-GAF;-9999;-9999;Uitlaat1;ValueSeries;0.0;;01-10;m3/dag
10;1589;2630-GAF;-9999;-9999;Uitlaat2;ValueSeries;0.0;;01-04;m3/dag
11;1589;2630-GAF;-9999;-9999;Uitlaat2;ValueSeries;0.0;;01-10;m3/dag
12;1589;2630-GAF;-9999;-9999;Uitlaat3;ValueSeries;0.0;;01-04;m3/dag
13;1589;2630-GAF;-9999;-9999;Uitlaat3;ValueSeries;0.0;;01-10;m3/dag
14;1589;2630-GAF;-9999;-9999;Uitlaat4;ValueSeries;0.0;;01-04;m3/dag
15;1589;2630-GAF;-9999;-9999;Inlaat4;ValueSeries;1500.0;;01-04;m3/dag
