;EAGID;EAGCode;BakjeID;Laagvolgorde;ClusterType;ParamType;Waarde;WaardeAlfa;StartDag;Eenheid
0;1339;3201-EAG-3;1339000000;-9999;ClAfstroming;-9999;30.0;;;mg/l
1;1339;3201-EAG-3;1339000000;-9999;ClDrain;-9999;30.0;;;mg/l
2;1339;3201-EAG-3;1339000000;-9999;ClKwel;-9999;80.0;;;mg/l
3;1339;3201-EAG-3;1339000000;-9999;ClNeerslag;-9999;6.0;;;mg/l
4;1339;3201-EAG-3;1339000000;-9999;ClRiolering;-9999;100.0;;;mg/l
5;1339;3201-EAG-3;1339000000;-9999;ClUitspoeling;-9999;50.0;;;mg/l
6;1339;3201-EAG-3;1339000000;-9999;ClVerhard;-9999;10.0;;;mg/l
0;1339;3201-EAG-3;1339058260;2;Qkwel;Constant;-0.52;;;mm/dag
1;1339;3201-EAG-3;1339058261;1;Qkwel;Constant;-0.79;;;mm/dag
0;1339;3201-EAG-3;1339000000;1;Qkwel;Constant;0.86;;;mm/dag
1;1339;3201-EAG-3;1339000000;1;Qwegz;Constant;0.83;;;mm/dag
0;1339;3201-EAG-3;1339000000;1;hTargetMax;ValueSeries;-1.36;;01-05;mNAP
1;1339;3201-EAG-3;1339000000;1;hTargetMax;ValueSeries;-1.36;;01-10;mNAP
2;1339;3201-EAG-3;1339000000;1;hTargetMax;ValueSeries;-1.36;;15-03;mNAP
3;1339;3201-EAG-3;1339000000;1;hTargetMax;ValueSeries;-1.36;;15-08;mNAP
4;1339;3201-EAG-3;1339000000;1;hTargetMin;ValueSeries;-1.38;;01-05;mNAP
5;1339;3201-EAG-3;1339000000;1;hTargetMin;ValueSeries;-1.38;;01-10;mNAP
6;1339;3201-EAG-3;1339000000;1;hTargetMin;ValueSeries;-1.38;;15-03;mNAP
7;1339;3201-EAG-3;1339000000;1;hTargetMin;ValueSeries;-1.38;;15-08;mNAP
0;1339;3201-EAG-3;-9999;-9999;Uitlaat1;ValueSeries;0.0;;01-04;m3/dag
1;1339;3201-EAG-3;-9999;-9999;Inlaat1;ValueSeries;1500.0;;01-10;m3/dag
2;1339;3201-EAG-3;-9999;-9999;Inlaat2;ValueSeries;0.0;;01-04;m3/dag
3;1339;3201-EAG-3;-9999;-9999;Inlaat2;ValueSeries;0.0;;01-10;m3/dag
4;1339;3201-EAG-3;-9999;-9999;Inlaat3;ValueSeries;0.0;;01-04;m3/dag
5;1339;3201-EAG-3;-9999;-9999;Inlaat3;ValueSeries;0.0;;01-10;m3/dag
6;1339;3201-EAG-3;-9999;-9999;Inlaat1;ValueSeries;1500.0;;01-04;m3/dag
7;1339;3201-EAG-3;-9999;-9999;Inlaat4;ValueSeries;0.0;;01-10;m3/dag
8;1339;3201-EAG-3;-9999;-9999;Uitlaat4;ValueSeries;0.0;;01-10;m3/dag
9;1339;3201-EAG-3;-9999;-9999;Uitlaat1;ValueSeries;0.0;;01-10;m3/dag
10;1339;3201-EAG-3;-9999;-9999;Uitlaat2;ValueSeries;0.0;;01-04;m3/dag
11;1339;3201-EAG-3;-9999;-9999;Uitlaat2;ValueSeries;0.0;;01-10;m3/dag
12;1339;3201-EAG-3;-9999;-9999;Uitlaat3;ValueSeries;0.0;;01-04;m3/dag
13;1339;3201-EAG-3;-9999;-9999;Uitlaat3;ValueSeries;0.0;;01-10;m3/dag
14;1339;3201-EAG-3;-9999;-9999;Uitlaat4;ValueSeries;0.0;;01-04;m3/dag
15;1339;3201-EAG-3;-9999;-9999;Inlaat4;ValueSeries;0.0;;01-04;m3/dag
