;EAGID;EAGCode;BakjeID;Laagvolgorde;ClusterType;ParamType;Waarde;WaardeAlfa;StartDag
0;1601;3350-GAF;1601000000;-9999;ClAfstroming;-9999;30.0;;
1;1601;3350-GAF;1601000000;-9999;ClDrain;-9999;70.0;;
2;1601;3350-GAF;1601000000;-9999;ClKwel;-9999;90.0;;
3;1601;3350-GAF;1601000000;-9999;ClNeerslag;-9999;6.0;;
4;1601;3350-GAF;1601000000;-9999;ClRiolering;-9999;100.0;;
5;1601;3350-GAF;1601000000;-9999;ClUitspoeling;-9999;60.0;;
6;1601;3350-GAF;1601000000;-9999;ClVerhard;-9999;10.0;;
0;1601;3350-GAF;1601046406;1;Qkwel;Constant;0.15;;
1;1601;3350-GAF;1601046410;1;Qkwel;Constant;0.2;;
2;1601;3350-GAF;1601046411;1;Qkwel;Constant;-0.4;;
3;1601;3350-GAF;1601046416;1;Qkwel;Constant;0.2;;
0;1601;3350-GAF;1601000000;1;Qkwel;Constant;0.2;;
1;1601;3350-GAF;1601000000;1;Qwegz;Constant;0.1;;
0;1601;3350-GAF;1601000000;1;hTargetMax;ValueSeries;-1.53;;01-10
1;1601;3350-GAF;1601000000;1;hTargetMax;ValueSeries;-1.53;;15-03
2;1601;3350-GAF;1601000000;1;hTargetMax;ValueSeries;-1.38;;01-05
3;1601;3350-GAF;1601000000;1;hTargetMax;ValueSeries;-1.38;;15-08
4;1601;3350-GAF;1601000000;1;hTargetMin;ValueSeries;-1.57;;01-10
5;1601;3350-GAF;1601000000;1;hTargetMin;ValueSeries;-1.57;;15-03
6;1601;3350-GAF;1601000000;1;hTargetMin;ValueSeries;-1.42;;01-05
7;1601;3350-GAF;1601000000;1;hTargetMin;ValueSeries;-1.42;;15-08
