;EAGID;EAGCode;BakjeID;Laagvolgorde;ClusterType;ParamType;Waarde;WaardeAlfa;StartDag;Eenheid
0;1528;8030-EAG-2;1528123590;2;Qkwel;Constant;1.0;;;mm/dag
1;1528;8030-EAG-2;1528123591;1;Qkwel;Constant;1.0;;;mm/dag
2;1528;8030-EAG-2;1528123592;2;Qkwel;Constant;1.0;;;mm/dag
0;1528;8030-EAG-2;1528000000;1;Qkwel;Constant;1.0;;;mm/dag
1;1528;8030-EAG-2;1528000000;1;Qwegz;Constant;0.0;;;mm/dag
0;1528;8030-EAG-2;1528000000;1;hTargetMax;ValueSeries;-4.21;;01-05;mNAP
1;1528;8030-EAG-2;1528000000;1;hTargetMax;ValueSeries;-4.21;;01-10;mNAP
2;1528;8030-EAG-2;1528000000;1;hTargetMax;ValueSeries;-4.21;;15-03;mNAP
3;1528;8030-EAG-2;1528000000;1;hTargetMax;ValueSeries;-4.21;;15-08;mNAP
4;1528;8030-EAG-2;1528000000;1;hTargetMin;ValueSeries;-4.27;;01-05;mNAP
5;1528;8030-EAG-2;1528000000;1;hTargetMin;ValueSeries;-4.27;;01-10;mNAP
6;1528;8030-EAG-2;1528000000;1;hTargetMin;ValueSeries;-4.27;;15-03;mNAP
7;1528;8030-EAG-2;1528000000;1;hTargetMin;ValueSeries;-4.27;;15-08;mNAP
0;1528;8030-EAG-2;-9999;-9999;Inlaat1;ValueSeries;320.0;;01-10;m3/dag
1;1528;8030-EAG-2;-9999;-9999;Inlaat1;ValueSeries;320.0;;01-04;m3/dag
2;1528;8030-EAG-2;-9999;-9999;Inlaat2;ValueSeries;0.0;;01-04;m3/dag
3;1528;8030-EAG-2;-9999;-9999;Inlaat2;ValueSeries;0.0;;01-10;m3/dag
4;1528;8030-EAG-2;-9999;-9999;Inlaat3;ValueSeries;0.0;;01-04;m3/dag
5;1528;8030-EAG-2;-9999;-9999;Inlaat3;ValueSeries;0.0;;01-10;m3/dag
6;1528;8030-EAG-2;-9999;-9999;Inlaat4;ValueSeries;0.0;;01-10;m3/dag
7;1528;8030-EAG-2;-9999;-9999;Inlaat4;ValueSeries;0.0;;01-04;m3/dag
8;1528;8030-EAG-2;-9999;-9999;Uitlaat1;ValueSeries;0.0;;01-10;m3/dag
9;1528;8030-EAG-2;-9999;-9999;Uitlaat1;ValueSeries;0.0;;01-04;m3/dag
10;1528;8030-EAG-2;-9999;-9999;Uitlaat2;ValueSeries;0.0;;01-04;m3/dag
11;1528;8030-EAG-2;-9999;-9999;Uitlaat2;ValueSeries;0.0;;01-10;m3/dag
12;1528;8030-EAG-2;-9999;-9999;Uitlaat3;ValueSeries;0.0;;01-04;m3/dag
13;1528;8030-EAG-2;-9999;-9999;Uitlaat3;ValueSeries;0.0;;01-10;m3/dag
14;1528;8030-EAG-2;-9999;-9999;Uitlaat4;ValueSeries;0.0;;01-10;m3/dag
15;1528;8030-EAG-2;-9999;-9999;Uitlaat4;ValueSeries;0.0;;01-04;m3/dag
0;1528;8030-EAG-2;-9999;-9999;Inlaat1;Local;;;;m3/dag
1;1528;8030-EAG-2;-9999;-9999;Inlaat2;Local;;;;m3/dag
2;1528;8030-EAG-2;-9999;-9999;Inlaat3;Local;;;;m3/dag
3;1528;8030-EAG-2;-9999;-9999;Inlaat4;Local;;;;m3/dag
4;1528;8030-EAG-2;-9999;-9999;Uitlaat1;Local;;;;m3/dag
5;1528;8030-EAG-2;-9999;-9999;Uitlaat2;Local;;;;m3/dag
6;1528;8030-EAG-2;-9999;-9999;Uitlaat3;Local;;;;m3/dag
7;1528;8030-EAG-2;-9999;-9999;Uitlaat4;Local;;;;m3/dag
0;1528;8030-EAG-2;-9999;-9999;Gemaal1Debiet Pomp 1;FEWS;;polder|Pompvolumes|62321_Pomp_1_bedrijf|Vol.berekend.dag;;m3/dag
1;1528;8030-EAG-2;-9999;-9999;Gemaal1Debiet Pomp 2;FEWS;;Pompvolumes|62321_Pomp_1_bedrijf|Vol.berekend.dag|-999.0;;m3/dag
2;1528;8030-EAG-2;-9999;-9999;Gemaal2Debiet Pomp 1;FEWS;;Pompvolumes|62321_Pomp_2_bedrijf|Vol.berekend.dag|-999.0;;m3/dag
3;1528;8030-EAG-2;-9999;-9999;Gemaal2Debiet Pomp 2;FEWS;;Pompvolumes|62321_Pomp_2_bedrijf|Vol.berekend.dag|-999.0;;m3/dag
4;1528;8030-EAG-2;-9999;-9999;Neerslag;FEWS;;meteo_meetstation_KNMI|ImportCAW|66010cal|P.meting.dagcal;;mm/dag
5;1528;8030-EAG-2;-9999;-9999;Verdamping;FEWS;;ImportCAW|66002_VerdampingCAL|E.metingcal;;mm/dag
0;1528;8030-EAG-2;-9999;-9999;Gemaal1Debiet Pomp 1;Local;;;;m3/dag
1;1528;8030-EAG-2;-9999;-9999;Gemaal1Debiet Pomp 2;Local;;;;m3/dag
2;1528;8030-EAG-2;-9999;-9999;Gemaal2Debiet Pomp 1;Local;;;;m3/dag
3;1528;8030-EAG-2;-9999;-9999;Gemaal2Debiet Pomp 2;Local;;;;m3/dag
4;1528;8030-EAG-2;-9999;-9999;Gemaal3Debiet Pomp 1;Local;;;;m3/dag
5;1528;8030-EAG-2;-9999;-9999;Gemaal3Debiet Pomp 2;Local;;;;m3/dag
6;1528;8030-EAG-2;-9999;-9999;Neerslag;Local;;;;mm/dag
7;1528;8030-EAG-2;-9999;-9999;Peil;Local;;;;mNAP
8;1528;8030-EAG-2;-9999;-9999;Verdamping;Local;;;;mm/dag
