;EAGID;EAGCode;BakjeID;Laagvolgorde;ClusterType;ParamType;Waarde;WaardeAlfa;StartDag
0;1404;3360-EAG-17;1404000000;-9999;ClAfstroming;-9999;20.0;;
1;1404;3360-EAG-17;1404000000;-9999;ClDrain;-9999;100.0;;
2;1404;3360-EAG-17;1404000000;-9999;ClKwel;-9999;10.0;;
3;1404;3360-EAG-17;1404000000;-9999;ClNeerslag;-9999;10.0;;
4;1404;3360-EAG-17;1404000000;-9999;ClRiolering;-9999;100.0;;
5;1404;3360-EAG-17;1404000000;-9999;ClUitspoeling;-9999;20.0;;
6;1404;3360-EAG-17;1404000000;-9999;ClVerhard;-9999;10.0;;
0;1404;3360-EAG-17;1404046470;1;Qkwel;ValueSeries;1.25;;01-04
1;1404;3360-EAG-17;1404046470;1;Qkwel;ValueSeries;1.35;;01-10
2;1404;3360-EAG-17;1404046471;1;Qkwel;ValueSeries;1.25;;01-04
3;1404;3360-EAG-17;1404046471;1;Qkwel;ValueSeries;1.35;;01-10
0;1404;3360-EAG-17;1404000000;1;Qkwel;ValueSeries;1.25;;01-04
1;1404;3360-EAG-17;1404000000;1;Qkwel;ValueSeries;1.35;;01-10
2;1404;3360-EAG-17;1404000000;1;Qwegz;Constant;0.0;;
0;1404;3360-EAG-17;1404000000;1;hTargetMax;ValueSeries;-1.07;;01-05
1;1404;3360-EAG-17;1404000000;1;hTargetMax;ValueSeries;-1.07;;01-10
2;1404;3360-EAG-17;1404000000;1;hTargetMax;ValueSeries;-1.07;;15-03
3;1404;3360-EAG-17;1404000000;1;hTargetMax;ValueSeries;-1.07;;15-08
4;1404;3360-EAG-17;1404000000;1;hTargetMin;ValueSeries;-1.15;;01-05
5;1404;3360-EAG-17;1404000000;1;hTargetMin;ValueSeries;-1.15;;01-10
6;1404;3360-EAG-17;1404000000;1;hTargetMin;ValueSeries;-1.15;;15-03
7;1404;3360-EAG-17;1404000000;1;hTargetMin;ValueSeries;-1.15;;15-08
