;EAGID;EAGCode;BakjeID;Laagvolgorde;ClusterType;ParamType;Waarde;WaardeAlfa;StartDag
0;1443;4210-EAG-2;1443000000;-9999;ClAfstroming;-9999;40.0;;
1;1443;4210-EAG-2;1443000000;-9999;ClDrain;-9999;70.0;;
2;1443;4210-EAG-2;1443000000;-9999;ClKwel;-9999;50.0;;
3;1443;4210-EAG-2;1443000000;-9999;ClNeerslag;-9999;6.0;;
4;1443;4210-EAG-2;1443000000;-9999;ClRiolering;-9999;100.0;;
5;1443;4210-EAG-2;1443000000;-9999;ClUitspoeling;-9999;40.0;;
6;1443;4210-EAG-2;1443000000;-9999;ClVerhard;-9999;10.0;;
0;1443;4210-EAG-2;1443046635;1;Qkwel;Constant;0.0;;
1;1443;4210-EAG-2;1443046636;1;Qkwel;Constant;-0.7;;
0;1443;4210-EAG-2;1443000000;1;Qkwel;Constant;0.0;;
1;1443;4210-EAG-2;1443000000;1;Qwegz;Constant;0.7;;
0;1443;4210-EAG-2;1443000000;1;hTargetMax;ValueSeries;-1.38;;01-05
1;1443;4210-EAG-2;1443000000;1;hTargetMax;ValueSeries;-1.38;;01-10
2;1443;4210-EAG-2;1443000000;1;hTargetMax;ValueSeries;-1.38;;15-03
3;1443;4210-EAG-2;1443000000;1;hTargetMax;ValueSeries;-1.38;;15-08
4;1443;4210-EAG-2;1443000000;1;hTargetMin;ValueSeries;-1.45;;01-05
5;1443;4210-EAG-2;1443000000;1;hTargetMin;ValueSeries;-1.45;;01-10
6;1443;4210-EAG-2;1443000000;1;hTargetMin;ValueSeries;-1.45;;15-03
7;1443;4210-EAG-2;1443000000;1;hTargetMin;ValueSeries;-1.45;;15-08
