;EAGID;EAGCode;BakjeID;Laagvolgorde;ClusterType;ParamType;Waarde;WaardeAlfa;StartDag
0;1201;2130-EAG-2;1201000000;-9999;ClAfstroming;-9999;30.0;;
1;1201;2130-EAG-2;1201000000;-9999;ClDrain;-9999;60.0;;
2;1201;2130-EAG-2;1201000000;-9999;ClKwel;-9999;100.0;;
3;1201;2130-EAG-2;1201000000;-9999;ClNeerslag;-9999;6.0;;
4;1201;2130-EAG-2;1201000000;-9999;ClRiolering;-9999;100.0;;
5;1201;2130-EAG-2;1201000000;-9999;ClUitspoeling;-9999;60.0;;
6;1201;2130-EAG-2;1201000000;-9999;ClVerhard;-9999;80.0;;
0;1201;2130-EAG-2;1201045670;1;Qkwel;Constant;0.2;;
1;1201;2130-EAG-2;1201045671;1;Qkwel;Constant;0.2;;
0;1201;2130-EAG-2;1201000000;1;Qkwel;Constant;0.2;;
1;1201;2130-EAG-2;1201000000;1;Qwegz;Constant;0.0;;
0;1201;2130-EAG-2;1201000000;1;hTargetMax;ValueSeries;-5.35;;01-05
1;1201;2130-EAG-2;1201000000;1;hTargetMax;ValueSeries;-5.35;;01-10
2;1201;2130-EAG-2;1201000000;1;hTargetMax;ValueSeries;-5.35;;15-03
3;1201;2130-EAG-2;1201000000;1;hTargetMax;ValueSeries;-5.35;;15-08
4;1201;2130-EAG-2;1201000000;1;hTargetMin;ValueSeries;-5.4;;01-05
5;1201;2130-EAG-2;1201000000;1;hTargetMin;ValueSeries;-5.4;;01-10
6;1201;2130-EAG-2;1201000000;1;hTargetMin;ValueSeries;-5.4;;15-03
7;1201;2130-EAG-2;1201000000;1;hTargetMin;ValueSeries;-5.4;;15-08
