;EAGID;EAGCode;BakjeID;Laagvolgorde;ClusterType;ReeksType;ParamType;Waarde;WaardeAlfa;StartDag;EAGReeksWaardeID;BakjeReeksWaardeID;LaagReeksWaardeID
0;19527;2140-EAG-6;-9999;-9999;Uitlaat;Flux;ValueSeries;1000.0;;01-04;24520;-9999;-9999
1;19527;2140-EAG-6;-9999;-9999;Uitlaat;Flux;ValueSeries;1500.0;;01-10;24521;-9999;-9999
2;19527;2140-EAG-6;-9999;-9999;Verdamping;Flux;FEWS;;ImportCAW|66002_VerdampingCAL|E.metingcal|-999.0;;24745;-9999;-9999
3;19527;2140-EAG-6;-9999;-9999;Neerslag;Flux;FEWS;;ImportCAW|66004cal|P.meting.dagcal|-999.0;;24746;-9999;-9999
0;19527;2140-EAG-6;16345;-9999;ClVerhard;Cl;-9999;10.0;;;-9999;714;-9999
1;19527;2140-EAG-6;16345;-9999;ClRiolering;Cl;-9999;80.0;;;-9999;715;-9999
2;19527;2140-EAG-6;16345;-9999;ClDrain;Cl;-9999;50.0;;;-9999;716;-9999
3;19527;2140-EAG-6;16345;-9999;ClUitspoeling;Cl;-9999;40.0;;;-9999;717;-9999
4;19527;2140-EAG-6;16345;-9999;ClAfstroming;Cl;-9999;20.0;;;-9999;718;-9999
0;19527;2140-EAG-6;16341;2;Qkwel;Flux;Constant;-0.8;;;-9999;-9999;8936
1;19527;2140-EAG-6;16343;1;Qkwel;Flux;Constant;-0.8;;;-9999;-9999;8937
2;19527;2140-EAG-6;16345;1;Qkwel;Flux;Constant;0.0;;;-9999;-9999;8938
3;19527;2140-EAG-6;16345;1;Qkwel;Cl;Constant;80.0;;;-9999;-9999;8939
4;19527;2140-EAG-6;16345;1;Qwegz;Flux;Constant;0.8;;;-9999;-9999;8940
