;EAGID;EAGCode;BakjeID;Laagvolgorde;ClusterType;ReeksType;ParamType;Waarde;WaardeAlfa;StartDag;EAGReeksWaardeID;BakjeReeksWaardeID;LaagReeksWaardeID
0;19651;3200-EAG-1;-9999;-9999;Verdamping;Flux;FEWS;;ImportCAW|66003_VerdampingCAl|E.metingcal|-999.0;;25195;-9999;-9999
1;19651;3200-EAG-1;-9999;-9999;Neerslag;Flux;FEWS;;ImportCAW|66015cal|P.meting.dagcal|-999.0;;25196;-9999;-9999
2;19651;3200-EAG-1;-9999;-9999;Peil;Flux;FEWS;;Statistiek|70027_Oost|H.meting.gem|-999.0;;25197;-9999;-9999
3;19651;3200-EAG-1;-9999;-9999;Peil;Flux;FEWS;;Statistiek|70030_Polderpeil|H.meting.gem|-999.0;;25198;-9999;-9999
4;19651;3200-EAG-1;-9999;-9999;Peil;Flux;FEWS;;Statistiek|99999T037_Oost|H.meting.gem|-999.0;;25199;-9999;-9999
