;EAGID;EAGCode;BakjeID;Laagvolgorde;ClusterType;ReeksType;ParamType;Waarde;WaardeAlfa;StartDag;EAGReeksWaardeID;BakjeReeksWaardeID;LaagReeksWaardeID
0;19599;2530-EAG-2;-9999;-9999;Verdamping;Flux;FEWS;;ImportCAW|66002_VerdampingCAL|E.metingcal|-999.0;;24659;-9999;-9999
1;19599;2530-EAG-2;-9999;-9999;Neerslag;Flux;FEWS;;ImportCAW|66005cal|P.meting.dagcal|-999.0;;24660;-9999;-9999
2;19599;2530-EAG-2;-9999;-9999;Peil;Flux;FEWS;;Statistiek|99999T014_West|H.meting.gem|-999.0;;24661;-9999;-9999
3;19599;2530-EAG-2;-9999;-9999;Peil;Flux;FEWS;;Statistiek|99999T015_West|H.meting.gem|-999.0;;24662;-9999;-9999
4;19599;2530-EAG-2;-9999;-9999;Peil;Flux;FEWS;;Statistiek|99999T016_West|H.meting.gem|-999.0;;24663;-9999;-9999
5;19599;2530-EAG-2;-9999;-9999;Peil;Flux;FEWS;;Statistiek|99999T017_West|H.meting.gem|-999.0;;24664;-9999;-9999
6;19599;2530-EAG-2;-9999;-9999;Peil;Flux;FEWS;;Statistiek|99999T020_West|H.meting.gem|-999.0;;24665;-9999;-9999
