;EAGID;EAGCode;BakjeID;Laagvolgorde;ClusterType;ParamType;Waarde;WaardeAlfa;StartDag;Eenheid
0;1374;3303-EAG-1;1374000000;-9999;ClAfstroming;-9999;50.0;;;mg/l
1;1374;3303-EAG-1;1374000000;-9999;ClDrain;-9999;50.0;;;mg/l
2;1374;3303-EAG-1;1374000000;-9999;ClKwel;-9999;10.0;;;mg/l
3;1374;3303-EAG-1;1374000000;-9999;ClNeerslag;-9999;6.0;;;mg/l
4;1374;3303-EAG-1;1374000000;-9999;ClRiolering;-9999;100.0;;;mg/l
5;1374;3303-EAG-1;1374000000;-9999;ClUitspoeling;-9999;50.0;;;mg/l
6;1374;3303-EAG-1;1374000000;-9999;ClVerhard;-9999;10.0;;;mg/l
0;1374;3303-EAG-1;1374058550;2;Qkwel;Constant;-2.5;;;mm/dag
1;1374;3303-EAG-1;1374058551;1;Qkwel;Constant;-2.5;;;mm/dag
0;1374;3303-EAG-1;1374000000;1;Qkwel;Constant;0.0;;;mm/dag
1;1374;3303-EAG-1;1374000000;1;Qwegz;Constant;2.5;;;mm/dag
0;1374;3303-EAG-1;1374000000;1;hTargetMax;ValueSeries;-1.33;;01-10;mNAP
1;1374;3303-EAG-1;1374000000;1;hTargetMax;ValueSeries;-1.33;;15-03;mNAP
2;1374;3303-EAG-1;1374000000;1;hTargetMax;ValueSeries;-1.25;;01-05;mNAP
3;1374;3303-EAG-1;1374000000;1;hTargetMax;ValueSeries;-1.25;;15-08;mNAP
4;1374;3303-EAG-1;1374000000;1;hTargetMin;ValueSeries;-1.35;;01-10;mNAP
5;1374;3303-EAG-1;1374000000;1;hTargetMin;ValueSeries;-1.35;;15-03;mNAP
6;1374;3303-EAG-1;1374000000;1;hTargetMin;ValueSeries;-1.27;;01-05;mNAP
7;1374;3303-EAG-1;1374000000;1;hTargetMin;ValueSeries;-1.27;;15-08;mNAP
0;1374;3303-EAG-1;-9999;-9999;Uitlaat1;ValueSeries;0.0;;01-04;m3/dag
1;1374;3303-EAG-1;-9999;-9999;Inlaat1;ValueSeries;0.0;;01-10;m3/dag
2;1374;3303-EAG-1;-9999;-9999;Inlaat2;ValueSeries;0.0;;01-04;m3/dag
3;1374;3303-EAG-1;-9999;-9999;Inlaat2;ValueSeries;0.0;;01-10;m3/dag
4;1374;3303-EAG-1;-9999;-9999;Inlaat3;ValueSeries;0.0;;01-04;m3/dag
5;1374;3303-EAG-1;-9999;-9999;Inlaat3;ValueSeries;0.0;;01-10;m3/dag
6;1374;3303-EAG-1;-9999;-9999;Inlaat1;ValueSeries;0.0;;01-04;m3/dag
7;1374;3303-EAG-1;-9999;-9999;Inlaat4;ValueSeries;0.0;;01-10;m3/dag
8;1374;3303-EAG-1;-9999;-9999;Uitlaat4;ValueSeries;0.0;;01-10;m3/dag
9;1374;3303-EAG-1;-9999;-9999;Uitlaat1;ValueSeries;0.0;;01-10;m3/dag
10;1374;3303-EAG-1;-9999;-9999;Uitlaat2;ValueSeries;0.0;;01-04;m3/dag
11;1374;3303-EAG-1;-9999;-9999;Uitlaat2;ValueSeries;0.0;;01-10;m3/dag
12;1374;3303-EAG-1;-9999;-9999;Uitlaat3;ValueSeries;0.0;;01-04;m3/dag
13;1374;3303-EAG-1;-9999;-9999;Uitlaat3;ValueSeries;0.0;;01-10;m3/dag
14;1374;3303-EAG-1;-9999;-9999;Uitlaat4;ValueSeries;0.0;;01-04;m3/dag
15;1374;3303-EAG-1;-9999;-9999;Inlaat4;ValueSeries;0.0;;01-04;m3/dag
