EAGID;EAGCode;BakjeID;Laagvolgorde;ClusterType;ParamType;Waarde;WaardeAlfa;StartDag;Eenheid
225;3100-GAF;225001043;1;Qkwel;ValueSeries;-1.7276292626;;01-04;mm/dag
225;3100-GAF;225001048;1;Qkwel;ValueSeries;-0.6912127014;;01-04;mm/dag
225;3100-GAF;225001053;1;Qkwel;ValueSeries;0.8838720640;;01-04;mm/dag
225;3100-GAF;225001058;1;Qkwel;ValueSeries;2.7523933205;;01-04;mm/dag
225;3100-GAF;225000000;1;Qkwel;ValueSeries;0.6600000000;;01-04;mm/dag
225;3100-GAF;225000000;1;Qwegz;ValueSeries;2.1900000000;;01-04;mm/dag
225;3100-GAF;225000000;1;hTargetMax;ValueSeries;-0.8000000000;;01-05;mNAP
225;3100-GAF;225000000;1;hTargetMax;ValueSeries;-0.8000000000;;01-10;mNAP
225;3100-GAF;225000000;1;hTargetMax;ValueSeries;-0.8000000000;;15-03;mNAP
225;3100-GAF;225000000;1;hTargetMax;ValueSeries;-0.8000000000;;15-08;mNAP
225;3100-GAF;225000000;1;hTargetMin;ValueSeries;-1.0500000000;;01-05;mNAP
225;3100-GAF;225000000;1;hTargetMin;ValueSeries;-1.0500000000;;01-10;mNAP
225;3100-GAF;225000000;1;hTargetMin;ValueSeries;-1.0500000000;;15-03;mNAP
225;3100-GAF;225000000;1;hTargetMin;ValueSeries;-1.0500000000;;15-08;mNAP
225;3100-GAF;-9999;-9999;Inlaat1;ValueSeries;0.0000000000;;01-04;m3/dag
225;3100-GAF;-9999;-9999;Inlaat1;ValueSeries;0.0000000000;;01-10;m3/dag
225;3100-GAF;-9999;-9999;Inlaat2;ValueSeries;0.0000000000;;01-04;m3/dag
225;3100-GAF;-9999;-9999;Inlaat2;ValueSeries;0.0000000000;;01-10;m3/dag
225;3100-GAF;-9999;-9999;Inlaat3;ValueSeries;0.0000000000;;01-04;m3/dag
225;3100-GAF;-9999;-9999;Inlaat3;ValueSeries;0.0000000000;;01-10;m3/dag
225;3100-GAF;-9999;-9999;Inlaat4;ValueSeries;0.0000000000;;01-04;m3/dag
225;3100-GAF;-9999;-9999;Inlaat4;ValueSeries;0.0000000000;;01-10;m3/dag
225;3100-GAF;-9999;-9999;Uitlaat1;ValueSeries;0.0000000000;;01-04;m3/dag
225;3100-GAF;-9999;-9999;Uitlaat1;ValueSeries;0.0000000000;;01-10;m3/dag
225;3100-GAF;-9999;-9999;Uitlaat2;ValueSeries;0.0000000000;;01-04;m3/dag
225;3100-GAF;-9999;-9999;Uitlaat2;ValueSeries;0.0000000000;;01-10;m3/dag
225;3100-GAF;-9999;-9999;Uitlaat3;ValueSeries;0.0000000000;;01-04;m3/dag
225;3100-GAF;-9999;-9999;Uitlaat3;ValueSeries;0.0000000000;;01-10;m3/dag
225;3100-GAF;-9999;-9999;Uitlaat4;ValueSeries;0.0000000000;;01-04;m3/dag
225;3100-GAF;-9999;-9999;Uitlaat4;ValueSeries;0.0000000000;;01-10;m3/dag
225;3100-GAF;-9999;-9999;Inlaat1;Local;;;;m3/dag
225;3100-GAF;-9999;-9999;Inlaat2;Local;;;;m3/dag
225;3100-GAF;-9999;-9999;Inlaat3;Local;;;;m3/dag
225;3100-GAF;-9999;-9999;Inlaat4;Local;;;;m3/dag
225;3100-GAF;-9999;-9999;Uitlaat1;Local;;;;m3/dag
225;3100-GAF;-9999;-9999;Uitlaat2;Local;;;;m3/dag
225;3100-GAF;-9999;-9999;Uitlaat3;Local;;;;m3/dag
225;3100-GAF;-9999;-9999;Uitlaat4;Local;;;;m3/dag
225;3100-GAF;-9999;-9999;Neerslag;FEWS;;meteo_meetstation_KNMI|ImportCAW|66015cal|P.meting.dagcal;;mm/dag
225;3100-GAF;-9999;-9999;Peil;FEWS;;polder|Statistiek|70031_Polderpeil|H.meting.gem||polder|Statistiek|76003_Waterstand|H.meting.gem;;mNAP
225;3100-GAF;-9999;-9999;Verdamping;FEWS;;meteo_meetstation_KNMI|ImportCAW|66002_VerdampingCAL|E.metingcal;;mm/dag
225;3100-GAF;-9999;-9999;Gemaal1Debiet Pomp 1;Local;;;;m3/dag
225;3100-GAF;-9999;-9999;Gemaal1Debiet Pomp 2;Local;;;;m3/dag
225;3100-GAF;-9999;-9999;Gemaal2Debiet Pomp 1;Local;;;;m3/dag
225;3100-GAF;-9999;-9999;Gemaal2Debiet Pomp 2;Local;;;;m3/dag
225;3100-GAF;-9999;-9999;Gemaal3Debiet Pomp 1;Local;;;;m3/dag
225;3100-GAF;-9999;-9999;Gemaal3Debiet Pomp 2;Local;;;;m3/dag
225;3100-GAF;-9999;-9999;Neerslag;Local;;;;mm/dag
225;3100-GAF;-9999;-9999;Peil;Local;;;;mNAP
225;3100-GAF;-9999;-9999;Verdamping;Local;;;;mm/dag
