;EAGID;EAGCode;BakjeID;Laagvolgorde;ClusterType;ReeksType;ParamType;Waarde;WaardeAlfa;StartDag;EAGReeksWaardeID;BakjeReeksWaardeID;LaagReeksWaardeID
0;19500;2020-EAG-1;-9999;-9999;Peil;Flux;FEWS;;Statistiek|62510_Polderpeil|H.meting.gem|-999.0;;25473;-9999;-9999
1;19500;2020-EAG-1;-9999;-9999;Gemaal;Flux;FEWS;;Pompvolumes|64014_pomp_1|Vol.berekend.dag|-999.0;;25474;-9999;-9999
2;19500;2020-EAG-1;-9999;-9999;Gemaal;Flux;FEWS;;Pompvolumes|64014_pomp_2|Vol.berekend.dag|-999.0;;25475;-9999;-9999
3;19500;2020-EAG-1;-9999;-9999;Verdamping;Flux;FEWS;;ImportCAW|66002_VerdampingCAL|E.metingcal|-999.0;;25476;-9999;-9999
4;19500;2020-EAG-1;-9999;-9999;Neerslag;Flux;FEWS;;ImportCAW|66006cal|P.meting.dagcal|-999.0;;25477;-9999;-9999
