;EAGID;EAGCode;BakjeID;Laagvolgorde;ClusterType;ParamType;Waarde;WaardeAlfa;StartDag
0;1577;2502-GAF;1577000000;-9999;ClAfstroming;-9999;25.0;;
1;1577;2502-GAF;1577000000;-9999;ClDrain;-9999;70.0;;
2;1577;2502-GAF;1577000000;-9999;ClKwel;-9999;400.0;;
3;1577;2502-GAF;1577000000;-9999;ClNeerslag;-9999;6.0;;
4;1577;2502-GAF;1577000000;-9999;ClRiolering;-9999;100.0;;
5;1577;2502-GAF;1577000000;-9999;ClUitspoeling;-9999;40.0;;
6;1577;2502-GAF;1577000000;-9999;ClVerhard;-9999;10.0;;
0;1577;2502-GAF;1577045955;1;Qkwel;Constant;0.0;;
1;1577;2502-GAF;1577045956;1;Qkwel;ValueSeries;-1.5;;01-10
2;1577;2502-GAF;1577045956;1;Qkwel;ValueSeries;-1.0;;01-04
3;1577;2502-GAF;1577045960;1;Qkwel;Constant;0.0;;
4;1577;2502-GAF;1577045961;1;Qkwel;ValueSeries;-1.5;;01-10
5;1577;2502-GAF;1577045961;1;Qkwel;ValueSeries;-1.0;;01-04
0;1577;2502-GAF;1577000000;1;Qkwel;Constant;0.0;;
1;1577;2502-GAF;1577000000;1;Qwegz;Constant;1.0;;
0;1577;2502-GAF;1577000000;1;hTargetMax;ValueSeries;-2.65;;01-05
1;1577;2502-GAF;1577000000;1;hTargetMax;ValueSeries;-2.65;;01-10
2;1577;2502-GAF;1577000000;1;hTargetMax;ValueSeries;-2.65;;15-03
3;1577;2502-GAF;1577000000;1;hTargetMax;ValueSeries;-2.65;;15-08
4;1577;2502-GAF;1577000000;1;hTargetMin;ValueSeries;-2.7;;01-05
5;1577;2502-GAF;1577000000;1;hTargetMin;ValueSeries;-2.7;;01-10
6;1577;2502-GAF;1577000000;1;hTargetMin;ValueSeries;-2.7;;15-03
7;1577;2502-GAF;1577000000;1;hTargetMin;ValueSeries;-2.7;;15-08
