;EAGID;EAGCode;BakjeID;Laagvolgorde;ClusterType;ReeksType;ParamType;Waarde;WaardeAlfa;StartDag;EAGReeksWaardeID;BakjeReeksWaardeID;LaagReeksWaardeID
0;19841;8020-EAG-1;-9999;-9999;Gemaal;Flux;FEWS;;Pompvolumes|64155_pomp_1|Vol.berekend.dag|-999.0;;25524;-9999;-9999
1;19841;8020-EAG-1;-9999;-9999;Gemaal;Flux;FEWS;;Pompvolumes|64155_pomp_2|Vol.berekend.dag|-999.0;;25525;-9999;-9999
2;19841;8020-EAG-1;-9999;-9999;Verdamping;Flux;FEWS;;ImportCAW|66002_VerdampingCAL|E.metingcal|-999.0;;25526;-9999;-9999
3;19841;8020-EAG-1;-9999;-9999;Neerslag;Flux;FEWS;;ImportCAW|66006cal|P.meting.dagcal|-999.0;;25527;-9999;-9999
4;19841;8020-EAG-1;-9999;-9999;Peil;Flux;FEWS;;Statistiek|68565_polder|H.meting.gem|-999.0;;25528;-9999;-9999
