;EAGID;EAGCode;BakjeID;Laagvolgorde;ClusterType;ParamType;Waarde;WaardeAlfa;StartDag
0;1621;8050-GAF;1621000000;-9999;ClAfstroming;-9999;50.0;;
1;1621;8050-GAF;1621000000;-9999;ClDrain;-9999;100.0;;
2;1621;8050-GAF;1621000000;-9999;ClKwel;-9999;150.0;;
3;1621;8050-GAF;1621000000;-9999;ClNeerslag;-9999;6.0;;
4;1621;8050-GAF;1621000000;-9999;ClRiolering;-9999;100.0;;
5;1621;8050-GAF;1621000000;-9999;ClUitspoeling;-9999;75.0;;
6;1621;8050-GAF;1621000000;-9999;ClVerhard;-9999;150.0;;
0;1621;8050-GAF;1621046835;1;Qkwel;Constant;0.2;;
1;1621;8050-GAF;1621046836;1;Qkwel;Constant;0.2;;
2;1621;8050-GAF;1621046840;1;Qkwel;Constant;0.2;;
3;1621;8050-GAF;1621046841;1;Qkwel;Constant;0.2;;
4;1621;8050-GAF;1621046845;1;Qkwel;Constant;0.2;;
5;1621;8050-GAF;1621046846;1;Qkwel;Constant;0.2;;
6;1621;8050-GAF;1621046847;1;Qkwel;ValueSeries;0.0;;01-10
7;1621;8050-GAF;1621046847;1;Qkwel;ValueSeries;0.2;;01-04
0;1621;8050-GAF;1621000000;1;Qkwel;Constant;0.2;;
1;1621;8050-GAF;1621000000;1;Qwegz;Constant;0.0;;
0;1621;8050-GAF;1621000000;1;hTargetMax;ValueSeries;-5.81;;01-10
1;1621;8050-GAF;1621000000;1;hTargetMax;ValueSeries;-5.81;;15-03
2;1621;8050-GAF;1621000000;1;hTargetMax;ValueSeries;-5.77;;01-05
3;1621;8050-GAF;1621000000;1;hTargetMax;ValueSeries;-5.77;;15-08
4;1621;8050-GAF;1621000000;1;hTargetMin;ValueSeries;-5.85;;01-10
5;1621;8050-GAF;1621000000;1;hTargetMin;ValueSeries;-5.85;;15-03
6;1621;8050-GAF;1621000000;1;hTargetMin;ValueSeries;-5.81;;01-05
7;1621;8050-GAF;1621000000;1;hTargetMin;ValueSeries;-5.81;;15-08
