EAGID;EAGCode;BakjeID;Laagvolgorde;ClusterType;ParamType;Waarde;WaardeAlfa;StartDag;Eenheid
51;2130-GAF;51000102;2;Qkwel;Constant;0.4800000000;;;mm/dag
51;2130-GAF;51000103;1;Qkwel;Constant;0.4800000000;;;mm/dag
51;2130-GAF;51000112;2;Qkwel;Constant;0.4800000000;;;mm/dag
51;2130-GAF;51000113;1;Qkwel;Constant;0.0900000000;;;mm/dag
51;2130-GAF;51000000;1;Qkwel;Constant;0.2865509078;;;mm/dag
51;2130-GAF;51000000;1;Qwegz;Constant;0.0000000000;;;mm/dag
51;2130-GAF;51000000;1;hTargetMax;ValueSeries;-5.8300000000;;01-05;mNAP
51;2130-GAF;51000000;1;hTargetMax;ValueSeries;-5.8300000000;;01-10;mNAP
51;2130-GAF;51000000;1;hTargetMax;ValueSeries;-5.8300000000;;15-03;mNAP
51;2130-GAF;51000000;1;hTargetMax;ValueSeries;-5.8300000000;;15-08;mNAP
51;2130-GAF;51000000;1;hTargetMin;ValueSeries;-5.8700000000;;01-05;mNAP
51;2130-GAF;51000000;1;hTargetMin;ValueSeries;-5.8700000000;;01-10;mNAP
51;2130-GAF;51000000;1;hTargetMin;ValueSeries;-5.8700000000;;15-03;mNAP
51;2130-GAF;51000000;1;hTargetMin;ValueSeries;-5.8700000000;;15-08;mNAP
51;2130-GAF;-9999;-9999;Inlaat1;ValueSeries;1000.0000000000;;01-04;m3/dag
51;2130-GAF;-9999;-9999;Inlaat1;ValueSeries;500.0000000000;;01-10;m3/dag
51;2130-GAF;-9999;-9999;Inlaat2;ValueSeries;2000.0000000000;;01-04;m3/dag
51;2130-GAF;-9999;-9999;Inlaat2;ValueSeries;1000.0000000000;;01-10;m3/dag
51;2130-GAF;-9999;-9999;Inlaat3;ValueSeries;1000.0000000000;;01-04;m3/dag
51;2130-GAF;-9999;-9999;Inlaat3;ValueSeries;500.0000000000;;01-10;m3/dag
51;2130-GAF;-9999;-9999;Inlaat4;ValueSeries;2640.0000000000;;01-04;m3/dag
51;2130-GAF;-9999;-9999;Inlaat4;ValueSeries;215.0000000000;;01-10;m3/dag
51;2130-GAF;-9999;-9999;Uitlaat1;ValueSeries;0.0000000000;;01-04;m3/dag
51;2130-GAF;-9999;-9999;Uitlaat1;ValueSeries;0.0000000000;;01-10;m3/dag
51;2130-GAF;-9999;-9999;Uitlaat2;ValueSeries;0.0000000000;;01-04;m3/dag
51;2130-GAF;-9999;-9999;Uitlaat2;ValueSeries;0.0000000000;;01-10;m3/dag
51;2130-GAF;-9999;-9999;Uitlaat3;ValueSeries;0.0000000000;;01-04;m3/dag
51;2130-GAF;-9999;-9999;Uitlaat3;ValueSeries;0.0000000000;;01-10;m3/dag
51;2130-GAF;-9999;-9999;Uitlaat4;ValueSeries;0.0000000000;;01-04;m3/dag
51;2130-GAF;-9999;-9999;Uitlaat4;ValueSeries;0.0000000000;;01-10;m3/dag
51;2130-GAF;-9999;-9999;Inlaat1;Local;;;;m3/dag
51;2130-GAF;-9999;-9999;Inlaat2;Local;;;;m3/dag
51;2130-GAF;-9999;-9999;Inlaat3;Local;;;;m3/dag
51;2130-GAF;-9999;-9999;Inlaat4;Local;;;;m3/dag
51;2130-GAF;-9999;-9999;Uitlaat1;Local;;;;m3/dag
51;2130-GAF;-9999;-9999;Uitlaat2;Local;;;;m3/dag
51;2130-GAF;-9999;-9999;Uitlaat3;Local;;;;m3/dag
51;2130-GAF;-9999;-9999;Uitlaat4;Local;;;;m3/dag
51;2130-GAF;-9999;-9999;Gemaal1Debiet Pomp 1;FEWS;;polder|Pompvolumes|60111_Pomp1|Vol.berekend.dag;;m3/dag
51;2130-GAF;-9999;-9999;Gemaal1Debiet Pomp 2;FEWS;;polder|Pompvolumes|60111_Pomp2|Vol.berekend.dag;;m3/dag
51;2130-GAF;-9999;-9999;Gemaal2Debiet Pomp 1;FEWS;;polder|Pompvolumes|60111_Pomp3|Vol.berekend.dag;;m3/dag
51;2130-GAF;-9999;-9999;Gemaal2Debiet Pomp 2;FEWS;;polder|Pompvolumes|60110_pomp_1|Vol.berekend.dag;;m3/dag
51;2130-GAF;-9999;-9999;Gemaal3Debiet Pomp 1;FEWS;;polder|Pompvolumes|60110_pomp_2|Vol.berekend.dag;;m3/dag
51;2130-GAF;-9999;-9999;Neerslag;FEWS;;meteo_meetstation_KNMI|ImportCAW|66004cal|P.meting.dagcal;;mm/dag
51;2130-GAF;-9999;-9999;Verdamping;FEWS;;meteo_meetstation_KNMI|ImportCAW|66002_VerdampingCAL|E.metingcal;;mm/dag
51;2130-GAF;-9999;-9999;Gemaal1Debiet Pomp 1;Local;;;;m3/dag
51;2130-GAF;-9999;-9999;Gemaal1Debiet Pomp 2;Local;;;;m3/dag
51;2130-GAF;-9999;-9999;Gemaal2Debiet Pomp 1;Local;;;;m3/dag
51;2130-GAF;-9999;-9999;Gemaal2Debiet Pomp 2;Local;;;;m3/dag
51;2130-GAF;-9999;-9999;Gemaal3Debiet Pomp 1;Local;;;;m3/dag
51;2130-GAF;-9999;-9999;Gemaal3Debiet Pomp 2;Local;;;;m3/dag
51;2130-GAF;-9999;-9999;Neerslag;Local;;;;mm/dag
51;2130-GAF;-9999;-9999;Peil;Local;;;;mNAP
51;2130-GAF;-9999;-9999;Verdamping;Local;;;;mm/dag
