;EAGID;EAGCode;BakjeID;Laagvolgorde;ClusterType;ParamType;Waarde;WaardeAlfa;StartDag
0;1515;7060-EAG-1;1515000000;-9999;ClAfstroming;-9999;10.0;;
1;1515;7060-EAG-1;1515000000;-9999;ClDrain;-9999;70.0;;
2;1515;7060-EAG-1;1515000000;-9999;ClKwel;-9999;10.0;;
3;1515;7060-EAG-1;1515000000;-9999;ClNeerslag;-9999;6.0;;
4;1515;7060-EAG-1;1515000000;-9999;ClRiolering;-9999;100.0;;
5;1515;7060-EAG-1;1515000000;-9999;ClUitspoeling;-9999;10.0;;
6;1515;7060-EAG-1;1515000000;-9999;ClVerhard;-9999;10.0;;
0;1515;7060-EAG-1;1515046795;1;Qkwel;Constant;0.0;;
1;1515;7060-EAG-1;1515046796;1;Qkwel;Constant;0.0;;
0;1515;7060-EAG-1;1515000000;1;Qkwel;Constant;0.0;;
1;1515;7060-EAG-1;1515000000;1;Qwegz;Constant;0.0;;
0;1515;7060-EAG-1;1515000000;1;hTargetMax;ValueSeries;-0.2;;01-05
1;1515;7060-EAG-1;1515000000;1;hTargetMax;ValueSeries;-0.2;;01-10
2;1515;7060-EAG-1;1515000000;1;hTargetMax;ValueSeries;-0.2;;15-03
3;1515;7060-EAG-1;1515000000;1;hTargetMax;ValueSeries;-0.2;;15-08
4;1515;7060-EAG-1;1515000000;1;hTargetMin;ValueSeries;-0.22;;01-05
5;1515;7060-EAG-1;1515000000;1;hTargetMin;ValueSeries;-0.22;;01-10
6;1515;7060-EAG-1;1515000000;1;hTargetMin;ValueSeries;-0.22;;15-03
7;1515;7060-EAG-1;1515000000;1;hTargetMin;ValueSeries;-0.22;;15-08
