;EAGID;EAGCode;BakjeID;Laagvolgorde;ClusterType;ReeksType;ParamType;Waarde;WaardeAlfa;StartDag;EAGReeksWaardeID;BakjeReeksWaardeID;LaagReeksWaardeID
0;19504;2100-EAG-1;-9999;-9999;Peil;Flux;FEWS;;Statistiek|62452_Polderpeil|H.meting.gem|-999.0;;25459;-9999;-9999
1;19504;2100-EAG-1;-9999;-9999;Gemaal;Flux;FEWS;;Pompvolumes|64143_pomp_1|Vol.berekend.dag|-999.0;;25460;-9999;-9999
2;19504;2100-EAG-1;-9999;-9999;Gemaal;Flux;FEWS;;Pompvolumes|64143_pomp_2|Vol.berekend.dag|-999.0;;25461;-9999;-9999
3;19504;2100-EAG-1;-9999;-9999;Verdamping;Flux;FEWS;;ImportCAW|66002_VerdampingCAL|E.metingcal|-999.0;;25462;-9999;-9999
4;19504;2100-EAG-1;-9999;-9999;Neerslag;Flux;FEWS;;ImportCAW|66006cal|P.meting.dagcal|-999.0;;25463;-9999;-9999
5;19504;2100-EAG-1;-9999;-9999;Peil;Flux;FEWS;;Statistiek|68561_polder_1_meting_1|H.meting.gem|-999.0;;25464;-9999;-9999
6;19504;2100-EAG-1;-9999;-9999;Gemaal;Flux;FEWS;;Pompvolumes|99986_Pomp_1_bedrijf|Vol.berekend.dag|-999.0;;25465;-9999;-9999
7;19504;2100-EAG-1;-9999;-9999;Gemaal;Flux;FEWS;;Pompvolumes|99986_Pomp_2_bedrijf|Vol.berekend.dag|-999.0;;25466;-9999;-9999
