;EAGID;EAGCode;BakjeID;Laagvolgorde;ClusterType;ReeksType;ParamType;Waarde;WaardeAlfa;StartDag;EAGReeksWaardeID;BakjeReeksWaardeID;LaagReeksWaardeID
0;19554;2340-EAG-1;-9999;-9999;Gemaal;Flux;FEWS;;Pompvolumes|60200_pomp_1a|Vol.berekend.dag|-999.0;;24883;-9999;-9999
1;19554;2340-EAG-1;-9999;-9999;Gemaal;Flux;FEWS;;Pompvolumes|60200_pomp_2a|Vol.berekend.dag|-999.0;;24884;-9999;-9999
2;19554;2340-EAG-1;-9999;-9999;Verdamping;Flux;FEWS;;ImportCAW|66002_VerdampingCAL|E.metingcal|-999.0;;24885;-9999;-9999
3;19554;2340-EAG-1;-9999;-9999;Neerslag;Flux;FEWS;;ImportCAW|66011cal|P.meting.dagcal|-999.0;;24886;-9999;-9999
4;19554;2340-EAG-1;-9999;-9999;Peil;Flux;FEWS;;Statistiek|70302_Polderpeil|H.meting.gem|-999.0;;24887;-9999;-9999
