;EAGID;EAGCode;BakjeID;Laagvolgorde;ClusterType;ParamType;Waarde;WaardeAlfa;StartDag
0;1440;4200-EAG-2;1440000000;-9999;ClAfstroming;-9999;30.0;;
1;1440;4200-EAG-2;1440000000;-9999;ClDrain;-9999;120.0;;
2;1440;4200-EAG-2;1440000000;-9999;ClKwel;-9999;100.0;;
3;1440;4200-EAG-2;1440000000;-9999;ClNeerslag;-9999;6.0;;
4;1440;4200-EAG-2;1440000000;-9999;ClRiolering;-9999;100.0;;
5;1440;4200-EAG-2;1440000000;-9999;ClUitspoeling;-9999;50.0;;
6;1440;4200-EAG-2;1440000000;-9999;ClVerhard;-9999;10.0;;
0;1440;4200-EAG-2;1440046600;1;Qkwel;Constant;0.0;;
1;1440;4200-EAG-2;1440046601;1;Qkwel;Constant;-0.2;;
0;1440;4200-EAG-2;1440000000;1;Qkwel;Constant;0.0;;
1;1440;4200-EAG-2;1440000000;1;Qwegz;Constant;0.0;;
0;1440;4200-EAG-2;1440000000;1;hTargetMax;ValueSeries;-1.83;;01-05
1;1440;4200-EAG-2;1440000000;1;hTargetMax;ValueSeries;-1.83;;01-10
2;1440;4200-EAG-2;1440000000;1;hTargetMax;ValueSeries;-1.83;;15-03
3;1440;4200-EAG-2;1440000000;1;hTargetMax;ValueSeries;-1.83;;15-08
4;1440;4200-EAG-2;1440000000;1;hTargetMin;ValueSeries;-1.87;;01-05
5;1440;4200-EAG-2;1440000000;1;hTargetMin;ValueSeries;-1.87;;01-10
6;1440;4200-EAG-2;1440000000;1;hTargetMin;ValueSeries;-1.87;;15-03
7;1440;4200-EAG-2;1440000000;1;hTargetMin;ValueSeries;-1.87;;15-08
