;EAGID;EAGCode;BakjeID;Laagvolgorde;ClusterType;ReeksType;ParamType;Waarde;WaardeAlfa;StartDag;EAGReeksWaardeID;BakjeReeksWaardeID;LaagReeksWaardeID
0;19551;2310-EAG-1;-9999;-9999;Gemaal;Flux;FEWS;;Pompvolumes|60220_pomp_1|Vol.berekend.dag|-999.0;;24921;-9999;-9999
1;19551;2310-EAG-1;-9999;-9999;Gemaal;Flux;FEWS;;Pompvolumes|60220_windmolen|Vol.berekend.dag|-999.0;;24922;-9999;-9999
2;19551;2310-EAG-1;-9999;-9999;Verdamping;Flux;FEWS;;ImportCAW|66002_VerdampingCAL|E.metingcal|-999.0;;24923;-9999;-9999
3;19551;2310-EAG-1;-9999;-9999;Neerslag;Flux;FEWS;;ImportCAW|66015cal|P.meting.dagcal|-999.0;;24924;-9999;-9999
4;19551;2310-EAG-1;-9999;-9999;Peil;Flux;FEWS;;Statistiek|70602_Polderpeil|H.meting.gem|-999.0;;24925;-9999;-9999
