;EAGID;EAGCode;BakjeID;Laagvolgorde;ClusterType;ParamType;Waarde;WaardeAlfa;StartDag;Eenheid
0;1573;2340-GAF;1573000000;-9999;ClAfstroming;-9999;30.0;;;mg/l
1;1573;2340-GAF;1573000000;-9999;ClDrain;-9999;100.0;;;mg/l
2;1573;2340-GAF;1573000000;-9999;ClKwel;-9999;125.0;;;mg/l
3;1573;2340-GAF;1573000000;-9999;ClNeerslag;-9999;6.0;;;mg/l
4;1573;2340-GAF;1573000000;-9999;ClRiolering;-9999;100.0;;;mg/l
5;1573;2340-GAF;1573000000;-9999;ClUitspoeling;-9999;100.0;;;mg/l
6;1573;2340-GAF;1573000000;-9999;ClVerhard;-9999;10.0;;;mg/l
0;1573;2340-GAF;1573057570;2;Qkwel;Constant;0.0;;;mm/dag
1;1573;2340-GAF;1573057571;1;Qkwel;Constant;0.0;;;mm/dag
2;1573;2340-GAF;1573057575;2;Qkwel;Constant;0.0;;;mm/dag
3;1573;2340-GAF;1573057576;1;Qkwel;Constant;0.0;;;mm/dag
0;1573;2340-GAF;1573000000;1;Qkwel;Constant;0.0;;;mm/dag
1;1573;2340-GAF;1573000000;1;Qwegz;Constant;0.0;;;mm/dag
0;1573;2340-GAF;1573000000;1;hTargetMax;ValueSeries;-2.39;;01-05;mNAP
1;1573;2340-GAF;1573000000;1;hTargetMax;ValueSeries;-2.39;;01-10;mNAP
2;1573;2340-GAF;1573000000;1;hTargetMax;ValueSeries;-2.39;;15-03;mNAP
3;1573;2340-GAF;1573000000;1;hTargetMax;ValueSeries;-2.39;;15-08;mNAP
4;1573;2340-GAF;1573000000;1;hTargetMin;ValueSeries;-2.43;;01-05;mNAP
5;1573;2340-GAF;1573000000;1;hTargetMin;ValueSeries;-2.43;;01-10;mNAP
6;1573;2340-GAF;1573000000;1;hTargetMin;ValueSeries;-2.43;;15-03;mNAP
7;1573;2340-GAF;1573000000;1;hTargetMin;ValueSeries;-2.43;;15-08;mNAP
0;1573;2340-GAF;-9999;-9999;Uitlaat1;ValueSeries;0.0;;01-04;m3/dag
1;1573;2340-GAF;-9999;-9999;Inlaat1;ValueSeries;0.0;;01-10;m3/dag
2;1573;2340-GAF;-9999;-9999;Inlaat2;ValueSeries;375.0;;01-04;m3/dag
3;1573;2340-GAF;-9999;-9999;Inlaat2;ValueSeries;375.0;;01-10;m3/dag
4;1573;2340-GAF;-9999;-9999;Inlaat3;ValueSeries;0.0;;01-04;m3/dag
5;1573;2340-GAF;-9999;-9999;Inlaat3;ValueSeries;0.0;;01-10;m3/dag
6;1573;2340-GAF;-9999;-9999;Inlaat1;ValueSeries;0.0;;01-04;m3/dag
7;1573;2340-GAF;-9999;-9999;Inlaat4;ValueSeries;0.0;;01-10;m3/dag
8;1573;2340-GAF;-9999;-9999;Uitlaat4;ValueSeries;0.0;;01-10;m3/dag
9;1573;2340-GAF;-9999;-9999;Uitlaat1;ValueSeries;0.0;;01-10;m3/dag
10;1573;2340-GAF;-9999;-9999;Uitlaat2;ValueSeries;0.0;;01-04;m3/dag
11;1573;2340-GAF;-9999;-9999;Uitlaat2;ValueSeries;0.0;;01-10;m3/dag
12;1573;2340-GAF;-9999;-9999;Uitlaat3;ValueSeries;0.0;;01-04;m3/dag
13;1573;2340-GAF;-9999;-9999;Uitlaat3;ValueSeries;0.0;;01-10;m3/dag
14;1573;2340-GAF;-9999;-9999;Uitlaat4;ValueSeries;0.0;;01-04;m3/dag
15;1573;2340-GAF;-9999;-9999;Inlaat4;ValueSeries;0.0;;01-04;m3/dag
