;EAGID;EAGCode;BakjeID;Laagvolgorde;ClusterType;ReeksType;ParamType;Waarde;WaardeAlfa;StartDag;EAGReeksWaardeID;BakjeReeksWaardeID;LaagReeksWaardeID
0;19724;3360-EAG-3;-9999;-9999;Gemaal;Flux;FEWS;;Pompvolumes|62066_pomp_1|Vol.berekend.dag|-999.0;;25243;-9999;-9999
1;19724;3360-EAG-3;-9999;-9999;Gemaal;Flux;FEWS;;Pompvolumes|62076_pomp_1|Vol.berekend.dag|-999.0;;25244;-9999;-9999
2;19724;3360-EAG-3;-9999;-9999;Gemaal;Flux;FEWS;;Pompvolumes|62076_pomp_2|Vol.berekend.dag|-999.0;;25245;-9999;-9999
3;19724;3360-EAG-3;-9999;-9999;Gemaal;Flux;FEWS;;Pompvolumes|62175_Pomp_1_bedrijf|Vol.berekend.dag|-999.0;;25246;-9999;-9999
4;19724;3360-EAG-3;-9999;-9999;Gemaal;Flux;FEWS;;Pompvolumes|62175_Pomp_2_bedrijf|Vol.berekend.dag|-999.0;;25247;-9999;-9999
5;19724;3360-EAG-3;-9999;-9999;Verdamping;Flux;FEWS;;ImportCAW|66003_VerdampingCAl|E.metingcal|-999.0;;25248;-9999;-9999
6;19724;3360-EAG-3;-9999;-9999;Neerslag;Flux;FEWS;;ImportCAW|66014cal|P.meting.dagcal|-999.0;;25249;-9999;-9999
0;19724;3360-EAG-3;16464;-9999;ClVerhard;Cl;-9999;10;;;-9999;889;-9999
1;19724;3360-EAG-3;16464;-9999;ClRiolering;Cl;-9999;100;;;-9999;890;-9999
2;19724;3360-EAG-3;16464;-9999;ClDrain;Cl;-9999;150;;;-9999;891;-9999
3;19724;3360-EAG-3;16464;-9999;ClUitspoeling;Cl;-9999;20;;;-9999;892;-9999
4;19724;3360-EAG-3;16464;-9999;ClAfstroming;Cl;-9999;10;;;-9999;893;-9999
0;19724;3360-EAG-3;16462;2;Qkwel;Flux;Constant;0.0;;;-9999;-9999;9161
1;19724;3360-EAG-3;16463;1;Qkwel;Flux;ValueSeries;-0.69;;01-04;-9999;-9999;9162
2;19724;3360-EAG-3;16463;1;Qkwel;Flux;ValueSeries;-0.71;;01-10;-9999;-9999;9163
3;19724;3360-EAG-3;16464;1;Qkwel;Cl;Constant;20.0;;;-9999;-9999;9164
4;19724;3360-EAG-3;16464;1;Qkwel;Flux;ValueSeries;0.0;;01-04;-9999;-9999;9165
5;19724;3360-EAG-3;16464;1;Qkwel;Flux;ValueSeries;0.0;;01-10;-9999;-9999;9167
6;19724;3360-EAG-3;16464;1;Qwegz;Flux;ValueSeries;0.69;;01-04;-9999;-9999;9166
7;19724;3360-EAG-3;16464;1;Qwegz;Flux;ValueSeries;0.71;;01-10;-9999;-9999;9168
