EAGID;EAGCode;BakjeID;Laagvolgorde;ClusterType;ParamType;Waarde;WaardeAlfa;StartDag;Eenheid
257;3230-GAF;257001362;2;Qkwel;Constant;2.5000000000;;;mm/dag
257;3230-GAF;257001363;1;Qkwel;Constant;1.4143800743;;;mm/dag
257;3230-GAF;257001373;1;Qkwel;Constant;-1.8854112889;;;mm/dag
257;3230-GAF;257001378;1;Qkwel;Constant;-5.8523345692;;;mm/dag
257;3230-GAF;257000000;1;Qkwel;Constant;0.5061697820;;;mm/dag
257;3230-GAF;257000000;1;Qwegz;Constant;2.3730098545;;;mm/dag
257;3230-GAF;257000000;1;hTargetMax;ValueSeries;-1.2000000000;;01-05;mNAP
257;3230-GAF;257000000;1;hTargetMax;ValueSeries;-1.2000000000;;01-10;mNAP
257;3230-GAF;257000000;1;hTargetMax;ValueSeries;-1.2000000000;;15-03;mNAP
257;3230-GAF;257000000;1;hTargetMax;ValueSeries;-1.2000000000;;15-08;mNAP
257;3230-GAF;257000000;1;hTargetMin;ValueSeries;-1.2400000000;;01-05;mNAP
257;3230-GAF;257000000;1;hTargetMin;ValueSeries;-1.2400000000;;01-10;mNAP
257;3230-GAF;257000000;1;hTargetMin;ValueSeries;-1.2400000000;;15-03;mNAP
257;3230-GAF;257000000;1;hTargetMin;ValueSeries;-1.2400000000;;15-08;mNAP
257;3230-GAF;-9999;-9999;Inlaat1;ValueSeries;0.0000000000;;01-04;m3/dag
257;3230-GAF;-9999;-9999;Inlaat1;ValueSeries;0.0000000000;;01-10;m3/dag
257;3230-GAF;-9999;-9999;Inlaat2;ValueSeries;0.0000000000;;01-04;m3/dag
257;3230-GAF;-9999;-9999;Inlaat2;ValueSeries;0.0000000000;;01-10;m3/dag
257;3230-GAF;-9999;-9999;Inlaat2;ValueSeries;0.0000000000;;01-04;m3/dag
257;3230-GAF;-9999;-9999;Inlaat2;ValueSeries;0.0000000000;;01-10;m3/dag
257;3230-GAF;-9999;-9999;Inlaat4;ValueSeries;0.0000000000;;01-04;m3/dag
257;3230-GAF;-9999;-9999;Inlaat4;ValueSeries;0.0000000000;;01-10;m3/dag
257;3230-GAF;-9999;-9999;Uitlaat1;ValueSeries;0.0000000000;;01-04;m3/dag
257;3230-GAF;-9999;-9999;Uitlaat1;ValueSeries;0.0000000000;;01-10;m3/dag
257;3230-GAF;-9999;-9999;Uitlaat1;ValueSeries;0.0000000000;;01-04;m3/dag
257;3230-GAF;-9999;-9999;Uitlaat1;ValueSeries;0.0000000000;;01-10;m3/dag
257;3230-GAF;-9999;-9999;Uitlaat3;ValueSeries;0.0000000000;;01-04;m3/dag
257;3230-GAF;-9999;-9999;Uitlaat3;ValueSeries;0.0000000000;;01-10;m3/dag
257;3230-GAF;-9999;-9999;Uitlaat4;ValueSeries;0.0000000000;;01-04;m3/dag
257;3230-GAF;-9999;-9999;Uitlaat4;ValueSeries;0.0000000000;;01-10;m3/dag
257;3230-GAF;-9999;-9999;Inlaat1;Local;;;;m3/dag
257;3230-GAF;-9999;-9999;Inlaat2;Local;;;;m3/dag
257;3230-GAF;-9999;-9999;Inlaat4;Local;;;;m3/dag
257;3230-GAF;-9999;-9999;Uitlaat1;Local;;;;m3/dag
257;3230-GAF;-9999;-9999;Uitlaat3;Local;;;;m3/dag
257;3230-GAF;-9999;-9999;Uitlaat4;Local;;;;m3/dag
257;3230-GAF;-9999;-9999;Gemaal1Debiet Pomp 1;FEWS;;polder|Pompvolumes|62015_pomp_1|Vol.berekend.dag;;m3/dag
257;3230-GAF;-9999;-9999;Gemaal1Debiet Pomp 2;FEWS;;polder|Pompvolumes|62015_pomp_2|Vol.berekend.dag;;m3/dag
257;3230-GAF;-9999;-9999;Neerslag;FEWS;;meteo_meetstation_KNMI|ImportCAW|66011cal|P.meting.dagcal;;mm/dag
257;3230-GAF;-9999;-9999;Peil;FEWS;;polder|Statistiek|62054_Oost|H.meting.gem||polder|Statistiek|62015_polder|H.meting.gem;;mNAP
257;3230-GAF;-9999;-9999;Verdamping;FEWS;;meteo_meetstation_KNMI|ImportCAW|66002_VerdampingCAL|E.metingcal;;mm/dag
257;3230-GAF;-9999;-9999;Gemaal1Debiet Pomp 1;Local;;;;m3/dag
257;3230-GAF;-9999;-9999;Gemaal1Debiet Pomp 2;Local;;;;m3/dag
257;3230-GAF;-9999;-9999;Gemaal2Debiet Pomp 1;Local;;;;m3/dag
257;3230-GAF;-9999;-9999;Gemaal2Debiet Pomp 2;Local;;;;m3/dag
257;3230-GAF;-9999;-9999;Gemaal3Debiet Pomp 1;Local;;;;m3/dag
257;3230-GAF;-9999;-9999;Gemaal3Debiet Pomp 2;Local;;;;m3/dag
257;3230-GAF;-9999;-9999;Neerslag;Local;;;;mm/dag
257;3230-GAF;-9999;-9999;Peil;Local;;;;mNAP
257;3230-GAF;-9999;-9999;Verdamping;Local;;;;mm/dag
