;EAGID;EAGCode;BakjeID;Laagvolgorde;ClusterType;ReeksType;ParamType;Waarde;WaardeAlfa;StartDag;EAGReeksWaardeID;BakjeReeksWaardeID;LaagReeksWaardeID
0;19581;2502-EAG-1;-9999;-9999;Gemaal;Flux;FEWS;;Pompvolumes|60013_pomp_1|Vol.berekend.dag|-999.0;;24629;-9999;-9999
1;19581;2502-EAG-1;-9999;-9999;Gemaal;Flux;FEWS;;Pompvolumes|60013_pomp_2|Vol.berekend.dag|-999.0;;24630;-9999;-9999
2;19581;2502-EAG-1;-9999;-9999;Verdamping;Flux;FEWS;;ImportCAW|66002_VerdampingCAL|E.metingcal|-999.0;;24631;-9999;-9999
3;19581;2502-EAG-1;-9999;-9999;Neerslag;Flux;FEWS;;ImportCAW|66017cal|P.meting.dagcal|-999.0;;24632;-9999;-9999
