;EAGID;EAGCode;BakjeID;Laagvolgorde;ClusterType;ParamType;Waarde;WaardeAlfa;StartDag;Eenheid
0;1620;8040-GAF;1620123630;2;Qkwel;Constant;0.2;;;mm/dag
1;1620;8040-GAF;1620123631;1;Qkwel;Constant;0.2;;;mm/dag
2;1620;8040-GAF;1620123632;2;Qkwel;Constant;0.0;;;mm/dag
0;1620;8040-GAF;1620000000;1;Qkwel;Constant;0.2;;;mm/dag
1;1620;8040-GAF;1620000000;1;Qwegz;Constant;0.0;;;mm/dag
0;1620;8040-GAF;1620000000;1;hTargetMax;ValueSeries;0.0;;01-05;mNAP
1;1620;8040-GAF;1620000000;1;hTargetMax;ValueSeries;0.0;;01-10;mNAP
2;1620;8040-GAF;1620000000;1;hTargetMax;ValueSeries;0.0;;15-03;mNAP
3;1620;8040-GAF;1620000000;1;hTargetMax;ValueSeries;0.0;;15-08;mNAP
4;1620;8040-GAF;1620000000;1;hTargetMin;ValueSeries;0.0;;01-05;mNAP
5;1620;8040-GAF;1620000000;1;hTargetMin;ValueSeries;0.0;;01-10;mNAP
6;1620;8040-GAF;1620000000;1;hTargetMin;ValueSeries;0.0;;15-03;mNAP
7;1620;8040-GAF;1620000000;1;hTargetMin;ValueSeries;0.0;;15-08;mNAP
0;1620;8040-GAF;-9999;-9999;Inlaat1;ValueSeries;0.0;;01-10;m3/dag
1;1620;8040-GAF;-9999;-9999;Inlaat1;ValueSeries;500.0;;01-04;m3/dag
2;1620;8040-GAF;-9999;-9999;Inlaat2;ValueSeries;150.0;;01-04;m3/dag
3;1620;8040-GAF;-9999;-9999;Inlaat2;ValueSeries;150.0;;01-10;m3/dag
4;1620;8040-GAF;-9999;-9999;Inlaat3;ValueSeries;500.0;;01-04;m3/dag
5;1620;8040-GAF;-9999;-9999;Inlaat3;ValueSeries;500.0;;01-10;m3/dag
6;1620;8040-GAF;-9999;-9999;Inlaat4;ValueSeries;0.0;;01-10;m3/dag
7;1620;8040-GAF;-9999;-9999;Inlaat4;ValueSeries;0.0;;01-04;m3/dag
8;1620;8040-GAF;-9999;-9999;Uitlaat1;ValueSeries;0.0;;01-10;m3/dag
9;1620;8040-GAF;-9999;-9999;Uitlaat1;ValueSeries;0.0;;01-04;m3/dag
10;1620;8040-GAF;-9999;-9999;Uitlaat2;ValueSeries;0.0;;01-04;m3/dag
11;1620;8040-GAF;-9999;-9999;Uitlaat2;ValueSeries;0.0;;01-10;m3/dag
12;1620;8040-GAF;-9999;-9999;Uitlaat3;ValueSeries;0.0;;01-04;m3/dag
13;1620;8040-GAF;-9999;-9999;Uitlaat3;ValueSeries;0.0;;01-10;m3/dag
14;1620;8040-GAF;-9999;-9999;Uitlaat4;ValueSeries;0.0;;01-10;m3/dag
15;1620;8040-GAF;-9999;-9999;Uitlaat4;ValueSeries;0.0;;01-04;m3/dag
0;1620;8040-GAF;-9999;-9999;Inlaat1;Local;;;;m3/dag
1;1620;8040-GAF;-9999;-9999;Inlaat2;Local;;;;m3/dag
2;1620;8040-GAF;-9999;-9999;Inlaat3;Local;;;;m3/dag
3;1620;8040-GAF;-9999;-9999;Inlaat4;Local;;;;m3/dag
4;1620;8040-GAF;-9999;-9999;Uitlaat1;Local;;;;m3/dag
5;1620;8040-GAF;-9999;-9999;Uitlaat2;Local;;;;m3/dag
6;1620;8040-GAF;-9999;-9999;Uitlaat3;Local;;;;m3/dag
7;1620;8040-GAF;-9999;-9999;Uitlaat4;Local;;;;m3/dag
0;1620;8040-GAF;-9999;-9999;Verdamping;FEWS;;ImportCAW|66002_VerdampingCAL|E.metingcal;;mm/dag
0;1620;8040-GAF;-9999;-9999;Gemaal1Debiet Pomp 1;Local;;;;m3/dag
1;1620;8040-GAF;-9999;-9999;Gemaal1Debiet Pomp 2;Local;;;;m3/dag
2;1620;8040-GAF;-9999;-9999;Gemaal2Debiet Pomp 1;Local;;;;m3/dag
3;1620;8040-GAF;-9999;-9999;Gemaal2Debiet Pomp 2;Local;;;;m3/dag
4;1620;8040-GAF;-9999;-9999;Gemaal3Debiet Pomp 1;Local;;;;m3/dag
5;1620;8040-GAF;-9999;-9999;Gemaal3Debiet Pomp 2;Local;;;;m3/dag
6;1620;8040-GAF;-9999;-9999;Neerslag;Local;;;;mm/dag
7;1620;8040-GAF;-9999;-9999;Peil;Local;;;;mNAP
8;1620;8040-GAF;-9999;-9999;Verdamping;Local;;;;mm/dag
