EAGID;EAGCode;BakjeID;Laagvolgorde;ClusterType;ParamType;Waarde;WaardeAlfa;StartDag;Eenheid
64;2150-GAF;64000182;2;Qkwel;Constant;0.7400000000;;;mm/dag
64;2150-GAF;64000183;1;Qkwel;Constant;1.5500000000;;;mm/dag
64;2150-GAF;64000184;2;Qkwel;Constant;0.7400000000;;;mm/dag
64;2150-GAF;64000187;2;Qkwel;Constant;0.7400000000;;;mm/dag
64;2150-GAF;64000188;1;Qkwel;Constant;1.5000000000;;;mm/dag
64;2150-GAF;64000197;2;Qkwel;Constant;0.7400000000;;;mm/dag
64;2150-GAF;64000198;1;Qkwel;Constant;0.0000000000;;;mm/dag
64;2150-GAF;64000000;1;Qkwel;ValueSeries;1.4773815750;;01-04;mm/dag
64;2150-GAF;64000000;1;Qkwel;ValueSeries;1.5267767835;;01-10;mm/dag
64;2150-GAF;64000000;1;Qwegz;Constant;0.0000000000;;;mm/dag
64;2150-GAF;64000000;1;hTargetMax;ValueSeries;-5.9300000000;;01-05;mNAP
64;2150-GAF;64000000;1;hTargetMax;ValueSeries;-5.9300000000;;01-10;mNAP
64;2150-GAF;64000000;1;hTargetMax;ValueSeries;-5.9300000000;;15-03;mNAP
64;2150-GAF;64000000;1;hTargetMax;ValueSeries;-5.9300000000;;15-08;mNAP
64;2150-GAF;64000000;1;hTargetMin;ValueSeries;-5.9700000000;;01-05;mNAP
64;2150-GAF;64000000;1;hTargetMin;ValueSeries;-5.9700000000;;01-10;mNAP
64;2150-GAF;64000000;1;hTargetMin;ValueSeries;-5.9700000000;;15-03;mNAP
64;2150-GAF;64000000;1;hTargetMin;ValueSeries;-5.9700000000;;15-08;mNAP
64;2150-GAF;-9999;-9999;Inlaat1;ValueSeries;2000.0000000000;;01-04;m3/dag
64;2150-GAF;-9999;-9999;Inlaat1;ValueSeries;1500.0000000000;;01-10;m3/dag
64;2150-GAF;-9999;-9999;Inlaat2;ValueSeries;822.0000000000;;01-04;m3/dag
64;2150-GAF;-9999;-9999;Inlaat2;ValueSeries;822.0000000000;;01-10;m3/dag
64;2150-GAF;-9999;-9999;Inlaat3;ValueSeries;1500.0000000000;;01-04;m3/dag
64;2150-GAF;-9999;-9999;Inlaat3;ValueSeries;750.0000000000;;01-10;m3/dag
64;2150-GAF;-9999;-9999;Inlaat4;ValueSeries;2000.0000000000;;01-04;m3/dag
64;2150-GAF;-9999;-9999;Inlaat4;ValueSeries;0.0000000000;;01-10;m3/dag
64;2150-GAF;-9999;-9999;Uitlaat1;ValueSeries;0.0000000000;;01-04;m3/dag
64;2150-GAF;-9999;-9999;Uitlaat1;ValueSeries;0.0000000000;;01-10;m3/dag
64;2150-GAF;-9999;-9999;Uitlaat2;ValueSeries;0.0000000000;;01-04;m3/dag
64;2150-GAF;-9999;-9999;Uitlaat2;ValueSeries;0.0000000000;;01-10;m3/dag
64;2150-GAF;-9999;-9999;Uitlaat3;ValueSeries;0.0000000000;;01-04;m3/dag
64;2150-GAF;-9999;-9999;Uitlaat3;ValueSeries;0.0000000000;;01-10;m3/dag
64;2150-GAF;-9999;-9999;Uitlaat4;ValueSeries;0.0000000000;;01-04;m3/dag
64;2150-GAF;-9999;-9999;Uitlaat4;ValueSeries;0.0000000000;;01-10;m3/dag
64;2150-GAF;-9999;-9999;Inlaat1;Local;;;;m3/dag
64;2150-GAF;-9999;-9999;Inlaat2;Local;;;;m3/dag
64;2150-GAF;-9999;-9999;Inlaat3;Local;;;;m3/dag
64;2150-GAF;-9999;-9999;Inlaat4;Local;;;;m3/dag
64;2150-GAF;-9999;-9999;Uitlaat1;Local;;;;m3/dag
64;2150-GAF;-9999;-9999;Uitlaat2;Local;;;;m3/dag
64;2150-GAF;-9999;-9999;Uitlaat3;Local;;;;m3/dag
64;2150-GAF;-9999;-9999;Uitlaat4;Local;;;;m3/dag
64;2150-GAF;-9999;-9999;Gemaal1Debiet Pomp 1;FEWS;;polder|Pompvolumes|60090_pomp_1|Vol.berekend.dag;;m3/dag
64;2150-GAF;-9999;-9999;Gemaal1Debiet Pomp 2;FEWS;;polder|Pompvolumes|60090_pomp_2|Vol.berekend.dag;;m3/dag
64;2150-GAF;-9999;-9999;Neerslag;FEWS;;meteo_meetstation_KNMI|ImportCAW|66004cal|P.meting.dagcal;;mm/dag
64;2150-GAF;-9999;-9999;Peil;FEWS;;polder|Statistiek|60090_polder|H.meting.gem;;mNAP
64;2150-GAF;-9999;-9999;Verdamping;FEWS;;meteo_meetstation_KNMI|ImportCAW|66002_VerdampingCAL|E.metingcal;;mm/dag
64;2150-GAF;-9999;-9999;Gemaal1Debiet Pomp 1;Local;;;;m3/dag
64;2150-GAF;-9999;-9999;Gemaal1Debiet Pomp 2;Local;;;;m3/dag
64;2150-GAF;-9999;-9999;Gemaal2Debiet Pomp 1;Local;;;;m3/dag
64;2150-GAF;-9999;-9999;Gemaal2Debiet Pomp 2;Local;;;;m3/dag
64;2150-GAF;-9999;-9999;Gemaal3Debiet Pomp 1;Local;;;;m3/dag
64;2150-GAF;-9999;-9999;Gemaal3Debiet Pomp 2;Local;;;;m3/dag
64;2150-GAF;-9999;-9999;Neerslag;Local;;;;mm/dag
64;2150-GAF;-9999;-9999;Peil;Local;;;;mNAP
64;2150-GAF;-9999;-9999;Verdamping;Local;;;;mm/dag
