;EAGID;EAGCode;BakjeID;Laagvolgorde;ClusterType;ReeksType;ParamType;Waarde;WaardeAlfa;StartDag;EAGReeksWaardeID;BakjeReeksWaardeID;LaagReeksWaardeID
0;19726;3360-EAG-5;-9999;-9999;Verdamping;Flux;FEWS;;ImportCAW|66003_VerdampingCAl|E.metingcal|-999.0;;25279;-9999;-9999
1;19726;3360-EAG-5;-9999;-9999;Neerslag;Flux;FEWS;;ImportCAW|66014cal|P.meting.dagcal|-999.0;;25280;-9999;-9999
2;19726;3360-EAG-5;-9999;-9999;Peil;Flux;FEWS;;Statistiek|70039_Polderpeil|H.meting.gem|-999.0;;25281;-9999;-9999
0;19726;3360-EAG-5;16469;-9999;ClVerhard;Cl;-9999;10;;;-9999;899;-9999
1;19726;3360-EAG-5;16469;-9999;ClRiolering;Cl;-9999;100;;;-9999;900;-9999
2;19726;3360-EAG-5;16469;-9999;ClDrain;Cl;-9999;150;;;-9999;901;-9999
3;19726;3360-EAG-5;16469;-9999;ClUitspoeling;Cl;-9999;30;;;-9999;902;-9999
4;19726;3360-EAG-5;16469;-9999;ClAfstroming;Cl;-9999;10;;;-9999;903;-9999
0;19726;3360-EAG-5;16468;1;Qkwel;Flux;ValueSeries;-1.75;;01-04;-9999;-9999;9178
1;19726;3360-EAG-5;16468;1;Qkwel;Flux;ValueSeries;-2.07;;01-10;-9999;-9999;9179
2;19726;3360-EAG-5;16469;1;Qkwel;Cl;Constant;50.0;;;-9999;-9999;9180
3;19726;3360-EAG-5;16469;1;Qkwel;Flux;ValueSeries;0.0;;01-04;-9999;-9999;9181
4;19726;3360-EAG-5;16469;1;Qkwel;Flux;ValueSeries;0.0;;01-10;-9999;-9999;9183
5;19726;3360-EAG-5;16469;1;Qwegz;Flux;ValueSeries;1.75;;01-04;-9999;-9999;9182
6;19726;3360-EAG-5;16469;1;Qwegz;Flux;ValueSeries;2.07;;01-10;-9999;-9999;9184
