;EAGID;EAGCode;BakjeID;Laagvolgorde;ClusterType;ParamType;Waarde;WaardeAlfa;StartDag
0;1573;2340-GAF;1573000000;-9999;ClAfstroming;-9999;30.0;;
1;1573;2340-GAF;1573000000;-9999;ClDrain;-9999;100.0;;
2;1573;2340-GAF;1573000000;-9999;ClKwel;-9999;125.0;;
3;1573;2340-GAF;1573000000;-9999;ClNeerslag;-9999;6.0;;
4;1573;2340-GAF;1573000000;-9999;ClRiolering;-9999;100.0;;
5;1573;2340-GAF;1573000000;-9999;ClUitspoeling;-9999;100.0;;
6;1573;2340-GAF;1573000000;-9999;ClVerhard;-9999;10.0;;
0;1573;2340-GAF;1573045845;1;Qkwel;Constant;0.0;;
1;1573;2340-GAF;1573045846;1;Qkwel;Constant;0.0;;
2;1573;2340-GAF;1573045850;1;Qkwel;Constant;0.0;;
3;1573;2340-GAF;1573045851;1;Qkwel;Constant;0.0;;
0;1573;2340-GAF;1573000000;1;Qkwel;Constant;0.0;;
1;1573;2340-GAF;1573000000;1;Qwegz;Constant;0.0;;
0;1573;2340-GAF;1573000000;1;hTargetMax;ValueSeries;-2.39;;01-05
1;1573;2340-GAF;1573000000;1;hTargetMax;ValueSeries;-2.39;;01-10
2;1573;2340-GAF;1573000000;1;hTargetMax;ValueSeries;-2.39;;15-03
3;1573;2340-GAF;1573000000;1;hTargetMax;ValueSeries;-2.39;;15-08
4;1573;2340-GAF;1573000000;1;hTargetMin;ValueSeries;-2.43;;01-05
5;1573;2340-GAF;1573000000;1;hTargetMin;ValueSeries;-2.43;;01-10
6;1573;2340-GAF;1573000000;1;hTargetMin;ValueSeries;-2.43;;15-03
7;1573;2340-GAF;1573000000;1;hTargetMin;ValueSeries;-2.43;;15-08
