;EAGID;EAGCode;BakjeID;Laagvolgorde;ClusterType;ReeksType;ParamType;Waarde;WaardeAlfa;StartDag;EAGReeksWaardeID;BakjeReeksWaardeID;LaagReeksWaardeID
0;19747;4120-EAG-1;-9999;-9999;Gemaal;Flux;FEWS;;Pompvolumes|62032_pomp_1|Vol.berekend.dag|-999.0;;25170;-9999;-9999
1;19747;4120-EAG-1;-9999;-9999;Gemaal;Flux;FEWS;;Pompvolumes|62032_pomp_2|Vol.berekend.dag|-999.0;;25171;-9999;-9999
2;19747;4120-EAG-1;-9999;-9999;Verdamping;Flux;FEWS;;ImportCAW|66003_VerdampingCAl|E.metingcal|-999.0;;25172;-9999;-9999
3;19747;4120-EAG-1;-9999;-9999;Neerslag;Flux;FEWS;;ImportCAW|66015cal|P.meting.dagcal|-999.0;;25173;-9999;-9999
