;EAGID;EAGCode;BakjeID;Laagvolgorde;ClusterType;ParamType;Waarde;WaardeAlfa;StartDag
0;1585;2570-GAF;1585000000;-9999;ClAfstroming;-9999;50.0;;
1;1585;2570-GAF;1585000000;-9999;ClDrain;-9999;100.0;;
2;1585;2570-GAF;1585000000;-9999;ClKwel;-9999;150.0;;
3;1585;2570-GAF;1585000000;-9999;ClNeerslag;-9999;6.0;;
4;1585;2570-GAF;1585000000;-9999;ClRiolering;-9999;100.0;;
5;1585;2570-GAF;1585000000;-9999;ClUitspoeling;-9999;100.0;;
6;1585;2570-GAF;1585000000;-9999;ClVerhard;-9999;50.0;;
0;1585;2570-GAF;1585046055;1;Qkwel;Constant;0.3;;
1;1585;2570-GAF;1585046056;1;Qkwel;Constant;0.3;;
2;1585;2570-GAF;1585046060;1;Qkwel;Constant;0.3;;
3;1585;2570-GAF;1585046061;1;Qkwel;Constant;0.3;;
4;1585;2570-GAF;1585046065;1;Qkwel;Constant;0.3;;
5;1585;2570-GAF;1585046066;1;Qkwel;Constant;0.3;;
0;1585;2570-GAF;1585000000;1;Qkwel;Constant;0.3;;
1;1585;2570-GAF;1585000000;1;Qwegz;Constant;0.0;;
0;1585;2570-GAF;1585000000;1;hTargetMax;ValueSeries;0.0;;01-05
1;1585;2570-GAF;1585000000;1;hTargetMax;ValueSeries;0.0;;01-10
2;1585;2570-GAF;1585000000;1;hTargetMax;ValueSeries;0.0;;15-03
3;1585;2570-GAF;1585000000;1;hTargetMax;ValueSeries;0.0;;15-08
4;1585;2570-GAF;1585000000;1;hTargetMin;ValueSeries;0.0;;01-05
5;1585;2570-GAF;1585000000;1;hTargetMin;ValueSeries;0.0;;01-10
6;1585;2570-GAF;1585000000;1;hTargetMin;ValueSeries;0.0;;15-03
7;1585;2570-GAF;1585000000;1;hTargetMin;ValueSeries;0.0;;15-08
