;EAGID;EAGCode;BakjeID;Laagvolgorde;ClusterType;ParamType;Waarde;WaardeAlfa;StartDag
0;1595;3220-GAF;1595000000;-9999;ClAfstroming;-9999;30.0;;
1;1595;3220-GAF;1595000000;-9999;ClDrain;-9999;100.0;;
2;1595;3220-GAF;1595000000;-9999;ClKwel;-9999;700.0;;
3;1595;3220-GAF;1595000000;-9999;ClNeerslag;-9999;6.0;;
4;1595;3220-GAF;1595000000;-9999;ClRiolering;-9999;100.0;;
5;1595;3220-GAF;1595000000;-9999;ClUitspoeling;-9999;150.0;;
6;1595;3220-GAF;1595000000;-9999;ClVerhard;-9999;10.0;;
0;1595;3220-GAF;1595046265;1;Qkwel;ValueSeries;126.0;;01-10
1;1595;3220-GAF;1595046265;1;Qkwel;ValueSeries;186.0;;01-04
2;1595;3220-GAF;1595046266;1;Qkwel;Constant;3.38;;
3;1595;3220-GAF;1595046270;1;Qkwel;ValueSeries;126.0;;01-10
4;1595;3220-GAF;1595046270;1;Qkwel;ValueSeries;186.0;;01-04
5;1595;3220-GAF;1595046271;1;Qkwel;Constant;-1.2;;
6;1595;3220-GAF;1595046275;1;Qkwel;ValueSeries;126.0;;01-10
7;1595;3220-GAF;1595046275;1;Qkwel;ValueSeries;186.0;;01-04
8;1595;3220-GAF;1595046276;1;Qkwel;Constant;-1.6;;
9;1595;3220-GAF;1595046280;1;Qkwel;ValueSeries;126.0;;01-10
10;1595;3220-GAF;1595046280;1;Qkwel;ValueSeries;186.0;;01-04
11;1595;3220-GAF;1595046281;1;Qkwel;Constant;-0.3;;
0;1595;3220-GAF;1595000000;1;Qkwel;ValueSeries;126.0;;01-10
1;1595;3220-GAF;1595000000;1;Qkwel;ValueSeries;186.0;;01-04
2;1595;3220-GAF;1595000000;1;Qwegz;Constant;0.0;;
0;1595;3220-GAF;1595000000;1;hTargetMax;ValueSeries;-3.52;;01-05
1;1595;3220-GAF;1595000000;1;hTargetMax;ValueSeries;-3.52;;01-10
2;1595;3220-GAF;1595000000;1;hTargetMax;ValueSeries;-3.52;;15-03
3;1595;3220-GAF;1595000000;1;hTargetMax;ValueSeries;-3.52;;15-08
4;1595;3220-GAF;1595000000;1;hTargetMin;ValueSeries;-3.55;;01-05
5;1595;3220-GAF;1595000000;1;hTargetMin;ValueSeries;-3.55;;01-10
6;1595;3220-GAF;1595000000;1;hTargetMin;ValueSeries;-3.55;;15-03
7;1595;3220-GAF;1595000000;1;hTargetMin;ValueSeries;-3.55;;15-08
