;EAGID;EAGCode;BakjeID;Laagvolgorde;ClusterType;ParamType;Waarde;WaardeAlfa;StartDag;Eenheid
0;1588;2620-GAF;1588000000;-9999;ClAfstroming;-9999;25.0;;;mg/l
1;1588;2620-GAF;1588000000;-9999;ClDrain;-9999;70.0;;;mg/l
2;1588;2620-GAF;1588000000;-9999;ClKwel;-9999;400.0;;;mg/l
3;1588;2620-GAF;1588000000;-9999;ClNeerslag;-9999;6.0;;;mg/l
4;1588;2620-GAF;1588000000;-9999;ClRiolering;-9999;100.0;;;mg/l
5;1588;2620-GAF;1588000000;-9999;ClUitspoeling;-9999;50.0;;;mg/l
6;1588;2620-GAF;1588000000;-9999;ClVerhard;-9999;10.0;;;mg/l
0;1588;2620-GAF;1588057990;2;Qkwel;Constant;-0.4;;;mm/dag
1;1588;2620-GAF;1588057991;1;Qkwel;Constant;-0.4;;;mm/dag
2;1588;2620-GAF;1588057995;2;Qkwel;Constant;-0.4;;;mm/dag
3;1588;2620-GAF;1588057996;1;Qkwel;Constant;-0.3;;;mm/dag
0;1588;2620-GAF;1588000000;1;Qkwel;Constant;0.0;;;mm/dag
1;1588;2620-GAF;1588000000;1;Qwegz;Constant;0.3409696528;;;mm/dag
0;1588;2620-GAF;1588000000;1;hTargetMax;ValueSeries;-2.0;;01-05;mNAP
1;1588;2620-GAF;1588000000;1;hTargetMax;ValueSeries;-2.0;;01-10;mNAP
2;1588;2620-GAF;1588000000;1;hTargetMax;ValueSeries;-2.0;;15-03;mNAP
3;1588;2620-GAF;1588000000;1;hTargetMax;ValueSeries;-2.0;;15-08;mNAP
4;1588;2620-GAF;1588000000;1;hTargetMin;ValueSeries;-2.02;;01-05;mNAP
5;1588;2620-GAF;1588000000;1;hTargetMin;ValueSeries;-2.02;;01-10;mNAP
6;1588;2620-GAF;1588000000;1;hTargetMin;ValueSeries;-2.02;;15-03;mNAP
7;1588;2620-GAF;1588000000;1;hTargetMin;ValueSeries;-2.02;;15-08;mNAP
0;1588;2620-GAF;-9999;-9999;Uitlaat1;ValueSeries;4000.0;;01-04;m3/dag
1;1588;2620-GAF;-9999;-9999;Inlaat1;ValueSeries;0.0;;01-10;m3/dag
2;1588;2620-GAF;-9999;-9999;Inlaat2;ValueSeries;4500.0;;01-04;m3/dag
3;1588;2620-GAF;-9999;-9999;Inlaat2;ValueSeries;4500.0;;01-10;m3/dag
4;1588;2620-GAF;-9999;-9999;Inlaat3;ValueSeries;700.0;;01-04;m3/dag
5;1588;2620-GAF;-9999;-9999;Inlaat3;ValueSeries;700.0;;01-10;m3/dag
6;1588;2620-GAF;-9999;-9999;Inlaat1;ValueSeries;0.0;;01-04;m3/dag
7;1588;2620-GAF;-9999;-9999;Inlaat4;ValueSeries;0.0;;01-10;m3/dag
8;1588;2620-GAF;-9999;-9999;Uitlaat4;ValueSeries;0.0;;01-10;m3/dag
9;1588;2620-GAF;-9999;-9999;Uitlaat1;ValueSeries;1000.0;;01-10;m3/dag
10;1588;2620-GAF;-9999;-9999;Uitlaat2;ValueSeries;2500.0;;01-04;m3/dag
11;1588;2620-GAF;-9999;-9999;Uitlaat2;ValueSeries;2000.0;;01-10;m3/dag
12;1588;2620-GAF;-9999;-9999;Uitlaat3;ValueSeries;0.0;;01-04;m3/dag
13;1588;2620-GAF;-9999;-9999;Uitlaat3;ValueSeries;0.0;;01-10;m3/dag
14;1588;2620-GAF;-9999;-9999;Uitlaat4;ValueSeries;0.0;;01-04;m3/dag
15;1588;2620-GAF;-9999;-9999;Inlaat4;ValueSeries;0.0;;01-04;m3/dag
