;EAGID;EAGCode;BakjeID;Laagvolgorde;ClusterType;ParamType;Waarde;WaardeAlfa;StartDag
0;1262;2501-EAG-2;1262000000;-9999;ClAfstroming;-9999;35.0;;
1;1262;2501-EAG-2;1262000000;-9999;ClDrain;-9999;70.0;;
2;1262;2501-EAG-2;1262000000;-9999;ClKwel;-9999;400.0;;
3;1262;2501-EAG-2;1262000000;-9999;ClNeerslag;-9999;6.0;;
4;1262;2501-EAG-2;1262000000;-9999;ClRiolering;-9999;100.0;;
5;1262;2501-EAG-2;1262000000;-9999;ClUitspoeling;-9999;70.0;;
6;1262;2501-EAG-2;1262000000;-9999;ClVerhard;-9999;10.0;;
0;1262;2501-EAG-2;1262045940;1;Qkwel;Constant;0.0;;
1;1262;2501-EAG-2;1262045941;1;Qkwel;ValueSeries;-0.1633770806;;01-10
2;1262;2501-EAG-2;1262045941;1;Qkwel;ValueSeries;-0.1225328104;;01-04
3;1262;2501-EAG-2;1262045945;1;Qkwel;Constant;0.0;;
4;1262;2501-EAG-2;1262045946;1;Qkwel;ValueSeries;-0.7125271992;;01-10
5;1262;2501-EAG-2;1262045946;1;Qkwel;ValueSeries;-0.5343953994;;01-04
0;1262;2501-EAG-2;1262000000;1;Qkwel;Constant;0.0;;
1;1262;2501-EAG-2;1262000000;1;Qwegz;Constant;0.2442009469;;
0;1262;2501-EAG-2;1262000000;1;hTargetMax;ValueSeries;-2.45;;01-05
1;1262;2501-EAG-2;1262000000;1;hTargetMax;ValueSeries;-2.45;;01-10
2;1262;2501-EAG-2;1262000000;1;hTargetMax;ValueSeries;-2.45;;15-03
3;1262;2501-EAG-2;1262000000;1;hTargetMax;ValueSeries;-2.45;;15-08
4;1262;2501-EAG-2;1262000000;1;hTargetMin;ValueSeries;-2.47;;01-05
5;1262;2501-EAG-2;1262000000;1;hTargetMin;ValueSeries;-2.47;;01-10
6;1262;2501-EAG-2;1262000000;1;hTargetMin;ValueSeries;-2.47;;15-03
7;1262;2501-EAG-2;1262000000;1;hTargetMin;ValueSeries;-2.47;;15-08
