;EAGID;EAGCode;BakjeID;Laagvolgorde;ClusterType;ParamType;Waarde;WaardeAlfa;StartDag
0;1566;2250-GAF;1566000000;-9999;ClAfstroming;-9999;25.0;;
1;1566;2250-GAF;1566000000;-9999;ClDrain;-9999;1500.0;;
2;1566;2250-GAF;1566000000;-9999;ClKwel;-9999;1500.0;;
3;1566;2250-GAF;1566000000;-9999;ClNeerslag;-9999;6.0;;
4;1566;2250-GAF;1566000000;-9999;ClRiolering;-9999;100.0;;
5;1566;2250-GAF;1566000000;-9999;ClUitspoeling;-9999;1500.0;;
6;1566;2250-GAF;1566000000;-9999;ClVerhard;-9999;10.0;;
0;1566;2250-GAF;1566045785;1;Qkwel;Constant;1.5999999746;;
1;1566;2250-GAF;1566045786;1;Qkwel;Constant;1.6;;
2;1566;2250-GAF;1566045787;1;Qkwel;ValueSeries;0.0;;01-10
3;1566;2250-GAF;1566045787;1;Qkwel;ValueSeries;1.6;;01-04
4;1566;2250-GAF;1566045791;1;Qkwel;Constant;1.6;;
5;1566;2250-GAF;1566045792;1;Qkwel;ValueSeries;0.0;;01-10
6;1566;2250-GAF;1566045792;1;Qkwel;ValueSeries;1.6;;01-04
0;1566;2250-GAF;1566000000;1;Qkwel;Constant;1.5999999746;;
1;1566;2250-GAF;1566000000;1;Qwegz;Constant;0.0;;
0;1566;2250-GAF;1566000000;1;hTargetMax;ValueSeries;0.0;;01-05
1;1566;2250-GAF;1566000000;1;hTargetMax;ValueSeries;0.0;;01-10
2;1566;2250-GAF;1566000000;1;hTargetMax;ValueSeries;0.0;;15-03
3;1566;2250-GAF;1566000000;1;hTargetMax;ValueSeries;0.0;;15-08
4;1566;2250-GAF;1566000000;1;hTargetMin;ValueSeries;0.0;;01-05
5;1566;2250-GAF;1566000000;1;hTargetMin;ValueSeries;0.0;;01-10
6;1566;2250-GAF;1566000000;1;hTargetMin;ValueSeries;0.0;;15-03
7;1566;2250-GAF;1566000000;1;hTargetMin;ValueSeries;0.0;;15-08
