EAGID;EAGCode;BakjeID;Laagvolgorde;ClusterType;ParamType;Waarde;WaardeAlfa;StartDag;Eenheid
334;3360-EAG-7;334001943;1;Qkwel;ValueSeries;-2.3711487568;;01-10;mm/dag
334;3360-EAG-7;334001943;1;Qkwel;ValueSeries;-2.0403714283;;01-04;mm/dag
334;3360-EAG-7;334000000;1;Qkwel;Constant;0.0000000000;;;mm/dag
334;3360-EAG-7;334000000;1;Qwegz;ValueSeries;2.0403714283;;01-04;mm/dag
334;3360-EAG-7;334000000;1;Qwegz;ValueSeries;2.3711487568;;01-10;mm/dag
334;3360-EAG-7;334000000;1;hTargetMax;ValueSeries;-0.8800000000;;01-10;mNAP
334;3360-EAG-7;334000000;1;hTargetMax;ValueSeries;-0.8800000000;;15-03;mNAP
334;3360-EAG-7;334000000;1;hTargetMax;ValueSeries;-0.7800000000;;01-05;mNAP
334;3360-EAG-7;334000000;1;hTargetMax;ValueSeries;-0.7800000000;;15-08;mNAP
334;3360-EAG-7;334000000;1;hTargetMin;ValueSeries;-0.9200000000;;01-10;mNAP
334;3360-EAG-7;334000000;1;hTargetMin;ValueSeries;-0.9200000000;;15-03;mNAP
334;3360-EAG-7;334000000;1;hTargetMin;ValueSeries;-0.8200000000;;01-05;mNAP
334;3360-EAG-7;334000000;1;hTargetMin;ValueSeries;-0.8200000000;;15-08;mNAP
334;3360-EAG-7;-9999;-9999;Inlaat1;ValueSeries;0.0000000000;;01-04;m3/dag
334;3360-EAG-7;-9999;-9999;Inlaat1;ValueSeries;0.0000000000;;01-10;m3/dag
334;3360-EAG-7;-9999;-9999;Inlaat2;ValueSeries;0.0000000000;;01-04;m3/dag
334;3360-EAG-7;-9999;-9999;Inlaat2;ValueSeries;0.0000000000;;01-10;m3/dag
334;3360-EAG-7;-9999;-9999;Inlaat3;ValueSeries;0.0000000000;;01-04;m3/dag
334;3360-EAG-7;-9999;-9999;Inlaat3;ValueSeries;0.0000000000;;01-10;m3/dag
334;3360-EAG-7;-9999;-9999;Inlaat4;ValueSeries;0.0000000000;;01-04;m3/dag
334;3360-EAG-7;-9999;-9999;Inlaat4;ValueSeries;0.0000000000;;01-10;m3/dag
334;3360-EAG-7;-9999;-9999;Uitlaat1;ValueSeries;0.0000000000;;01-04;m3/dag
334;3360-EAG-7;-9999;-9999;Uitlaat1;ValueSeries;0.0000000000;;01-10;m3/dag
334;3360-EAG-7;-9999;-9999;Uitlaat2;ValueSeries;0.0000000000;;01-04;m3/dag
334;3360-EAG-7;-9999;-9999;Uitlaat2;ValueSeries;0.0000000000;;01-10;m3/dag
334;3360-EAG-7;-9999;-9999;Uitlaat3;ValueSeries;0.0000000000;;01-04;m3/dag
334;3360-EAG-7;-9999;-9999;Uitlaat3;ValueSeries;0.0000000000;;01-10;m3/dag
334;3360-EAG-7;-9999;-9999;Uitlaat4;ValueSeries;0.0000000000;;01-04;m3/dag
334;3360-EAG-7;-9999;-9999;Uitlaat4;ValueSeries;0.0000000000;;01-10;m3/dag
334;3360-EAG-7;-9999;-9999;Inlaat1;Local;;;;m3/dag
334;3360-EAG-7;-9999;-9999;Inlaat2;Local;;;;m3/dag
334;3360-EAG-7;-9999;-9999;Inlaat3;Local;;;;m3/dag
334;3360-EAG-7;-9999;-9999;Inlaat4;Local;;;;m3/dag
334;3360-EAG-7;-9999;-9999;Uitlaat1;Local;;;;m3/dag
334;3360-EAG-7;-9999;-9999;Uitlaat2;Local;;;;m3/dag
334;3360-EAG-7;-9999;-9999;Uitlaat3;Local;;;;m3/dag
334;3360-EAG-7;-9999;-9999;Uitlaat4;Local;;;;m3/dag
334;3360-EAG-7;-9999;-9999;Neerslag;FEWS;;meteo_meetstation_KNMI|ImportCAW|66011cal|P.meting.dagcal;;mm/dag
334;3360-EAG-7;-9999;-9999;Verdamping;FEWS;;meteo_meetstation_KNMI|ImportCAW|66002_VerdampingCAL|E.metingcal;;mm/dag
334;3360-EAG-7;-9999;-9999;Gemaal1Debiet Pomp 1;Local;;;;m3/dag
334;3360-EAG-7;-9999;-9999;Gemaal1Debiet Pomp 2;Local;;;;m3/dag
334;3360-EAG-7;-9999;-9999;Gemaal2Debiet Pomp 1;Local;;;;m3/dag
334;3360-EAG-7;-9999;-9999;Gemaal2Debiet Pomp 2;Local;;;;m3/dag
334;3360-EAG-7;-9999;-9999;Gemaal3Debiet Pomp 1;Local;;;;m3/dag
334;3360-EAG-7;-9999;-9999;Gemaal3Debiet Pomp 2;Local;;;;m3/dag
334;3360-EAG-7;-9999;-9999;Neerslag;Local;;;;mm/dag
334;3360-EAG-7;-9999;-9999;Peil;Local;;;;mNAP
334;3360-EAG-7;-9999;-9999;Verdamping;Local;;;;mm/dag
