;EAGID;EAGCode;BakjeID;Laagvolgorde;ClusterType;ParamType;Waarde;WaardeAlfa;StartDag
0;1567;2270-GAF;1567000000;-9999;ClAfstroming;-9999;100.0;;
1;1567;2270-GAF;1567000000;-9999;ClDrain;-9999;200.0;;
2;1567;2270-GAF;1567000000;-9999;ClKwel;-9999;500.0;;
3;1567;2270-GAF;1567000000;-9999;ClNeerslag;-9999;6.0;;
4;1567;2270-GAF;1567000000;-9999;ClRiolering;-9999;100.0;;
5;1567;2270-GAF;1567000000;-9999;ClUitspoeling;-9999;200.0;;
6;1567;2270-GAF;1567000000;-9999;ClVerhard;-9999;10.0;;
0;1567;2270-GAF;1567045795;1;Qkwel;Constant;0.0;;
1;1567;2270-GAF;1567045796;1;Qkwel;Constant;-0.2;;
0;1567;2270-GAF;1567000000;1;Qkwel;Constant;0.0;;
1;1567;2270-GAF;1567000000;1;Qwegz;Constant;0.199999979;;
0;1567;2270-GAF;1567000000;1;hTargetMax;ValueSeries;0.0;;01-05
1;1567;2270-GAF;1567000000;1;hTargetMax;ValueSeries;0.0;;01-10
2;1567;2270-GAF;1567000000;1;hTargetMax;ValueSeries;0.0;;15-03
3;1567;2270-GAF;1567000000;1;hTargetMax;ValueSeries;0.0;;15-08
4;1567;2270-GAF;1567000000;1;hTargetMin;ValueSeries;0.0;;01-05
5;1567;2270-GAF;1567000000;1;hTargetMin;ValueSeries;0.0;;01-10
6;1567;2270-GAF;1567000000;1;hTargetMin;ValueSeries;0.0;;15-03
7;1567;2270-GAF;1567000000;1;hTargetMin;ValueSeries;0.0;;15-08
