;EAGID;EAGCode;BakjeID;Laagvolgorde;ClusterType;ParamType;Waarde;WaardeAlfa;StartDag
0;1571;2310-GAF;1571000000;-9999;ClAfstroming;-9999;25.0;;
1;1571;2310-GAF;1571000000;-9999;ClDrain;-9999;100.0;;
2;1571;2310-GAF;1571000000;-9999;ClKwel;-9999;200.0;;
3;1571;2310-GAF;1571000000;-9999;ClNeerslag;-9999;6.0;;
4;1571;2310-GAF;1571000000;-9999;ClRiolering;-9999;100.0;;
5;1571;2310-GAF;1571000000;-9999;ClUitspoeling;-9999;100.0;;
6;1571;2310-GAF;1571000000;-9999;ClVerhard;-9999;10.0;;
0;1571;2310-GAF;1571045820;1;Qkwel;ValueSeries;0.2999999873;;01-10
1;1571;2310-GAF;1571045820;1;Qkwel;ValueSeries;0.6999999704;;01-04
2;1571;2310-GAF;1571045821;1;Qkwel;ValueSeries;0.3;;01-10
3;1571;2310-GAF;1571045821;1;Qkwel;ValueSeries;0.7;;01-04
0;1571;2310-GAF;1571000000;1;Qkwel;ValueSeries;0.2999999873;;01-10
1;1571;2310-GAF;1571000000;1;Qkwel;ValueSeries;0.6999999704;;01-04
2;1571;2310-GAF;1571000000;1;Qwegz;Constant;0.0;;
0;1571;2310-GAF;1571000000;1;hTargetMax;ValueSeries;0.0;;01-05
1;1571;2310-GAF;1571000000;1;hTargetMax;ValueSeries;0.0;;01-10
2;1571;2310-GAF;1571000000;1;hTargetMax;ValueSeries;0.0;;15-03
3;1571;2310-GAF;1571000000;1;hTargetMax;ValueSeries;0.0;;15-08
4;1571;2310-GAF;1571000000;1;hTargetMin;ValueSeries;0.0;;01-05
5;1571;2310-GAF;1571000000;1;hTargetMin;ValueSeries;0.0;;01-10
6;1571;2310-GAF;1571000000;1;hTargetMin;ValueSeries;0.0;;15-03
7;1571;2310-GAF;1571000000;1;hTargetMin;ValueSeries;0.0;;15-08
