;EAGID;EAGCode;BakjeID;Laagvolgorde;ClusterType;ReeksType;ParamType;Waarde;WaardeAlfa;StartDag;EAGReeksWaardeID;BakjeReeksWaardeID;LaagReeksWaardeID
0;19654;3201-EAG-2;-9999;-9999;Verdamping;Flux;FEWS;;ImportCAW|66003_VerdampingCAl|E.metingcal|-999.0;;25344;-9999;-9999
1;19654;3201-EAG-2;-9999;-9999;Neerslag;Flux;FEWS;;ImportCAW|66015cal|P.meting.dagcal|-999.0;;25345;-9999;-9999
0;19654;3201-EAG-2;16398;-9999;ClVerhard;Cl;-9999;10;;;-9999;779;-9999
1;19654;3201-EAG-2;16398;-9999;ClRiolering;Cl;-9999;100;;;-9999;780;-9999
2;19654;3201-EAG-2;16398;-9999;ClDrain;Cl;-9999;30;;;-9999;781;-9999
3;19654;3201-EAG-2;16398;-9999;ClUitspoeling;Cl;-9999;50;;;-9999;782;-9999
4;19654;3201-EAG-2;16398;-9999;ClAfstroming;Cl;-9999;30;;;-9999;783;-9999
0;19654;3201-EAG-2;16397;1;Qkwel;Flux;Constant;-6.906881542;;;-9999;-9999;9020
1;19654;3201-EAG-2;16398;1;Qkwel;Flux;Constant;0.0;;;-9999;-9999;9021
2;19654;3201-EAG-2;16398;1;Qkwel;Cl;Constant;50.0;;;-9999;-9999;9022
3;19654;3201-EAG-2;16398;1;Qwegz;Flux;Constant;6.91;;;-9999;-9999;9023
