;EAGID;EAGCode;BakjeID;Laagvolgorde;ClusterType;ParamType;Waarde;WaardeAlfa;StartDag;Eenheid
0;1560;2140-GAF;1560121350;2;Qkwel;Constant;-0.68;;;mm/dag
1;1560;2140-GAF;1560121351;1;Qkwel;Constant;-0.68;;;mm/dag
2;1560;2140-GAF;1560121352;2;Qkwel;Constant;-0.68;;;mm/dag
3;1560;2140-GAF;1560121355;2;Qkwel;Constant;-0.68;;;mm/dag
4;1560;2140-GAF;1560121356;1;Qkwel;Constant;-0.83;;;mm/dag
5;1560;2140-GAF;1560121360;2;Qkwel;Constant;-0.68;;;mm/dag
6;1560;2140-GAF;1560121361;1;Qkwel;Constant;-1.02;;;mm/dag
7;1560;2140-GAF;1560121365;2;Qkwel;Constant;-0.68;;;mm/dag
8;1560;2140-GAF;1560121366;1;Qkwel;Constant;-0.83;;;mm/dag
0;1560;2140-GAF;1560000000;1;Qkwel;Constant;0.0;;;mm/dag
1;1560;2140-GAF;1560000000;1;Qwegz;Constant;0.8281224331;;;mm/dag
0;1560;2140-GAF;1560000000;1;hTargetMax;ValueSeries;-1.7;;01-05;mNAP
1;1560;2140-GAF;1560000000;1;hTargetMax;ValueSeries;-1.7;;01-10;mNAP
2;1560;2140-GAF;1560000000;1;hTargetMax;ValueSeries;-1.7;;15-03;mNAP
3;1560;2140-GAF;1560000000;1;hTargetMax;ValueSeries;-1.7;;15-08;mNAP
4;1560;2140-GAF;1560000000;1;hTargetMin;ValueSeries;-1.77;;01-05;mNAP
5;1560;2140-GAF;1560000000;1;hTargetMin;ValueSeries;-1.77;;01-10;mNAP
6;1560;2140-GAF;1560000000;1;hTargetMin;ValueSeries;-1.77;;15-03;mNAP
7;1560;2140-GAF;1560000000;1;hTargetMin;ValueSeries;-1.77;;15-08;mNAP
0;1560;2140-GAF;-9999;-9999;Inlaat1;ValueSeries;500.0;;01-10;m3/dag
1;1560;2140-GAF;-9999;-9999;Inlaat1;ValueSeries;1500.0;;01-04;m3/dag
2;1560;2140-GAF;-9999;-9999;Inlaat2;ValueSeries;750.0;;01-04;m3/dag
3;1560;2140-GAF;-9999;-9999;Inlaat2;ValueSeries;250.0;;01-10;m3/dag
4;1560;2140-GAF;-9999;-9999;Inlaat3;ValueSeries;0.0;;01-04;m3/dag
5;1560;2140-GAF;-9999;-9999;Inlaat3;ValueSeries;0.0;;01-10;m3/dag
6;1560;2140-GAF;-9999;-9999;Inlaat4;ValueSeries;0.0;;01-10;m3/dag
7;1560;2140-GAF;-9999;-9999;Inlaat4;ValueSeries;0.0;;01-04;m3/dag
8;1560;2140-GAF;-9999;-9999;Uitlaat1;ValueSeries;250.0;;01-10;m3/dag
9;1560;2140-GAF;-9999;-9999;Uitlaat1;ValueSeries;1000.0;;01-04;m3/dag
10;1560;2140-GAF;-9999;-9999;Uitlaat2;ValueSeries;0.0;;01-04;m3/dag
11;1560;2140-GAF;-9999;-9999;Uitlaat2;ValueSeries;0.0;;01-10;m3/dag
12;1560;2140-GAF;-9999;-9999;Uitlaat3;ValueSeries;0.0;;01-04;m3/dag
13;1560;2140-GAF;-9999;-9999;Uitlaat3;ValueSeries;0.0;;01-10;m3/dag
14;1560;2140-GAF;-9999;-9999;Uitlaat4;ValueSeries;0.0;;01-10;m3/dag
15;1560;2140-GAF;-9999;-9999;Uitlaat4;ValueSeries;0.0;;01-04;m3/dag
0;1560;2140-GAF;-9999;-9999;Inlaat1;FEWS;;polder|Inlaatvolume|60104_debiet|Vol.berekend.dag;;m3/dag
0;1560;2140-GAF;-9999;-9999;Inlaat1;Local;;;;m3/dag
1;1560;2140-GAF;-9999;-9999;Inlaat2;Local;;;;m3/dag
2;1560;2140-GAF;-9999;-9999;Inlaat3;Local;;;;m3/dag
3;1560;2140-GAF;-9999;-9999;Inlaat4;Local;;;;m3/dag
4;1560;2140-GAF;-9999;-9999;Uitlaat1;Local;;;;m3/dag
5;1560;2140-GAF;-9999;-9999;Uitlaat2;Local;;;;m3/dag
6;1560;2140-GAF;-9999;-9999;Uitlaat3;Local;;;;m3/dag
7;1560;2140-GAF;-9999;-9999;Uitlaat4;Local;;;;m3/dag
0;1560;2140-GAF;-9999;-9999;Gemaal1Debiet Pomp 1;FEWS;;polder|Pompvolumes|60100_Pomp1|Vol.berekend.dag;;m3/dag
1;1560;2140-GAF;-9999;-9999;Peil;FEWS;;polder|Statistiek|60100_polder|H.meting.gem;;mNAP
2;1560;2140-GAF;-9999;-9999;Verdamping;FEWS;;ImportCAW|66002_VerdampingCAL|E.metingcal;;mm/dag
0;1560;2140-GAF;-9999;-9999;Gemaal1Debiet Pomp 1;Local;;;;m3/dag
1;1560;2140-GAF;-9999;-9999;Gemaal1Debiet Pomp 2;Local;;;;m3/dag
2;1560;2140-GAF;-9999;-9999;Gemaal2Debiet Pomp 1;Local;;;;m3/dag
3;1560;2140-GAF;-9999;-9999;Gemaal2Debiet Pomp 2;Local;;;;m3/dag
4;1560;2140-GAF;-9999;-9999;Gemaal3Debiet Pomp 1;Local;;;;m3/dag
5;1560;2140-GAF;-9999;-9999;Gemaal3Debiet Pomp 2;Local;;;;m3/dag
6;1560;2140-GAF;-9999;-9999;Neerslag;Local;;;;mm/dag
7;1560;2140-GAF;-9999;-9999;Peil;Local;;;;mNAP
8;1560;2140-GAF;-9999;-9999;Verdamping;Local;;;;mm/dag
