;EAGID;EAGCode;BakjeID;Laagvolgorde;ClusterType;ReeksType;ParamType;Waarde;WaardeAlfa;StartDag;EAGReeksWaardeID;BakjeReeksWaardeID;LaagReeksWaardeID
0;19721;3360-EAG-18;-9999;-9999;Verdamping;Flux;FEWS;;ImportCAW|66003_VerdampingCAl|E.metingcal|-999.0;;25291;-9999;-9999
1;19721;3360-EAG-18;-9999;-9999;Neerslag;Flux;FEWS;;ImportCAW|66011cal|P.meting.dagcal|-999.0;;25292;-9999;-9999
2;19721;3360-EAG-18;-9999;-9999;Peil;Flux;FEWS;;Statistiek|70022_Polderpeil|H.meting.gem|-999.0;;25293;-9999;-9999
0;19721;3360-EAG-18;16459;-9999;ClVerhard;Cl;-9999;10;;;-9999;879;-9999
1;19721;3360-EAG-18;16459;-9999;ClRiolering;Cl;-9999;100;;;-9999;880;-9999
2;19721;3360-EAG-18;16459;-9999;ClDrain;Cl;-9999;150;;;-9999;881;-9999
3;19721;3360-EAG-18;16459;-9999;ClUitspoeling;Cl;-9999;30;;;-9999;882;-9999
4;19721;3360-EAG-18;16459;-9999;ClAfstroming;Cl;-9999;10;;;-9999;883;-9999
0;19721;3360-EAG-18;16458;1;Qkwel;Flux;ValueSeries;0.0173268253;;01-04;-9999;-9999;9147
1;19721;3360-EAG-18;16458;1;Qkwel;Flux;ValueSeries;-0.5449520395;;01-10;-9999;-9999;9148
2;19721;3360-EAG-18;16459;1;Qkwel;Cl;Constant;30.0;;;-9999;-9999;9149
3;19721;3360-EAG-18;16459;1;Qkwel;Flux;ValueSeries;0.0173268253;;01-04;-9999;-9999;9150
4;19721;3360-EAG-18;16459;1;Qkwel;Flux;ValueSeries;0.0;;01-10;-9999;-9999;9152
5;19721;3360-EAG-18;16459;1;Qwegz;Flux;ValueSeries;0.0;;01-04;-9999;-9999;9151
6;19721;3360-EAG-18;16459;1;Qwegz;Flux;ValueSeries;0.5449520395;;01-10;-9999;-9999;9153
