;EAGID;EAGCode;BakjeID;Laagvolgorde;ClusterType;ParamType;Waarde;WaardeAlfa;StartDag
0;1583;2550-GAF;1583000000;-9999;ClAfstroming;-9999;120.0;;
1;1583;2550-GAF;1583000000;-9999;ClDrain;-9999;100.0;;
2;1583;2550-GAF;1583000000;-9999;ClKwel;-9999;500.0;;
3;1583;2550-GAF;1583000000;-9999;ClNeerslag;-9999;6.0;;
4;1583;2550-GAF;1583000000;-9999;ClRiolering;-9999;100.0;;
5;1583;2550-GAF;1583000000;-9999;ClUitspoeling;-9999;200.0;;
6;1583;2550-GAF;1583000000;-9999;ClVerhard;-9999;10.0;;
0;1583;2550-GAF;1583046045;1;Qkwel;Constant;0.6;;
1;1583;2550-GAF;1583046046;1;Qkwel;Constant;0.6;;
0;1583;2550-GAF;1583000000;1;Qkwel;Constant;0.6;;
1;1583;2550-GAF;1583000000;1;Qwegz;Constant;0.0;;
0;1583;2550-GAF;1583000000;1;hTargetMax;ValueSeries;-2.86;;01-10
1;1583;2550-GAF;1583000000;1;hTargetMax;ValueSeries;-2.86;;15-03
2;1583;2550-GAF;1583000000;1;hTargetMax;ValueSeries;-2.76;;01-05
3;1583;2550-GAF;1583000000;1;hTargetMax;ValueSeries;-2.76;;15-08
4;1583;2550-GAF;1583000000;1;hTargetMin;ValueSeries;-2.9;;01-10
5;1583;2550-GAF;1583000000;1;hTargetMin;ValueSeries;-2.9;;15-03
6;1583;2550-GAF;1583000000;1;hTargetMin;ValueSeries;-2.8;;01-05
7;1583;2550-GAF;1583000000;1;hTargetMin;ValueSeries;-2.8;;15-08
