;EAGID;EAGCode;BakjeID;Laagvolgorde;ClusterType;ReeksType;ParamType;Waarde;WaardeAlfa;StartDag;EAGReeksWaardeID;BakjeReeksWaardeID;LaagReeksWaardeID
0;19660;3220-EAG-2;-9999;-9999;Gemaal;Flux;FEWS;;Pompvolumes|62020_pomp_1|Vol.berekend.dag|-999.0;;25138;-9999;-9999
1;19660;3220-EAG-2;-9999;-9999;Gemaal;Flux;FEWS;;Pompvolumes|62020_pomp_2|Vol.berekend.dag|-999.0;;25139;-9999;-9999
2;19660;3220-EAG-2;-9999;-9999;Verdamping;Flux;FEWS;;ImportCAW|66003_VerdampingCAl|E.metingcal|-999.0;;25140;-9999;-9999
3;19660;3220-EAG-2;-9999;-9999;Neerslag;Flux;FEWS;;ImportCAW|66011cal|P.meting.dagcal|-999.0;;25141;-9999;-9999
4;19660;3220-EAG-2;-9999;-9999;Peil;Flux;FEWS;;Statistiek|70026_Polderpeil|H.meting.gem|-999.0;;25142;-9999;-9999
5;19660;3220-EAG-2;-9999;-9999;Peil;Flux;FEWS;;Statistiek|70027_Polderpeil|H.meting.gem|-999.0;;25143;-9999;-9999
