EAGID;EAGCode;BakjeID;Laagvolgorde;ClusterType;ParamType;Waarde;WaardeAlfa;StartDag;Eenheid
370;4200-EAG-2;370002232;2;Qkwel;Constant;0.0000000000;;;mm/dag
370;4200-EAG-2;370002233;1;Qkwel;Constant;-0.2000000000;;;mm/dag
370;4200-EAG-2;370000000;1;Qkwel;Constant;0.0000000000;;;mm/dag
370;4200-EAG-2;370000000;1;Qwegz;Constant;0.0000000000;;;mm/dag
370;4200-EAG-2;370000000;1;hTargetMax;ValueSeries;-1.8300000000;;01-05;mNAP
370;4200-EAG-2;370000000;1;hTargetMax;ValueSeries;-1.8300000000;;01-10;mNAP
370;4200-EAG-2;370000000;1;hTargetMax;ValueSeries;-1.8300000000;;15-03;mNAP
370;4200-EAG-2;370000000;1;hTargetMax;ValueSeries;-1.8300000000;;15-08;mNAP
370;4200-EAG-2;370000000;1;hTargetMin;ValueSeries;-1.8700000000;;01-05;mNAP
370;4200-EAG-2;370000000;1;hTargetMin;ValueSeries;-1.8700000000;;01-10;mNAP
370;4200-EAG-2;370000000;1;hTargetMin;ValueSeries;-1.8700000000;;15-03;mNAP
370;4200-EAG-2;370000000;1;hTargetMin;ValueSeries;-1.8700000000;;15-08;mNAP
370;4200-EAG-2;-9999;-9999;Inlaat1;ValueSeries;0.0000000000;;01-04;m3/dag
370;4200-EAG-2;-9999;-9999;Inlaat1;ValueSeries;0.0000000000;;01-10;m3/dag
370;4200-EAG-2;-9999;-9999;Inlaat2;ValueSeries;0.0000000000;;01-04;m3/dag
370;4200-EAG-2;-9999;-9999;Inlaat2;ValueSeries;0.0000000000;;01-10;m3/dag
370;4200-EAG-2;-9999;-9999;Inlaat3;ValueSeries;0.0000000000;;01-04;m3/dag
370;4200-EAG-2;-9999;-9999;Inlaat3;ValueSeries;0.0000000000;;01-10;m3/dag
370;4200-EAG-2;-9999;-9999;Inlaat4;ValueSeries;0.0000000000;;01-04;m3/dag
370;4200-EAG-2;-9999;-9999;Inlaat4;ValueSeries;0.0000000000;;01-10;m3/dag
370;4200-EAG-2;-9999;-9999;Uitlaat1;ValueSeries;0.0000000000;;01-04;m3/dag
370;4200-EAG-2;-9999;-9999;Uitlaat1;ValueSeries;0.0000000000;;01-10;m3/dag
370;4200-EAG-2;-9999;-9999;Uitlaat2;ValueSeries;0.0000000000;;01-04;m3/dag
370;4200-EAG-2;-9999;-9999;Uitlaat2;ValueSeries;0.0000000000;;01-10;m3/dag
370;4200-EAG-2;-9999;-9999;Uitlaat3;ValueSeries;0.0000000000;;01-04;m3/dag
370;4200-EAG-2;-9999;-9999;Uitlaat3;ValueSeries;0.0000000000;;01-10;m3/dag
370;4200-EAG-2;-9999;-9999;Uitlaat4;ValueSeries;0.0000000000;;01-04;m3/dag
370;4200-EAG-2;-9999;-9999;Uitlaat4;ValueSeries;0.0000000000;;01-10;m3/dag
370;4200-EAG-2;-9999;-9999;Inlaat1;Local;;;;m3/dag
370;4200-EAG-2;-9999;-9999;Inlaat2;Local;;;;m3/dag
370;4200-EAG-2;-9999;-9999;Inlaat3;Local;;;;m3/dag
370;4200-EAG-2;-9999;-9999;Inlaat4;Local;;;;m3/dag
370;4200-EAG-2;-9999;-9999;Uitlaat1;Local;;;;m3/dag
370;4200-EAG-2;-9999;-9999;Uitlaat2;Local;;;;m3/dag
370;4200-EAG-2;-9999;-9999;Uitlaat3;Local;;;;m3/dag
370;4200-EAG-2;-9999;-9999;Uitlaat4;Local;;;;m3/dag
370;4200-EAG-2;-9999;-9999;Gemaal1Debiet Pomp 1;FEWS;;polder|Pompvolumes|62073_pomp_1|Vol.berekend.dag;;m3/dag
370;4200-EAG-2;-9999;-9999;Gemaal1Debiet Pomp 2;FEWS;;polder|Pompvolumes|62073_pomp_2|Vol.berekend.dag;;m3/dag
370;4200-EAG-2;-9999;-9999;Neerslag;FEWS;;meteo_meetstation_KNMI|ImportCAW|66015cal|P.meting.dagcal;;mm/dag
370;4200-EAG-2;-9999;-9999;Peil;FEWS;;polder|Statistiek|62073_polder_1_meting_1|H.meting.gem;;mNAP
370;4200-EAG-2;-9999;-9999;Verdamping;FEWS;;meteo_meetstation_KNMI|ImportCAW|66002_VerdampingCAL|E.metingcal;;mm/dag
370;4200-EAG-2;-9999;-9999;Gemaal1Debiet Pomp 1;Local;;;;m3/dag
370;4200-EAG-2;-9999;-9999;Gemaal1Debiet Pomp 2;Local;;;;m3/dag
370;4200-EAG-2;-9999;-9999;Gemaal2Debiet Pomp 1;Local;;;;m3/dag
370;4200-EAG-2;-9999;-9999;Gemaal2Debiet Pomp 2;Local;;;;m3/dag
370;4200-EAG-2;-9999;-9999;Gemaal3Debiet Pomp 1;Local;;;;m3/dag
370;4200-EAG-2;-9999;-9999;Gemaal3Debiet Pomp 2;Local;;;;m3/dag
370;4200-EAG-2;-9999;-9999;Neerslag;Local;;;;mm/dag
370;4200-EAG-2;-9999;-9999;Peil;Local;;;;mNAP
370;4200-EAG-2;-9999;-9999;Verdamping;Local;;;;mm/dag
