EAGID;EAGCode;BakjeID;Laagvolgorde;ClusterType;ParamType;Waarde;WaardeAlfa;StartDag;Eenheid
37;2110-GAF;37000042;2;Qkwel;Constant;0.4000000000;;;mm/dag
37;2110-GAF;37000043;1;Qkwel;Constant;0.4000000000;;;mm/dag
37;2110-GAF;37000047;2;Qkwel;Constant;0.4000000000;;;mm/dag
37;2110-GAF;37000048;1;Qkwel;Constant;0.4000000000;;;mm/dag
37;2110-GAF;37000052;2;Qkwel;Constant;0.4000000000;;;mm/dag
37;2110-GAF;37000053;1;Qkwel;Constant;-0.2000000000;;;mm/dag
37;2110-GAF;37000057;2;Qkwel;Constant;0.4000000000;;;mm/dag
37;2110-GAF;37000058;1;Qkwel;Constant;0.0000000000;;;mm/dag
37;2110-GAF;37000000;1;Qkwel;Constant;0.1989411575;;;mm/dag
37;2110-GAF;37000000;1;Qwegz;Constant;0.0000000000;;;mm/dag
37;2110-GAF;37000000;1;hTargetMax;ValueSeries;-5.4800000000;;01-10;mNAP
37;2110-GAF;37000000;1;hTargetMax;ValueSeries;-5.4800000000;;15-03;mNAP
37;2110-GAF;37000000;1;hTargetMax;ValueSeries;-5.3300000000;;01-05;mNAP
37;2110-GAF;37000000;1;hTargetMax;ValueSeries;-5.3300000000;;15-08;mNAP
37;2110-GAF;37000000;1;hTargetMin;ValueSeries;-5.5200000000;;01-10;mNAP
37;2110-GAF;37000000;1;hTargetMin;ValueSeries;-5.5200000000;;15-03;mNAP
37;2110-GAF;37000000;1;hTargetMin;ValueSeries;-5.3700000000;;01-05;mNAP
37;2110-GAF;37000000;1;hTargetMin;ValueSeries;-5.3700000000;;15-08;mNAP
37;2110-GAF;-9999;-9999;Inlaat1;ValueSeries;1500.0000000000;;01-04;m3/dag
37;2110-GAF;-9999;-9999;Inlaat1;ValueSeries;1000.0000000000;;01-10;m3/dag
37;2110-GAF;-9999;-9999;Inlaat2;ValueSeries;0.0000000000;;01-04;m3/dag
37;2110-GAF;-9999;-9999;Inlaat2;ValueSeries;0.0000000000;;01-10;m3/dag
37;2110-GAF;-9999;-9999;Inlaat3;ValueSeries;0.0000000000;;01-04;m3/dag
37;2110-GAF;-9999;-9999;Inlaat3;ValueSeries;0.0000000000;;01-10;m3/dag
37;2110-GAF;-9999;-9999;Inlaat4;ValueSeries;0.0000000000;;01-04;m3/dag
37;2110-GAF;-9999;-9999;Inlaat4;ValueSeries;0.0000000000;;01-10;m3/dag
37;2110-GAF;-9999;-9999;Uitlaat1;ValueSeries;0.0000000000;;01-04;m3/dag
37;2110-GAF;-9999;-9999;Uitlaat1;ValueSeries;0.0000000000;;01-10;m3/dag
37;2110-GAF;-9999;-9999;Uitlaat2;ValueSeries;0.0000000000;;01-04;m3/dag
37;2110-GAF;-9999;-9999;Uitlaat2;ValueSeries;0.0000000000;;01-10;m3/dag
37;2110-GAF;-9999;-9999;Uitlaat3;ValueSeries;0.0000000000;;01-04;m3/dag
37;2110-GAF;-9999;-9999;Uitlaat3;ValueSeries;0.0000000000;;01-10;m3/dag
37;2110-GAF;-9999;-9999;Uitlaat4;ValueSeries;0.0000000000;;01-04;m3/dag
37;2110-GAF;-9999;-9999;Uitlaat4;ValueSeries;0.0000000000;;01-10;m3/dag
37;2110-GAF;-9999;-9999;Inlaat1;Local;;;;m3/dag
37;2110-GAF;-9999;-9999;Inlaat2;Local;;;;m3/dag
37;2110-GAF;-9999;-9999;Inlaat3;Local;;;;m3/dag
37;2110-GAF;-9999;-9999;Inlaat4;Local;;;;m3/dag
37;2110-GAF;-9999;-9999;Uitlaat1;Local;;;;m3/dag
37;2110-GAF;-9999;-9999;Uitlaat2;Local;;;;m3/dag
37;2110-GAF;-9999;-9999;Uitlaat3;Local;;;;m3/dag
37;2110-GAF;-9999;-9999;Uitlaat4;Local;;;;m3/dag
37;2110-GAF;-9999;-9999;Gemaal1Debiet Pomp 1;FEWS;;polder|Pompvolumes|60130_pomp_1|Vol.berekend.dag;;m3/dag
37;2110-GAF;-9999;-9999;Gemaal1Debiet Pomp 2;FEWS;;polder|Pompvolumes|60130_pomp_2|Vol.berekend.dag;;m3/dag
37;2110-GAF;-9999;-9999;Gemaal2Debiet Pomp 1;FEWS;;polder|Pompvolumes|60130_pomp_3|Vol.berekend.dag;;m3/dag
37;2110-GAF;-9999;-9999;Gemaal2Debiet Pomp 2;FEWS;;polder|Pompvolumes|60130_dieselpomp|Vol.berekend.dag;;m3/dag
37;2110-GAF;-9999;-9999;Neerslag;FEWS;;meteo_meetstation_KNMI|ImportCAW|66004cal|P.meting.dagcal;;mm/dag
37;2110-GAF;-9999;-9999;Peil;FEWS;;polder|Statistiek|60130_poldera|H.meting.gem;;mNAP
37;2110-GAF;-9999;-9999;Verdamping;FEWS;;meteo_meetstation_KNMI|ImportCAW|66002_VerdampingCAL|E.metingcal;;mm/dag
37;2110-GAF;-9999;-9999;Gemaal1Debiet Pomp 1;Local;;;;m3/dag
37;2110-GAF;-9999;-9999;Gemaal1Debiet Pomp 2;Local;;;;m3/dag
37;2110-GAF;-9999;-9999;Gemaal2Debiet Pomp 1;Local;;;;m3/dag
37;2110-GAF;-9999;-9999;Gemaal2Debiet Pomp 2;Local;;;;m3/dag
37;2110-GAF;-9999;-9999;Gemaal3Debiet Pomp 1;Local;;;;m3/dag
37;2110-GAF;-9999;-9999;Gemaal3Debiet Pomp 2;Local;;;;m3/dag
37;2110-GAF;-9999;-9999;Neerslag;Local;;;;mm/dag
37;2110-GAF;-9999;-9999;Peil;Local;;;;mNAP
37;2110-GAF;-9999;-9999;Verdamping;Local;;;;mm/dag
