;EAGID;EAGCode;BakjeID;Laagvolgorde;ClusterType;ParamType;Waarde;WaardeAlfa;StartDag;Eenheid
0;1568;2280-GAF;1568121530;2;Qkwel;Constant;-0.4;;;mm/dag
1;1568;2280-GAF;1568121531;1;Qkwel;Constant;-0.4;;;mm/dag
2;1568;2280-GAF;1568121532;2;Qkwel;Constant;-0.4;;;mm/dag
3;1568;2280-GAF;1568121536;1;Qkwel;Constant;-0.4;;;mm/dag
4;1568;2280-GAF;1568121537;2;Qkwel;Constant;-0.4;;;mm/dag
0;1568;2280-GAF;1568000000;1;Qkwel;Constant;0.15;;;mm/dag
1;1568;2280-GAF;1568000000;1;Qwegz;Constant;-0.55;;;mm/dag
0;1568;2280-GAF;1568000000;1;hTargetMax;ValueSeries;0.0;;01-05;mNAP
1;1568;2280-GAF;1568000000;1;hTargetMax;ValueSeries;0.0;;01-10;mNAP
2;1568;2280-GAF;1568000000;1;hTargetMax;ValueSeries;0.0;;15-03;mNAP
3;1568;2280-GAF;1568000000;1;hTargetMax;ValueSeries;0.0;;15-08;mNAP
4;1568;2280-GAF;1568000000;1;hTargetMin;ValueSeries;0.0;;01-05;mNAP
5;1568;2280-GAF;1568000000;1;hTargetMin;ValueSeries;0.0;;01-10;mNAP
6;1568;2280-GAF;1568000000;1;hTargetMin;ValueSeries;0.0;;15-03;mNAP
7;1568;2280-GAF;1568000000;1;hTargetMin;ValueSeries;0.0;;15-08;mNAP
0;1568;2280-GAF;-9999;-9999;Inlaat1;ValueSeries;1750.0;;01-10;m3/dag
1;1568;2280-GAF;-9999;-9999;Inlaat1;ValueSeries;1750.0;;01-04;m3/dag
2;1568;2280-GAF;-9999;-9999;Inlaat2;ValueSeries;0.0;;01-04;m3/dag
3;1568;2280-GAF;-9999;-9999;Inlaat2;ValueSeries;0.0;;01-10;m3/dag
4;1568;2280-GAF;-9999;-9999;Inlaat3;ValueSeries;0.0;;01-04;m3/dag
5;1568;2280-GAF;-9999;-9999;Inlaat3;ValueSeries;0.0;;01-10;m3/dag
6;1568;2280-GAF;-9999;-9999;Inlaat4;ValueSeries;0.0;;01-10;m3/dag
7;1568;2280-GAF;-9999;-9999;Inlaat4;ValueSeries;0.0;;01-04;m3/dag
8;1568;2280-GAF;-9999;-9999;Uitlaat1;ValueSeries;0.0;;01-10;m3/dag
9;1568;2280-GAF;-9999;-9999;Uitlaat1;ValueSeries;359.0;;01-04;m3/dag
10;1568;2280-GAF;-9999;-9999;Uitlaat2;ValueSeries;0.0;;01-04;m3/dag
11;1568;2280-GAF;-9999;-9999;Uitlaat2;ValueSeries;0.0;;01-10;m3/dag
12;1568;2280-GAF;-9999;-9999;Uitlaat3;ValueSeries;0.0;;01-04;m3/dag
13;1568;2280-GAF;-9999;-9999;Uitlaat3;ValueSeries;0.0;;01-10;m3/dag
14;1568;2280-GAF;-9999;-9999;Uitlaat4;ValueSeries;0.0;;01-10;m3/dag
15;1568;2280-GAF;-9999;-9999;Uitlaat4;ValueSeries;0.0;;01-04;m3/dag
0;1568;2280-GAF;-9999;-9999;Inlaat1;Local;;;;m3/dag
1;1568;2280-GAF;-9999;-9999;Inlaat2;Local;;;;m3/dag
2;1568;2280-GAF;-9999;-9999;Inlaat3;Local;;;;m3/dag
3;1568;2280-GAF;-9999;-9999;Inlaat4;Local;;;;m3/dag
4;1568;2280-GAF;-9999;-9999;Uitlaat1;Local;;;;m3/dag
5;1568;2280-GAF;-9999;-9999;Uitlaat2;Local;;;;m3/dag
6;1568;2280-GAF;-9999;-9999;Uitlaat3;Local;;;;m3/dag
7;1568;2280-GAF;-9999;-9999;Uitlaat4;Local;;;;m3/dag
0;1568;2280-GAF;-9999;-9999;Gemaal1Debiet Pomp 1;FEWS;;polder|Pompvolumes|60300_pomp2|Vol.berekend.dag;;m3/dag
1;1568;2280-GAF;-9999;-9999;Gemaal1Debiet Pomp 2;FEWS;;polder|Pompvolumes|60300_pomp1|Vol.berekend.dag;;m3/dag
2;1568;2280-GAF;-9999;-9999;Peil;FEWS;;polder|Statistiek|60300_polder|H.meting.gem;;mNAP
3;1568;2280-GAF;-9999;-9999;Verdamping;FEWS;;ImportCAW|66002_VerdampingCAL|E.metingcal;;mm/dag
0;1568;2280-GAF;-9999;-9999;Gemaal1Debiet Pomp 1;Local;;;;m3/dag
1;1568;2280-GAF;-9999;-9999;Gemaal1Debiet Pomp 2;Local;;;;m3/dag
2;1568;2280-GAF;-9999;-9999;Gemaal2Debiet Pomp 1;Local;;;;m3/dag
3;1568;2280-GAF;-9999;-9999;Gemaal2Debiet Pomp 2;Local;;;;m3/dag
4;1568;2280-GAF;-9999;-9999;Gemaal3Debiet Pomp 1;Local;;;;m3/dag
5;1568;2280-GAF;-9999;-9999;Gemaal3Debiet Pomp 2;Local;;;;m3/dag
6;1568;2280-GAF;-9999;-9999;Neerslag;Local;;;;mm/dag
7;1568;2280-GAF;-9999;-9999;Peil;Local;;;;mNAP
8;1568;2280-GAF;-9999;-9999;Verdamping;Local;;;;mm/dag
