;EAGID;EAGCode;BakjeID;Laagvolgorde;ClusterType;ParamType;Waarde;WaardeAlfa;StartDag;Eenheid
0;1597;3240-GAF;1597122490;2;Qkwel;Constant;-0.6327907729;;;mm/dag
1;1597;3240-GAF;1597122491;1;Qkwel;Constant;-0.68;;;mm/dag
2;1597;3240-GAF;1597122495;2;Qkwel;Constant;-0.6327907729;;;mm/dag
3;1597;3240-GAF;1597122496;1;Qkwel;Constant;-0.56;;;mm/dag
4;1597;3240-GAF;1597122500;2;Qkwel;Constant;-0.6327907729;;;mm/dag
5;1597;3240-GAF;1597122501;1;Qkwel;Constant;-0.68;;;mm/dag
0;1597;3240-GAF;1597000000;1;Qkwel;Constant;0.0;;;mm/dag
1;1597;3240-GAF;1597000000;1;Qwegz;Constant;0.6327907729;;;mm/dag
0;1597;3240-GAF;1597000000;1;hTargetMax;ValueSeries;-1.48;;01-10;mNAP
1;1597;3240-GAF;1597000000;1;hTargetMax;ValueSeries;-1.48;;15-03;mNAP
2;1597;3240-GAF;1597000000;1;hTargetMax;ValueSeries;-1.4;;01-05;mNAP
3;1597;3240-GAF;1597000000;1;hTargetMax;ValueSeries;-1.4;;15-08;mNAP
4;1597;3240-GAF;1597000000;1;hTargetMin;ValueSeries;-1.52;;01-10;mNAP
5;1597;3240-GAF;1597000000;1;hTargetMin;ValueSeries;-1.52;;15-03;mNAP
6;1597;3240-GAF;1597000000;1;hTargetMin;ValueSeries;-1.45;;01-05;mNAP
7;1597;3240-GAF;1597000000;1;hTargetMin;ValueSeries;-1.45;;15-08;mNAP
0;1597;3240-GAF;-9999;-9999;Inlaat1;ValueSeries;0.0;;01-10;m3/dag
1;1597;3240-GAF;-9999;-9999;Inlaat1;ValueSeries;0.0;;01-04;m3/dag
2;1597;3240-GAF;-9999;-9999;Inlaat2;ValueSeries;200.0;;01-04;m3/dag
3;1597;3240-GAF;-9999;-9999;Inlaat2;ValueSeries;0.0;;01-10;m3/dag
4;1597;3240-GAF;-9999;-9999;Inlaat3;ValueSeries;0.0;;01-04;m3/dag
5;1597;3240-GAF;-9999;-9999;Inlaat3;ValueSeries;0.0;;01-10;m3/dag
6;1597;3240-GAF;-9999;-9999;Inlaat4;ValueSeries;0.0;;01-10;m3/dag
7;1597;3240-GAF;-9999;-9999;Inlaat4;ValueSeries;0.0;;01-04;m3/dag
8;1597;3240-GAF;-9999;-9999;Uitlaat1;ValueSeries;0.0;;01-10;m3/dag
9;1597;3240-GAF;-9999;-9999;Uitlaat1;ValueSeries;0.0;;01-04;m3/dag
10;1597;3240-GAF;-9999;-9999;Uitlaat2;ValueSeries;0.0;;01-04;m3/dag
11;1597;3240-GAF;-9999;-9999;Uitlaat2;ValueSeries;0.0;;01-10;m3/dag
12;1597;3240-GAF;-9999;-9999;Uitlaat3;ValueSeries;0.0;;01-04;m3/dag
13;1597;3240-GAF;-9999;-9999;Uitlaat3;ValueSeries;0.0;;01-10;m3/dag
14;1597;3240-GAF;-9999;-9999;Uitlaat4;ValueSeries;0.0;;01-10;m3/dag
15;1597;3240-GAF;-9999;-9999;Uitlaat4;ValueSeries;0.0;;01-04;m3/dag
0;1597;3240-GAF;-9999;-9999;Inlaat1;Local;;;;m3/dag
1;1597;3240-GAF;-9999;-9999;Inlaat2;Local;;;;m3/dag
2;1597;3240-GAF;-9999;-9999;Inlaat3;Local;;;;m3/dag
3;1597;3240-GAF;-9999;-9999;Inlaat4;Local;;;;m3/dag
4;1597;3240-GAF;-9999;-9999;Uitlaat1;Local;;;;m3/dag
5;1597;3240-GAF;-9999;-9999;Uitlaat2;Local;;;;m3/dag
6;1597;3240-GAF;-9999;-9999;Uitlaat3;Local;;;;m3/dag
7;1597;3240-GAF;-9999;-9999;Uitlaat4;Local;;;;m3/dag
0;1597;3240-GAF;-9999;-9999;Verdamping;FEWS;;ImportCAW|66002_VerdampingCAL|E.metingcal;;mm/dag
0;1597;3240-GAF;-9999;-9999;Gemaal1Debiet Pomp 1;Local;;;;m3/dag
1;1597;3240-GAF;-9999;-9999;Gemaal1Debiet Pomp 2;Local;;;;m3/dag
2;1597;3240-GAF;-9999;-9999;Gemaal2Debiet Pomp 1;Local;;;;m3/dag
3;1597;3240-GAF;-9999;-9999;Gemaal2Debiet Pomp 2;Local;;;;m3/dag
4;1597;3240-GAF;-9999;-9999;Gemaal3Debiet Pomp 1;Local;;;;m3/dag
5;1597;3240-GAF;-9999;-9999;Gemaal3Debiet Pomp 2;Local;;;;m3/dag
6;1597;3240-GAF;-9999;-9999;Neerslag;Local;;;;mm/dag
7;1597;3240-GAF;-9999;-9999;Peil;Local;;;;mNAP
8;1597;3240-GAF;-9999;-9999;Verdamping;Local;;;;mm/dag
