;EAGID;EAGCode;BakjeID;Laagvolgorde;ClusterType;ParamType;Waarde;WaardeAlfa;StartDag;Eenheid
0;1560;2140-GAF;1560000000;-9999;ClAfstroming;-9999;20.0;;;mg/l
1;1560;2140-GAF;1560000000;-9999;ClDrain;-9999;50.0;;;mg/l
2;1560;2140-GAF;1560000000;-9999;ClKwel;-9999;80.0;;;mg/l
3;1560;2140-GAF;1560000000;-9999;ClNeerslag;-9999;6.0;;;mg/l
4;1560;2140-GAF;1560000000;-9999;ClRiolering;-9999;80.0;;;mg/l
5;1560;2140-GAF;1560000000;-9999;ClUitspoeling;-9999;40.0;;;mg/l
6;1560;2140-GAF;1560000000;-9999;ClVerhard;-9999;10.0;;;mg/l
0;1560;2140-GAF;1560057290;2;Qkwel;Constant;-0.68;;;mm/dag
1;1560;2140-GAF;1560057291;1;Qkwel;Constant;-0.68;;;mm/dag
2;1560;2140-GAF;1560057292;2;Qkwel;ValueSeries;-0.68;;01-04;mm/dag
3;1560;2140-GAF;1560057292;2;Qkwel;ValueSeries;0.0;;01-10;mm/dag
4;1560;2140-GAF;1560057295;2;Qkwel;Constant;-0.68;;;mm/dag
5;1560;2140-GAF;1560057296;1;Qkwel;Constant;-0.83;;;mm/dag
6;1560;2140-GAF;1560057300;2;Qkwel;Constant;-0.68;;;mm/dag
7;1560;2140-GAF;1560057301;1;Qkwel;Constant;-1.02;;;mm/dag
8;1560;2140-GAF;1560057305;2;Qkwel;Constant;-0.68;;;mm/dag
9;1560;2140-GAF;1560057306;1;Qkwel;Constant;-0.83;;;mm/dag
0;1560;2140-GAF;1560000000;1;Qkwel;Constant;0.0;;;mm/dag
1;1560;2140-GAF;1560000000;1;Qwegz;Constant;0.8281224331;;;mm/dag
0;1560;2140-GAF;1560000000;1;hTargetMax;ValueSeries;-1.7;;01-05;mNAP
1;1560;2140-GAF;1560000000;1;hTargetMax;ValueSeries;-1.7;;01-10;mNAP
2;1560;2140-GAF;1560000000;1;hTargetMax;ValueSeries;-1.7;;15-03;mNAP
3;1560;2140-GAF;1560000000;1;hTargetMax;ValueSeries;-1.7;;15-08;mNAP
4;1560;2140-GAF;1560000000;1;hTargetMin;ValueSeries;-1.77;;01-05;mNAP
5;1560;2140-GAF;1560000000;1;hTargetMin;ValueSeries;-1.77;;01-10;mNAP
6;1560;2140-GAF;1560000000;1;hTargetMin;ValueSeries;-1.77;;15-03;mNAP
7;1560;2140-GAF;1560000000;1;hTargetMin;ValueSeries;-1.77;;15-08;mNAP
0;1560;2140-GAF;-9999;-9999;Uitlaat1;ValueSeries;1000.0;;01-04;m3/dag
1;1560;2140-GAF;-9999;-9999;Inlaat1;ValueSeries;500.0;;01-10;m3/dag
2;1560;2140-GAF;-9999;-9999;Inlaat2;ValueSeries;750.0;;01-04;m3/dag
3;1560;2140-GAF;-9999;-9999;Inlaat2;ValueSeries;250.0;;01-10;m3/dag
4;1560;2140-GAF;-9999;-9999;Inlaat3;ValueSeries;0.0;;01-04;m3/dag
5;1560;2140-GAF;-9999;-9999;Inlaat3;ValueSeries;0.0;;01-10;m3/dag
6;1560;2140-GAF;-9999;-9999;Inlaat1;ValueSeries;1500.0;;01-04;m3/dag
7;1560;2140-GAF;-9999;-9999;Inlaat4;ValueSeries;0.0;;01-10;m3/dag
8;1560;2140-GAF;-9999;-9999;Uitlaat4;ValueSeries;0.0;;01-10;m3/dag
9;1560;2140-GAF;-9999;-9999;Uitlaat1;ValueSeries;250.0;;01-10;m3/dag
10;1560;2140-GAF;-9999;-9999;Uitlaat2;ValueSeries;0.0;;01-04;m3/dag
11;1560;2140-GAF;-9999;-9999;Uitlaat2;ValueSeries;0.0;;01-10;m3/dag
12;1560;2140-GAF;-9999;-9999;Uitlaat3;ValueSeries;0.0;;01-04;m3/dag
13;1560;2140-GAF;-9999;-9999;Uitlaat3;ValueSeries;0.0;;01-10;m3/dag
14;1560;2140-GAF;-9999;-9999;Uitlaat4;ValueSeries;0.0;;01-04;m3/dag
15;1560;2140-GAF;-9999;-9999;Inlaat4;ValueSeries;0.0;;01-04;m3/dag
