;EAGID;EAGCode;BakjeID;Laagvolgorde;ClusterType;ReeksType;ParamType;Waarde;WaardeAlfa;StartDag;EAGReeksWaardeID;BakjeReeksWaardeID;LaagReeksWaardeID
0;19656;3210-EAG-1;-9999;-9999;Gemaal;Flux;FEWS;;Pompvolumes|61001_pomp_1|Vol.berekend.dag|-999.0;;24963;-9999;-9999
1;19656;3210-EAG-1;-9999;-9999;Verdamping;Flux;FEWS;;ImportCAW|66003_VerdampingCAl|E.metingcal|-999.0;;24964;-9999;-9999
2;19656;3210-EAG-1;-9999;-9999;Neerslag;Flux;FEWS;;ImportCAW|66015cal|P.meting.dagcal|-999.0;;24965;-9999;-9999
3;19656;3210-EAG-1;-9999;-9999;Peil;Flux;FEWS;;Statistiek|70042_West|H.meting.gem|-999.0;;24966;-9999;-9999
