;EAGID;EAGCode;BakjeID;Laagvolgorde;ClusterType;ParamType;Waarde;WaardeAlfa;StartDag;Eenheid
0;1595;3220-GAF;1595000000;-9999;ClAfstroming;-9999;30.0;;;mg/l
1;1595;3220-GAF;1595000000;-9999;ClDrain;-9999;100.0;;;mg/l
2;1595;3220-GAF;1595000000;-9999;ClKwel;-9999;700.0;;;mg/l
3;1595;3220-GAF;1595000000;-9999;ClNeerslag;-9999;6.0;;;mg/l
4;1595;3220-GAF;1595000000;-9999;ClRiolering;-9999;100.0;;;mg/l
5;1595;3220-GAF;1595000000;-9999;ClUitspoeling;-9999;150.0;;;mg/l
6;1595;3220-GAF;1595000000;-9999;ClVerhard;-9999;10.0;;;mg/l
0;1595;3220-GAF;1595058290;2;Qkwel;Constant;3.38;;;mm/dag
1;1595;3220-GAF;1595058291;1;Qkwel;Constant;3.38;;;mm/dag
2;1595;3220-GAF;1595058295;2;Qkwel;Constant;3.38;;;mm/dag
3;1595;3220-GAF;1595058296;1;Qkwel;Constant;-1.2;;;mm/dag
4;1595;3220-GAF;1595058300;2;Qkwel;Constant;3.38;;;mm/dag
5;1595;3220-GAF;1595058301;1;Qkwel;Constant;-1.6;;;mm/dag
6;1595;3220-GAF;1595058305;2;Qkwel;Constant;3.38;;;mm/dag
7;1595;3220-GAF;1595058306;1;Qkwel;Constant;-0.3;;;mm/dag
0;1595;3220-GAF;1595000000;1;Qkwel;ValueSeries;126.0;;01-10;mm/dag
1;1595;3220-GAF;1595000000;1;Qkwel;ValueSeries;186.0;;01-04;mm/dag
2;1595;3220-GAF;1595000000;1;Qwegz;Constant;0.0;;;mm/dag
0;1595;3220-GAF;1595000000;1;hTargetMax;ValueSeries;-3.52;;01-05;mNAP
1;1595;3220-GAF;1595000000;1;hTargetMax;ValueSeries;-3.52;;01-10;mNAP
2;1595;3220-GAF;1595000000;1;hTargetMax;ValueSeries;-3.52;;15-03;mNAP
3;1595;3220-GAF;1595000000;1;hTargetMax;ValueSeries;-3.52;;15-08;mNAP
4;1595;3220-GAF;1595000000;1;hTargetMin;ValueSeries;-3.55;;01-05;mNAP
5;1595;3220-GAF;1595000000;1;hTargetMin;ValueSeries;-3.55;;01-10;mNAP
6;1595;3220-GAF;1595000000;1;hTargetMin;ValueSeries;-3.55;;15-03;mNAP
7;1595;3220-GAF;1595000000;1;hTargetMin;ValueSeries;-3.55;;15-08;mNAP
0;1595;3220-GAF;-9999;-9999;Uitlaat1;ValueSeries;0.0;;01-04;m3/dag
1;1595;3220-GAF;-9999;-9999;Inlaat1;ValueSeries;1558.0;;01-10;m3/dag
2;1595;3220-GAF;-9999;-9999;Inlaat2;ValueSeries;3000.0;;01-04;m3/dag
3;1595;3220-GAF;-9999;-9999;Inlaat2;ValueSeries;3000.0;;01-10;m3/dag
4;1595;3220-GAF;-9999;-9999;Inlaat3;ValueSeries;0.0;;01-04;m3/dag
5;1595;3220-GAF;-9999;-9999;Inlaat3;ValueSeries;0.0;;01-10;m3/dag
6;1595;3220-GAF;-9999;-9999;Inlaat1;ValueSeries;5189.0;;01-04;m3/dag
7;1595;3220-GAF;-9999;-9999;Inlaat4;ValueSeries;0.0;;01-10;m3/dag
8;1595;3220-GAF;-9999;-9999;Uitlaat4;ValueSeries;0.0;;01-10;m3/dag
9;1595;3220-GAF;-9999;-9999;Uitlaat1;ValueSeries;0.0;;01-10;m3/dag
10;1595;3220-GAF;-9999;-9999;Uitlaat2;ValueSeries;0.0;;01-04;m3/dag
11;1595;3220-GAF;-9999;-9999;Uitlaat2;ValueSeries;0.0;;01-10;m3/dag
12;1595;3220-GAF;-9999;-9999;Uitlaat3;ValueSeries;0.0;;01-04;m3/dag
13;1595;3220-GAF;-9999;-9999;Uitlaat3;ValueSeries;0.0;;01-10;m3/dag
14;1595;3220-GAF;-9999;-9999;Uitlaat4;ValueSeries;0.0;;01-04;m3/dag
15;1595;3220-GAF;-9999;-9999;Inlaat4;ValueSeries;0.0;;01-04;m3/dag
