;EAGID;EAGCode;BakjeID;Laagvolgorde;ClusterType;ReeksType;ParamType;Waarde;WaardeAlfa;StartDag;EAGReeksWaardeID;BakjeReeksWaardeID;LaagReeksWaardeID
0;19714;3360-EAG-11;-9999;-9999;Verdamping;Flux;FEWS;;ImportCAW|66003_VerdampingCAl|E.metingcal|-999.0;;25260;-9999;-9999
1;19714;3360-EAG-11;-9999;-9999;Neerslag;Flux;FEWS;;ImportCAW|66014cal|P.meting.dagcal|-999.0;;25261;-9999;-9999
0;19714;3360-EAG-11;16436;-9999;ClVerhard;Cl;-9999;10;;;-9999;844;-9999
1;19714;3360-EAG-11;16436;-9999;ClRiolering;Cl;-9999;100;;;-9999;845;-9999
2;19714;3360-EAG-11;16436;-9999;ClDrain;Cl;-9999;150;;;-9999;846;-9999
3;19714;3360-EAG-11;16436;-9999;ClUitspoeling;Cl;-9999;30;;;-9999;847;-9999
4;19714;3360-EAG-11;16436;-9999;ClAfstroming;Cl;-9999;10;;;-9999;848;-9999
0;19714;3360-EAG-11;16435;1;Qkwel;Flux;ValueSeries;1.87;;01-04;-9999;-9999;9089
1;19714;3360-EAG-11;16435;1;Qkwel;Flux;ValueSeries;2.36;;01-10;-9999;-9999;9090
2;19714;3360-EAG-11;16436;1;Qkwel;Cl;Constant;50.0;;;-9999;-9999;9091
3;19714;3360-EAG-11;16436;1;Qkwel;Flux;ValueSeries;3.37;;01-04;-9999;-9999;9092
4;19714;3360-EAG-11;16436;1;Qkwel;Flux;ValueSeries;3.86;;01-10;-9999;-9999;9094
5;19714;3360-EAG-11;16436;1;Qwegz;Flux;ValueSeries;1.5;;01-04;-9999;-9999;9093
6;19714;3360-EAG-11;16436;1;Qwegz;Flux;ValueSeries;1.5;;01-10;-9999;-9999;9095
