;EAGID;EAGCode;BakjeID;Laagvolgorde;ClusterType;ReeksType;ParamType;Waarde;WaardeAlfa;StartDag;EAGReeksWaardeID;BakjeReeksWaardeID;LaagReeksWaardeID
0;19626;2630-EAG-1;-9999;-9999;Gemaal;Flux;FEWS;;Pompvolumes|60050_pomp_1|Vol.berekend.dag|-999.0;;24684;-9999;-9999
1;19626;2630-EAG-1;-9999;-9999;Gemaal;Flux;FEWS;;Pompvolumes|60050_pomp_2|Vol.berekend.dag|-999.0;;24685;-9999;-9999
2;19626;2630-EAG-1;-9999;-9999;Inlaat;Flux;FEWS;;Inlaatvolume|60051_debiet|Vol.berekend.dag|-999.0;;24686;-9999;-9999
3;19626;2630-EAG-1;-9999;-9999;Verdamping;Flux;FEWS;;ImportCAW|66002_VerdampingCAL|E.metingcal|-999.0;;24687;-9999;-9999
4;19626;2630-EAG-1;-9999;-9999;Neerslag;Flux;FEWS;;ImportCAW|66017cal|P.meting.dagcal|-999.0;;24688;-9999;-9999
