;EAGID;EAGCode;BakjeID;Laagvolgorde;ClusterType;ParamType;Waarde;WaardeAlfa;StartDag
0;1606;4200-GAF;1606000000;-9999;ClAfstroming;-9999;50.0;;
1;1606;4200-GAF;1606000000;-9999;ClDrain;-9999;120.0;;
2;1606;4200-GAF;1606000000;-9999;ClKwel;-9999;500.0;;
3;1606;4200-GAF;1606000000;-9999;ClNeerslag;-9999;6.0;;
4;1606;4200-GAF;1606000000;-9999;ClRiolering;-9999;100.0;;
5;1606;4200-GAF;1606000000;-9999;ClUitspoeling;-9999;400.0;;
6;1606;4200-GAF;1606000000;-9999;ClVerhard;-9999;10.0;;
0;1606;4200-GAF;1606046610;1;Qkwel;Constant;0.3207897617;;
1;1606;4200-GAF;1606046611;1;Qkwel;Constant;0.3;;
2;1606;4200-GAF;1606046615;1;Qkwel;Constant;0.3207897617;;
3;1606;4200-GAF;1606046616;1;Qkwel;Constant;2.0;;
4;1606;4200-GAF;1606046620;1;Qkwel;Constant;0.3207897617;;
5;1606;4200-GAF;1606046621;1;Qkwel;Constant;-0.2;;
6;1606;4200-GAF;1606046625;1;Qkwel;Constant;0.3207897617;;
7;1606;4200-GAF;1606046626;1;Qkwel;Constant;-0.5;;
0;1606;4200-GAF;1606000000;1;Qkwel;Constant;0.3207897617;;
1;1606;4200-GAF;1606000000;1;Qwegz;Constant;0.0;;
0;1606;4200-GAF;1606000000;1;hTargetMax;ValueSeries;-2.1;;01-10
1;1606;4200-GAF;1606000000;1;hTargetMax;ValueSeries;-2.1;;15-03
2;1606;4200-GAF;1606000000;1;hTargetMax;ValueSeries;-2.08;;01-05
3;1606;4200-GAF;1606000000;1;hTargetMax;ValueSeries;-2.08;;15-08
4;1606;4200-GAF;1606000000;1;hTargetMin;ValueSeries;-2.12;;01-10
5;1606;4200-GAF;1606000000;1;hTargetMin;ValueSeries;-2.12;;15-03
6;1606;4200-GAF;1606000000;1;hTargetMin;ValueSeries;-2.1;;01-05
7;1606;4200-GAF;1606000000;1;hTargetMin;ValueSeries;-2.1;;15-08
