;EAGID;EAGCode;BakjeID;Laagvolgorde;ClusterType;ReeksType;ParamType;Waarde;WaardeAlfa;StartDag;EAGReeksWaardeID;BakjeReeksWaardeID;LaagReeksWaardeID
0;19677;3300-EAG-12;-9999;-9999;Gemaal;Flux;FEWS;;Pompvolumes|62018_pomp_1|Vol.berekend.dag|-999.0;;25087;-9999;-9999
1;19677;3300-EAG-12;-9999;-9999;Verdamping;Flux;FEWS;;ImportCAW|66003_VerdampingCAl|E.metingcal|-999.0;;25088;-9999;-9999
2;19677;3300-EAG-12;-9999;-9999;Neerslag;Flux;FEWS;;ImportCAW|66009cal|P.meting.dagcal|-999.0;;25089;-9999;-9999
3;19677;3300-EAG-12;-9999;-9999;Peil;Flux;FEWS;;Statistiek|70028_Oost|H.meting.gem|-999.0;;25090;-9999;-9999
4;19677;3300-EAG-12;-9999;-9999;Peil;Flux;FEWS;;Statistiek|70043_Polderpeil|H.meting.gem|-999.0;;25091;-9999;-9999
