;EAGID;EAGCode;BakjeID;Laagvolgorde;ClusterType;ReeksType;ParamType;Waarde;WaardeAlfa;StartDag;EAGReeksWaardeID;BakjeReeksWaardeID;LaagReeksWaardeID
0;19524;2140-EAG-3;-9999;-9999;Uitlaat;Flux;ValueSeries;500.0;;01-04;24518;-9999;-9999
1;19524;2140-EAG-3;-9999;-9999;Uitlaat;Flux;ValueSeries;500.0;;01-10;24519;-9999;-9999
2;19524;2140-EAG-3;-9999;-9999;Verdamping;Flux;FEWS;;ImportCAW|66002_VerdampingCAL|E.metingcal|-999.0;;24750;-9999;-9999
3;19524;2140-EAG-3;-9999;-9999;Neerslag;Flux;FEWS;;ImportCAW|66004cal|P.meting.dagcal|-999.0;;24751;-9999;-9999
0;19524;2140-EAG-3;16340;-9999;ClVerhard;Cl;-9999;20.0;;;-9999;709;-9999
1;19524;2140-EAG-3;16340;-9999;ClRiolering;Cl;-9999;100.0;;;-9999;710;-9999
2;19524;2140-EAG-3;16340;-9999;ClDrain;Cl;-9999;30.0;;;-9999;711;-9999
3;19524;2140-EAG-3;16340;-9999;ClUitspoeling;Cl;-9999;20.0;;;-9999;712;-9999
4;19524;2140-EAG-3;16340;-9999;ClAfstroming;Cl;-9999;20.0;;;-9999;713;-9999
0;19524;2140-EAG-3;16338;2;Qkwel;Flux;Constant;-0.83;;;-9999;-9999;8931
1;19524;2140-EAG-3;16339;1;Qkwel;Flux;Constant;-0.83;;;-9999;-9999;8932
2;19524;2140-EAG-3;16340;1;Qkwel;Flux;Constant;0.0;;;-9999;-9999;8933
3;19524;2140-EAG-3;16340;1;Qkwel;Cl;Constant;100.0;;;-9999;-9999;8934
4;19524;2140-EAG-3;16340;1;Qwegz;Flux;Constant;0.83;;;-9999;-9999;8935
