;EAGID;EAGCode;BakjeID;Laagvolgorde;ClusterType;ReeksType;ParamType;Waarde;WaardeAlfa;StartDag;EAGReeksWaardeID;BakjeReeksWaardeID;LaagReeksWaardeID
0;19788;6110-EAG-1;-9999;-9999;Gemaal;Flux;FEWS;;Pompvolumes|62103_Pomp_1_bedrijf|Vol.berekend.dag|-999.0;;25352;-9999;-9999
1;19788;6110-EAG-1;-9999;-9999;Gemaal;Flux;FEWS;;Pompvolumes|62103_Pomp_2_bedrijf|Vol.berekend.dag|-999.0;;25353;-9999;-9999
2;19788;6110-EAG-1;-9999;-9999;Gemaal;Flux;FEWS;;Pompvolumes|64291_pomp_2|Vol.berekend.dag|-999.0;;25354;-9999;-9999
3;19788;6110-EAG-1;-9999;-9999;Gemaal;Flux;FEWS;;Pompvolumes|64291_pomp_3|Vol.berekend.dag|-999.0;;25355;-9999;-9999
4;19788;6110-EAG-1;-9999;-9999;Verdamping;Flux;FEWS;;ImportCAW|66002_VerdampingCAL|E.metingcal|-999.0;;25356;-9999;-9999
5;19788;6110-EAG-1;-9999;-9999;Neerslag;Flux;FEWS;;ImportCAW|66016cal|P.meting.dagcal|-999.0;;25357;-9999;-9999
6;19788;6110-EAG-1;-9999;-9999;Peil;Flux;FEWS;;Statistiek|68558_polder_1_meting_1|H.meting.gem|-999.0;;25358;-9999;-9999
