;EAGID;EAGCode;BakjeID;Laagvolgorde;ClusterType;ParamType;Waarde;WaardeAlfa;StartDag;Eenheid
0;1504;6590-EAG-1;1504000000;-9999;ClAfstroming;-9999;30.0;;;mg/l
1;1504;6590-EAG-1;1504000000;-9999;ClDrain;-9999;100.0;;;mg/l
2;1504;6590-EAG-1;1504000000;-9999;ClKwel;-9999;400.0;;;mg/l
3;1504;6590-EAG-1;1504000000;-9999;ClNeerslag;-9999;6.0;;;mg/l
4;1504;6590-EAG-1;1504000000;-9999;ClRiolering;-9999;100.0;;;mg/l
5;1504;6590-EAG-1;1504000000;-9999;ClUitspoeling;-9999;250.0;;;mg/l
6;1504;6590-EAG-1;1504000000;-9999;ClVerhard;-9999;10.0;;;mg/l
0;1504;6590-EAG-1;1504059470;2;Qkwel;Constant;0.0;;;mm/dag
1;1504;6590-EAG-1;1504059471;1;Qkwel;Constant;0.4;;;mm/dag
0;1504;6590-EAG-1;1504000000;1;Qkwel;Constant;3.0;;;mm/dag
1;1504;6590-EAG-1;1504000000;1;Qwegz;Constant;0.0;;;mm/dag
0;1504;6590-EAG-1;1504000000;1;hTargetMax;ValueSeries;-2.13;;01-10;mNAP
1;1504;6590-EAG-1;1504000000;1;hTargetMax;ValueSeries;-2.13;;15-03;mNAP
2;1504;6590-EAG-1;1504000000;1;hTargetMax;ValueSeries;-2.08;;01-05;mNAP
3;1504;6590-EAG-1;1504000000;1;hTargetMax;ValueSeries;-2.08;;15-08;mNAP
4;1504;6590-EAG-1;1504000000;1;hTargetMin;ValueSeries;-2.17;;01-10;mNAP
5;1504;6590-EAG-1;1504000000;1;hTargetMin;ValueSeries;-2.17;;15-03;mNAP
6;1504;6590-EAG-1;1504000000;1;hTargetMin;ValueSeries;-2.12;;01-05;mNAP
7;1504;6590-EAG-1;1504000000;1;hTargetMin;ValueSeries;-2.12;;15-08;mNAP
0;1504;6590-EAG-1;-9999;-9999;Uitlaat1;ValueSeries;0.0;;01-04;m3/dag
1;1504;6590-EAG-1;-9999;-9999;Inlaat1;ValueSeries;0.0;;01-10;m3/dag
2;1504;6590-EAG-1;-9999;-9999;Inlaat2;ValueSeries;5.0;;01-04;m3/dag
3;1504;6590-EAG-1;-9999;-9999;Inlaat2;ValueSeries;5.0;;01-10;m3/dag
4;1504;6590-EAG-1;-9999;-9999;Inlaat3;ValueSeries;0.0;;01-04;m3/dag
5;1504;6590-EAG-1;-9999;-9999;Inlaat3;ValueSeries;0.0;;01-10;m3/dag
6;1504;6590-EAG-1;-9999;-9999;Inlaat1;ValueSeries;0.0;;01-04;m3/dag
7;1504;6590-EAG-1;-9999;-9999;Inlaat4;ValueSeries;0.0;;01-10;m3/dag
8;1504;6590-EAG-1;-9999;-9999;Uitlaat4;ValueSeries;0.0;;01-10;m3/dag
9;1504;6590-EAG-1;-9999;-9999;Uitlaat1;ValueSeries;0.0;;01-10;m3/dag
10;1504;6590-EAG-1;-9999;-9999;Uitlaat2;ValueSeries;0.0;;01-04;m3/dag
11;1504;6590-EAG-1;-9999;-9999;Uitlaat2;ValueSeries;0.0;;01-10;m3/dag
12;1504;6590-EAG-1;-9999;-9999;Uitlaat3;ValueSeries;0.0;;01-04;m3/dag
13;1504;6590-EAG-1;-9999;-9999;Uitlaat3;ValueSeries;0.0;;01-10;m3/dag
14;1504;6590-EAG-1;-9999;-9999;Uitlaat4;ValueSeries;0.0;;01-04;m3/dag
15;1504;6590-EAG-1;-9999;-9999;Inlaat4;ValueSeries;0.0;;01-04;m3/dag
