;EAGID;EAGCode;BakjeID;Laagvolgorde;ClusterType;ReeksType;ParamType;Waarde;WaardeAlfa;StartDag;EAGReeksWaardeID;BakjeReeksWaardeID;LaagReeksWaardeID
0;19720;3360-EAG-17;-9999;-9999;Verdamping;Flux;FEWS;;ImportCAW|66003_VerdampingCAl|E.metingcal|-999.0;;25271;-9999;-9999
1;19720;3360-EAG-17;-9999;-9999;Neerslag;Flux;FEWS;;ImportCAW|66011cal|P.meting.dagcal|-999.0;;25272;-9999;-9999
2;19720;3360-EAG-17;-9999;-9999;Peil;Flux;FEWS;;Statistiek|70013_Polderpeil|H.meting.gem|-999.0;;25273;-9999;-9999
3;19720;3360-EAG-17;-9999;-9999;Peil;Flux;FEWS;;Statistiek|70017_Polderpeil|H.meting.gem|-999.0;;25274;-9999;-9999
4;19720;3360-EAG-17;-9999;-9999;Peil;Flux;FEWS;;Statistiek|70024_Polderpeil|H.meting.gem|-999.0;;25275;-9999;-9999
5;19720;3360-EAG-17;-9999;-9999;Peil;Flux;FEWS;;Statistiek|70025_Polderpeil|H.meting.gem|-999.0;;25276;-9999;-9999
0;19720;3360-EAG-17;16457;-9999;ClVerhard;Cl;-9999;10;;;-9999;874;-9999
1;19720;3360-EAG-17;16457;-9999;ClRiolering;Cl;-9999;100;;;-9999;875;-9999
2;19720;3360-EAG-17;16457;-9999;ClDrain;Cl;-9999;100;;;-9999;876;-9999
3;19720;3360-EAG-17;16457;-9999;ClUitspoeling;Cl;-9999;20;;;-9999;877;-9999
4;19720;3360-EAG-17;16457;-9999;ClAfstroming;Cl;-9999;20;;;-9999;878;-9999
0;19720;3360-EAG-17;16452;2;Qkwel;Flux;Constant;0.0;;;-9999;-9999;9136
1;19720;3360-EAG-17;16453;1;Qkwel;Flux;ValueSeries;1.25;;01-04;-9999;-9999;9137
2;19720;3360-EAG-17;16453;1;Qkwel;Flux;ValueSeries;1.35;;01-10;-9999;-9999;9138
3;19720;3360-EAG-17;16454;1;Qkwel;Flux;Constant;0.0;;;-9999;-9999;9139
4;19720;3360-EAG-17;16455;1;Qkwel;Flux;Constant;0.0;;;-9999;-9999;9140
5;19720;3360-EAG-17;16456;1;Qkwel;Flux;Constant;0.0;;;-9999;-9999;9141
6;19720;3360-EAG-17;16457;1;Qkwel;Cl;Constant;10.0;;;-9999;-9999;9142
7;19720;3360-EAG-17;16457;1;Qkwel;Flux;ValueSeries;1.25;;01-04;-9999;-9999;9143
8;19720;3360-EAG-17;16457;1;Qkwel;Flux;ValueSeries;1.35;;01-10;-9999;-9999;9145
9;19720;3360-EAG-17;16457;1;Qwegz;Flux;ValueSeries;0.0;;01-04;-9999;-9999;9144
10;19720;3360-EAG-17;16457;1;Qwegz;Flux;ValueSeries;0.0;;01-10;-9999;-9999;9146
