;EAGID;EAGCode;BakjeID;Laagvolgorde;ClusterType;ParamType;Waarde;WaardeAlfa;StartDag
0;1402;3360-EAG-15;1402000000;-9999;ClAfstroming;-9999;10.0;;
1;1402;3360-EAG-15;1402000000;-9999;ClDrain;-9999;150.0;;
2;1402;3360-EAG-15;1402000000;-9999;ClKwel;-9999;20.0;;
3;1402;3360-EAG-15;1402000000;-9999;ClNeerslag;-9999;6.0;;
4;1402;3360-EAG-15;1402000000;-9999;ClRiolering;-9999;100.0;;
5;1402;3360-EAG-15;1402000000;-9999;ClUitspoeling;-9999;20.0;;
6;1402;3360-EAG-15;1402000000;-9999;ClVerhard;-9999;10.0;;
0;1402;3360-EAG-15;1402046456;1;Qkwel;Constant;0.6;;
1;1402;3360-EAG-15;1402046461;1;Qkwel;ValueSeries;-1.36;;01-04
2;1402;3360-EAG-15;1402046461;1;Qkwel;ValueSeries;-0.64;;01-10
0;1402;3360-EAG-15;1402000000;1;Qkwel;Constant;0.0;;
1;1402;3360-EAG-15;1402000000;1;Qwegz;ValueSeries;0.02;;01-10
2;1402;3360-EAG-15;1402000000;1;Qwegz;ValueSeries;0.38;;01-04
0;1402;3360-EAG-15;1402000000;1;hTargetMax;ValueSeries;-0.73;;01-10
1;1402;3360-EAG-15;1402000000;1;hTargetMax;ValueSeries;-0.73;;15-03
2;1402;3360-EAG-15;1402000000;1;hTargetMax;ValueSeries;-0.72;;01-05
3;1402;3360-EAG-15;1402000000;1;hTargetMax;ValueSeries;-0.72;;15-08
4;1402;3360-EAG-15;1402000000;1;hTargetMin;ValueSeries;-0.77;;01-10
5;1402;3360-EAG-15;1402000000;1;hTargetMin;ValueSeries;-0.77;;15-03
6;1402;3360-EAG-15;1402000000;1;hTargetMin;ValueSeries;-0.68;;01-05
7;1402;3360-EAG-15;1402000000;1;hTargetMin;ValueSeries;-0.68;;15-08
