;EAGID;EAGCode;BakjeID;Laagvolgorde;ClusterType;ReeksType;ParamType;Waarde;WaardeAlfa;StartDag;EAGReeksWaardeID;BakjeReeksWaardeID;LaagReeksWaardeID
0;19715;3360-EAG-12;-9999;-9999;Verdamping;Flux;FEWS;;ImportCAW|66003_VerdampingCAl|E.metingcal|-999.0;;25262;-9999;-9999
1;19715;3360-EAG-12;-9999;-9999;Neerslag;Flux;FEWS;;ImportCAW|66011cal|P.meting.dagcal|-999.0;;25263;-9999;-9999
2;19715;3360-EAG-12;-9999;-9999;Peil;Flux;FEWS;;Statistiek|70938_West|H.meting.gem|-999.0;;25264;-9999;-9999
0;19715;3360-EAG-12;16438;-9999;ClVerhard;Cl;-9999;10;;;-9999;849;-9999
1;19715;3360-EAG-12;16438;-9999;ClRiolering;Cl;-9999;100;;;-9999;850;-9999
2;19715;3360-EAG-12;16438;-9999;ClDrain;Cl;-9999;150;;;-9999;851;-9999
3;19715;3360-EAG-12;16438;-9999;ClUitspoeling;Cl;-9999;30;;;-9999;852;-9999
4;19715;3360-EAG-12;16438;-9999;ClAfstroming;Cl;-9999;10;;;-9999;853;-9999
0;19715;3360-EAG-12;16437;1;Qkwel;Flux;ValueSeries;-0.4641531112;;01-04;-9999;-9999;9096
1;19715;3360-EAG-12;16437;1;Qkwel;Flux;ValueSeries;-1.179291864;;01-10;-9999;-9999;9097
2;19715;3360-EAG-12;16438;1;Qkwel;Cl;Constant;30.0;;;-9999;-9999;9098
3;19715;3360-EAG-12;16438;1;Qkwel;Flux;ValueSeries;0.0;;01-04;-9999;-9999;9099
4;19715;3360-EAG-12;16438;1;Qkwel;Flux;ValueSeries;0.0;;01-10;-9999;-9999;9101
5;19715;3360-EAG-12;16438;1;Qwegz;Flux;ValueSeries;0.4641531112;;01-04;-9999;-9999;9100
6;19715;3360-EAG-12;16438;1;Qwegz;Flux;ValueSeries;1.179291864;;01-10;-9999;-9999;9102
