;EAGID;EAGCode;BakjeID;Laagvolgorde;ClusterType;ReeksType;ParamType;Waarde;WaardeAlfa;StartDag;EAGReeksWaardeID;BakjeReeksWaardeID;LaagReeksWaardeID
0;19792;6430-EAG-1;-9999;-9999;Gemaal;Flux;FEWS;;Pompvolumes|60170_pomp_1|Vol.berekend.dag|-999.0;;24833;-9999;-9999
1;19792;6430-EAG-1;-9999;-9999;Verdamping;Flux;FEWS;;ImportCAW|66002_VerdampingCAL|E.metingcal|-999.0;;24834;-9999;-9999
2;19792;6430-EAG-1;-9999;-9999;Neerslag;Flux;FEWS;;ImportCAW|66005cal|P.meting.dagcal|-999.0;;24835;-9999;-9999
3;19792;6430-EAG-1;-9999;-9999;Peil;Flux;FEWS;;Statistiek|70308_Reservaatpeil|H.meting.gem|-999.0;;24836;-9999;-9999
