;EAGID;EAGCode;BakjeID;Laagvolgorde;ClusterType;ParamType;Waarde;WaardeAlfa;StartDag
0;1575;2410-GAF;1575000000;-9999;ClAfstroming;-9999;25.0;;
1;1575;2410-GAF;1575000000;-9999;ClDrain;-9999;70.0;;
2;1575;2410-GAF;1575000000;-9999;ClKwel;-9999;400.0;;
3;1575;2410-GAF;1575000000;-9999;ClNeerslag;-9999;6.0;;
4;1575;2410-GAF;1575000000;-9999;ClRiolering;-9999;100.0;;
5;1575;2410-GAF;1575000000;-9999;ClUitspoeling;-9999;50.0;;
6;1575;2410-GAF;1575000000;-9999;ClVerhard;-9999;10.0;;
0;1575;2410-GAF;1575045875;1;Qkwel;Constant;0.0;;
1;1575;2410-GAF;1575045876;1;Qkwel;Constant;-0.33;;
2;1575;2410-GAF;1575045880;1;Qkwel;Constant;0.0;;
3;1575;2410-GAF;1575045881;1;Qkwel;Constant;-0.2;;
4;1575;2410-GAF;1575045882;1;Qkwel;Constant;0.0;;
5;1575;2410-GAF;1575045885;1;Qkwel;Constant;0.0;;
6;1575;2410-GAF;1575045887;1;Qkwel;Constant;0.0;;
0;1575;2410-GAF;1575000000;1;Qkwel;Constant;0.0;;
1;1575;2410-GAF;1575000000;1;Qwegz;Constant;0.5;;
0;1575;2410-GAF;1575000000;1;hTargetMax;ValueSeries;-3.28;;01-05
1;1575;2410-GAF;1575000000;1;hTargetMax;ValueSeries;-3.28;;01-10
2;1575;2410-GAF;1575000000;1;hTargetMax;ValueSeries;-3.28;;15-03
3;1575;2410-GAF;1575000000;1;hTargetMax;ValueSeries;-3.28;;15-08
4;1575;2410-GAF;1575000000;1;hTargetMin;ValueSeries;-3.32;;01-05
5;1575;2410-GAF;1575000000;1;hTargetMin;ValueSeries;-3.32;;01-10
6;1575;2410-GAF;1575000000;1;hTargetMin;ValueSeries;-3.32;;15-03
7;1575;2410-GAF;1575000000;1;hTargetMin;ValueSeries;-3.32;;15-08
