;EAGID;EAGCode;BakjeID;Laagvolgorde;ClusterType;ReeksType;ParamType;Waarde;WaardeAlfa;StartDag;EAGReeksWaardeID;BakjeReeksWaardeID;LaagReeksWaardeID
0;19820;6590-EAG-1;-9999;-9999;Inlaat;Flux;ValueSeries;5.0;;01-04;24548;-9999;-9999
1;19820;6590-EAG-1;-9999;-9999;Inlaat;Flux;ValueSeries;5.0;;01-10;24549;-9999;-9999
2;19820;6590-EAG-1;-9999;-9999;Gemaal;Flux;FEWS;;Pompvolumes|62094_Bedrijf_pomp_1|Vol.berekend.dag|-999.0;;25348;-9999;-9999
3;19820;6590-EAG-1;-9999;-9999;Gemaal;Flux;FEWS;;Pompvolumes|62094_Bedrijf_pomp_2|Vol.berekend.dag|-999.0;;25349;-9999;-9999
4;19820;6590-EAG-1;-9999;-9999;Verdamping;Flux;FEWS;;ImportCAW|66003_VerdampingCAl|E.metingcal|-999.0;;25350;-9999;-9999
5;19820;6590-EAG-1;-9999;-9999;Neerslag;Flux;FEWS;;ImportCAW|66015cal|P.meting.dagcal|-999.0;;25351;-9999;-9999
0;19820;6590-EAG-1;16509;-9999;ClVerhard;Cl;-9999;10.0;;;-9999;969;-9999
1;19820;6590-EAG-1;16509;-9999;ClRiolering;Cl;-9999;100.0;;;-9999;970;-9999
2;19820;6590-EAG-1;16509;-9999;ClDrain;Cl;-9999;100.0;;;-9999;971;-9999
3;19820;6590-EAG-1;16509;-9999;ClUitspoeling;Cl;-9999;250.0;;;-9999;972;-9999
4;19820;6590-EAG-1;16509;-9999;ClAfstroming;Cl;-9999;30.0;;;-9999;973;-9999
0;19820;6590-EAG-1;16506;2;Qkwel;Flux;Constant;0.0;;;-9999;-9999;9268
1;19820;6590-EAG-1;16508;1;Qkwel;Flux;Constant;0.4;;;-9999;-9999;9269
2;19820;6590-EAG-1;16509;1;Qkwel;Flux;Constant;3.0;;;-9999;-9999;9270
3;19820;6590-EAG-1;16509;1;Qkwel;Cl;Constant;400.0;;;-9999;-9999;9271
4;19820;6590-EAG-1;16509;1;Qwegz;Flux;Constant;0.0;;;-9999;-9999;9272
