;EAGID;EAGCode;BakjeID;Laagvolgorde;ClusterType;ReeksType;ParamType;Waarde;WaardeAlfa;StartDag;EAGReeksWaardeID;BakjeReeksWaardeID;LaagReeksWaardeID
0;19609;2550-EAG-5;-9999;-9999;Gemaal;Flux;FEWS;;Pompvolumes|60195_pomp_1|Vol.berekend.dag|-999.0;;24866;-9999;-9999
1;19609;2550-EAG-5;-9999;-9999;Gemaal;Flux;FEWS;;Pompvolumes|60195_pomp_2|Vol.berekend.dag|-999.0;;24867;-9999;-9999
2;19609;2550-EAG-5;-9999;-9999;Verdamping;Flux;FEWS;;ImportCAW|66002_VerdampingCAL|E.metingcal|-999.0;;24868;-9999;-9999
3;19609;2550-EAG-5;-9999;-9999;Neerslag;Flux;FEWS;;ImportCAW|66005cal|P.meting.dagcal|-999.0;;24869;-9999;-9999
