;EAGID;EAGCode;BakjeID;Laagvolgorde;ClusterType;ParamType;Waarde;WaardeAlfa;StartDag;Eenheid
0;1617;6550-GAF;1617000000;-9999;ClAfstroming;-9999;35.0;;;mg/l
1;1617;6550-GAF;1617000000;-9999;ClDrain;-9999;90.0;;;mg/l
2;1617;6550-GAF;1617000000;-9999;ClKwel;-9999;95.0;;;mg/l
3;1617;6550-GAF;1617000000;-9999;ClNeerslag;-9999;6.0;;;mg/l
4;1617;6550-GAF;1617000000;-9999;ClRiolering;-9999;100.0;;;mg/l
5;1617;6550-GAF;1617000000;-9999;ClUitspoeling;-9999;60.0;;;mg/l
6;1617;6550-GAF;1617000000;-9999;ClVerhard;-9999;25.0;;;mg/l
0;1617;6550-GAF;1617059450;2;Qkwel;Constant;0.5;;;mm/dag
1;1617;6550-GAF;1617059451;1;Qkwel;Constant;0.5;;;mm/dag
2;1617;6550-GAF;1617059455;2;Qkwel;Constant;0.5;;;mm/dag
3;1617;6550-GAF;1617059456;1;Qkwel;Constant;0.5;;;mm/dag
4;1617;6550-GAF;1617059460;2;Qkwel;Constant;0.5;;;mm/dag
5;1617;6550-GAF;1617059465;2;Qkwel;Constant;0.5;;;mm/dag
0;1617;6550-GAF;1617000000;1;Qkwel;Constant;0.5;;;mm/dag
1;1617;6550-GAF;1617000000;1;Qwegz;Constant;0.0;;;mm/dag
0;1617;6550-GAF;1617000000;1;hTargetMax;ValueSeries;-1.7;;01-10;mNAP
1;1617;6550-GAF;1617000000;1;hTargetMax;ValueSeries;-1.7;;15-03;mNAP
2;1617;6550-GAF;1617000000;1;hTargetMax;ValueSeries;-1.55;;01-05;mNAP
3;1617;6550-GAF;1617000000;1;hTargetMax;ValueSeries;-1.55;;15-08;mNAP
4;1617;6550-GAF;1617000000;1;hTargetMin;ValueSeries;-1.65;;01-10;mNAP
5;1617;6550-GAF;1617000000;1;hTargetMin;ValueSeries;-1.65;;15-03;mNAP
6;1617;6550-GAF;1617000000;1;hTargetMin;ValueSeries;-1.51;;01-05;mNAP
7;1617;6550-GAF;1617000000;1;hTargetMin;ValueSeries;-1.51;;15-08;mNAP
0;1617;6550-GAF;-9999;-9999;Uitlaat1;ValueSeries;0.0;;01-04;m3/dag
1;1617;6550-GAF;-9999;-9999;Inlaat1;ValueSeries;0.0;;01-10;m3/dag
2;1617;6550-GAF;-9999;-9999;Inlaat2;ValueSeries;0.0;;01-04;m3/dag
3;1617;6550-GAF;-9999;-9999;Inlaat2;ValueSeries;0.0;;01-10;m3/dag
4;1617;6550-GAF;-9999;-9999;Inlaat3;ValueSeries;0.0;;01-04;m3/dag
5;1617;6550-GAF;-9999;-9999;Inlaat3;ValueSeries;0.0;;01-10;m3/dag
6;1617;6550-GAF;-9999;-9999;Inlaat1;ValueSeries;0.0;;01-04;m3/dag
7;1617;6550-GAF;-9999;-9999;Inlaat4;ValueSeries;0.0;;01-10;m3/dag
8;1617;6550-GAF;-9999;-9999;Uitlaat4;ValueSeries;0.0;;01-10;m3/dag
9;1617;6550-GAF;-9999;-9999;Uitlaat1;ValueSeries;0.0;;01-10;m3/dag
10;1617;6550-GAF;-9999;-9999;Uitlaat2;ValueSeries;0.0;;01-04;m3/dag
11;1617;6550-GAF;-9999;-9999;Uitlaat2;ValueSeries;0.0;;01-10;m3/dag
12;1617;6550-GAF;-9999;-9999;Uitlaat3;ValueSeries;0.0;;01-04;m3/dag
13;1617;6550-GAF;-9999;-9999;Uitlaat3;ValueSeries;0.0;;01-10;m3/dag
14;1617;6550-GAF;-9999;-9999;Uitlaat4;ValueSeries;0.0;;01-04;m3/dag
15;1617;6550-GAF;-9999;-9999;Inlaat4;ValueSeries;0.0;;01-04;m3/dag
