;EAGID;EAGCode;BakjeID;Laagvolgorde;ClusterType;ParamType;Waarde;WaardeAlfa;StartDag
0;1597;3240-GAF;1597000000;-9999;ClAfstroming;-9999;20.0;;
1;1597;3240-GAF;1597000000;-9999;ClDrain;-9999;50.0;;
2;1597;3240-GAF;1597000000;-9999;ClKwel;-9999;30.0;;
3;1597;3240-GAF;1597000000;-9999;ClNeerslag;-9999;6.0;;
4;1597;3240-GAF;1597000000;-9999;ClRiolering;-9999;100.0;;
5;1597;3240-GAF;1597000000;-9999;ClUitspoeling;-9999;30.0;;
6;1597;3240-GAF;1597000000;-9999;ClVerhard;-9999;50.0;;
0;1597;3240-GAF;1597046335;1;Qkwel;Constant;0.0;;
1;1597;3240-GAF;1597046336;1;Qkwel;Constant;-0.68;;
2;1597;3240-GAF;1597046340;1;Qkwel;Constant;0.0;;
3;1597;3240-GAF;1597046341;1;Qkwel;Constant;-0.56;;
4;1597;3240-GAF;1597046345;1;Qkwel;Constant;0.0;;
5;1597;3240-GAF;1597046346;1;Qkwel;Constant;-0.68;;
0;1597;3240-GAF;1597000000;1;Qkwel;Constant;0.0;;
1;1597;3240-GAF;1597000000;1;Qwegz;Constant;0.6327907729;;
0;1597;3240-GAF;1597000000;1;hTargetMax;ValueSeries;-1.48;;01-10
1;1597;3240-GAF;1597000000;1;hTargetMax;ValueSeries;-1.48;;15-03
2;1597;3240-GAF;1597000000;1;hTargetMax;ValueSeries;-1.4;;01-05
3;1597;3240-GAF;1597000000;1;hTargetMax;ValueSeries;-1.4;;15-08
4;1597;3240-GAF;1597000000;1;hTargetMin;ValueSeries;-1.52;;01-10
5;1597;3240-GAF;1597000000;1;hTargetMin;ValueSeries;-1.52;;15-03
6;1597;3240-GAF;1597000000;1;hTargetMin;ValueSeries;-1.45;;01-05
7;1597;3240-GAF;1597000000;1;hTargetMin;ValueSeries;-1.45;;15-08
