;EAGID;EAGCode;BakjeID;Laagvolgorde;ClusterType;ReeksType;ParamType;Waarde;WaardeAlfa;StartDag;EAGReeksWaardeID;BakjeReeksWaardeID;LaagReeksWaardeID
0;19497;2000-EAG-7;-9999;-9999;Verdamping;Flux;FEWS;;ImportCAW|66002_VerdampingCAL|E.metingcal|-999.0;;25386;-9999;-9999
1;19497;2000-EAG-7;-9999;-9999;Neerslag;Flux;FEWS;;ImportCAW|66011cal|P.meting.dagcal|-999.0;;25387;-9999;-9999
2;19497;2000-EAG-7;-9999;-9999;Peil;Flux;FEWS;;Statistiek|68005_benedenstrooms_stuw_1|H.meting.gem|-999.0;;25388;-9999;-9999
3;19497;2000-EAG-7;-9999;-9999;Peil;Flux;FEWS;;Statistiek|68005_bovenstrooms_stuw_1|H.meting.gem|-999.0;;25389;-9999;-9999
