EAGID;EAGCode;BakjeID;Laagvolgorde;ClusterType;ParamType;Waarde;WaardeAlfa;StartDag;Eenheid
435;6480-GAF;435002542;2;Qkwel;Constant;0.9500000000;;;mm/dag
435;6480-GAF;435002543;1;Qkwel;Constant;0.9500000000;;;mm/dag
435;6480-GAF;435002547;2;Qkwel;Constant;0.9500000000;;;mm/dag
435;6480-GAF;435002548;1;Qkwel;Constant;0.9500000000;;;mm/dag
435;6480-GAF;435002552;2;Qkwel;Constant;0.9500000000;;;mm/dag
435;6480-GAF;435002553;1;Qkwel;Constant;0.0000000000;;;mm/dag
435;6480-GAF;435002557;2;Qkwel;Constant;0.9500000000;;;mm/dag
435;6480-GAF;435002558;1;Qkwel;Constant;0.0000000000;;;mm/dag
435;6480-GAF;435000000;1;Qkwel;Constant;0.9499932316;;;mm/dag
435;6480-GAF;435000000;1;Qwegz;Constant;0.0000000000;;;mm/dag
435;6480-GAF;435000000;1;hTargetMax;ValueSeries;-2.2500000000;;01-05;mNAP
435;6480-GAF;435000000;1;hTargetMax;ValueSeries;-2.2500000000;;01-10;mNAP
435;6480-GAF;435000000;1;hTargetMax;ValueSeries;-2.2500000000;;15-03;mNAP
435;6480-GAF;435000000;1;hTargetMax;ValueSeries;-2.2500000000;;15-08;mNAP
435;6480-GAF;435000000;1;hTargetMin;ValueSeries;-2.2700000000;;01-05;mNAP
435;6480-GAF;435000000;1;hTargetMin;ValueSeries;-2.2700000000;;01-10;mNAP
435;6480-GAF;435000000;1;hTargetMin;ValueSeries;-2.2700000000;;15-03;mNAP
435;6480-GAF;435000000;1;hTargetMin;ValueSeries;-2.2700000000;;15-08;mNAP
435;6480-GAF;-9999;-9999;Inlaat1;ValueSeries;8000.0000000000;;01-04;m3/dag
435;6480-GAF;-9999;-9999;Inlaat1;ValueSeries;297.0000000000;;01-10;m3/dag
435;6480-GAF;-9999;-9999;Inlaat2;ValueSeries;0.0000000000;;01-04;m3/dag
435;6480-GAF;-9999;-9999;Inlaat2;ValueSeries;0.0000000000;;01-10;m3/dag
435;6480-GAF;-9999;-9999;Inlaat3;ValueSeries;0.0000000000;;01-04;m3/dag
435;6480-GAF;-9999;-9999;Inlaat3;ValueSeries;0.0000000000;;01-10;m3/dag
435;6480-GAF;-9999;-9999;Inlaat4;ValueSeries;0.0000000000;;01-04;m3/dag
435;6480-GAF;-9999;-9999;Inlaat4;ValueSeries;0.0000000000;;01-10;m3/dag
435;6480-GAF;-9999;-9999;Uitlaat1;ValueSeries;0.0000000000;;01-04;m3/dag
435;6480-GAF;-9999;-9999;Uitlaat1;ValueSeries;0.0000000000;;01-10;m3/dag
435;6480-GAF;-9999;-9999;Uitlaat2;ValueSeries;0.0000000000;;01-04;m3/dag
435;6480-GAF;-9999;-9999;Uitlaat2;ValueSeries;0.0000000000;;01-10;m3/dag
435;6480-GAF;-9999;-9999;Uitlaat3;ValueSeries;0.0000000000;;01-04;m3/dag
435;6480-GAF;-9999;-9999;Uitlaat3;ValueSeries;0.0000000000;;01-10;m3/dag
435;6480-GAF;-9999;-9999;Uitlaat4;ValueSeries;0.0000000000;;01-04;m3/dag
435;6480-GAF;-9999;-9999;Uitlaat4;ValueSeries;0.0000000000;;01-10;m3/dag
435;6480-GAF;-9999;-9999;Inlaat1;Local;;;;m3/dag
435;6480-GAF;-9999;-9999;Inlaat2;Local;;;;m3/dag
435;6480-GAF;-9999;-9999;Inlaat3;Local;;;;m3/dag
435;6480-GAF;-9999;-9999;Inlaat4;Local;;;;m3/dag
435;6480-GAF;-9999;-9999;Uitlaat1;Local;;;;m3/dag
435;6480-GAF;-9999;-9999;Uitlaat2;Local;;;;m3/dag
435;6480-GAF;-9999;-9999;Uitlaat3;Local;;;;m3/dag
435;6480-GAF;-9999;-9999;Uitlaat4;Local;;;;m3/dag
435;6480-GAF;-9999;-9999;Gemaal1Debiet Pomp 1;FEWS;;polder|Pompvolumes|62062_pomp_1|Vol.berekend.dag;;m3/dag
435;6480-GAF;-9999;-9999;Gemaal1Debiet Pomp 2;FEWS;;polder|Pompvolumes|62062_pomp_2|Vol.berekend.dag;;m3/dag
435;6480-GAF;-9999;-9999;Neerslag;FEWS;;meteo_meetstation_KNMI|ImportCAW|66005cal|P.meting.dagcal;;mm/dag
435;6480-GAF;-9999;-9999;Peil;FEWS;;polder|Statistiek|62062_polder_1_meting_1|H.meting.gem;;mNAP
435;6480-GAF;-9999;-9999;Verdamping;FEWS;;meteo_meetstation_KNMI|ImportCAW|66002_VerdampingCAL|E.metingcal;;mm/dag
435;6480-GAF;-9999;-9999;Gemaal1Debiet Pomp 1;Local;;;;m3/dag
435;6480-GAF;-9999;-9999;Gemaal1Debiet Pomp 2;Local;;;;m3/dag
435;6480-GAF;-9999;-9999;Gemaal2Debiet Pomp 1;Local;;;;m3/dag
435;6480-GAF;-9999;-9999;Gemaal2Debiet Pomp 2;Local;;;;m3/dag
435;6480-GAF;-9999;-9999;Gemaal3Debiet Pomp 1;Local;;;;m3/dag
435;6480-GAF;-9999;-9999;Gemaal3Debiet Pomp 2;Local;;;;m3/dag
435;6480-GAF;-9999;-9999;Neerslag;Local;;;;mm/dag
435;6480-GAF;-9999;-9999;Peil;Local;;;;mNAP
435;6480-GAF;-9999;-9999;Verdamping;Local;;;;mm/dag
