;EAGID;EAGCode;BakjeID;Laagvolgorde;ClusterType;ParamType;Waarde;WaardeAlfa;StartDag
0;1412;3360-EAG-7;1412000000;-9999;ClAfstroming;-9999;10.0;;
1;1412;3360-EAG-7;1412000000;-9999;ClDrain;-9999;150.0;;
2;1412;3360-EAG-7;1412000000;-9999;ClKwel;-9999;30.0;;
3;1412;3360-EAG-7;1412000000;-9999;ClNeerslag;-9999;6.0;;
4;1412;3360-EAG-7;1412000000;-9999;ClRiolering;-9999;100.0;;
5;1412;3360-EAG-7;1412000000;-9999;ClUitspoeling;-9999;20.0;;
6;1412;3360-EAG-7;1412000000;-9999;ClVerhard;-9999;10.0;;
0;1412;3360-EAG-7;1412046521;1;Qkwel;ValueSeries;-2.3711487568;;01-10
1;1412;3360-EAG-7;1412046521;1;Qkwel;ValueSeries;-2.0403714283;;01-04
0;1412;3360-EAG-7;1412000000;1;Qkwel;Constant;0.0;;
1;1412;3360-EAG-7;1412000000;1;Qwegz;ValueSeries;2.0403714283;;01-04
2;1412;3360-EAG-7;1412000000;1;Qwegz;ValueSeries;2.3711487568;;01-10
0;1412;3360-EAG-7;1412000000;1;hTargetMax;ValueSeries;-0.88;;01-10
1;1412;3360-EAG-7;1412000000;1;hTargetMax;ValueSeries;-0.88;;15-03
2;1412;3360-EAG-7;1412000000;1;hTargetMax;ValueSeries;-0.78;;01-05
3;1412;3360-EAG-7;1412000000;1;hTargetMax;ValueSeries;-0.78;;15-08
4;1412;3360-EAG-7;1412000000;1;hTargetMin;ValueSeries;-0.92;;01-10
5;1412;3360-EAG-7;1412000000;1;hTargetMin;ValueSeries;-0.92;;15-03
6;1412;3360-EAG-7;1412000000;1;hTargetMin;ValueSeries;-0.82;;01-05
7;1412;3360-EAG-7;1412000000;1;hTargetMin;ValueSeries;-0.82;;15-08
