;EAGID;EAGCode;BakjeID;Laagvolgorde;ClusterType;ReeksType;ParamType;Waarde;WaardeAlfa;StartDag;EAGReeksWaardeID;BakjeReeksWaardeID;LaagReeksWaardeID
0;19790;6400-EAG-2;-9999;-9999;Peil;Flux;FEWS;;Statistiek|62415_Polderpeil|H.meting.gem|-999.0;;25447;-9999;-9999
1;19790;6400-EAG-2;-9999;-9999;Gemaal;Flux;FEWS;;Pompvolumes|64506_pomp_1|Vol.berekend.dag|-999.0;;25448;-9999;-9999
2;19790;6400-EAG-2;-9999;-9999;Gemaal;Flux;FEWS;;Pompvolumes|64506_pomp_2|Vol.berekend.dag|-999.0;;25449;-9999;-9999
3;19790;6400-EAG-2;-9999;-9999;Verdamping;Flux;FEWS;;ImportCAW|66002_VerdampingCAL|E.metingcal|-999.0;;25450;-9999;-9999
4;19790;6400-EAG-2;-9999;-9999;Neerslag;Flux;FEWS;;ImportCAW|66006cal|P.meting.dagcal|-999.0;;25451;-9999;-9999
