;EAGID;EAGCode;BakjeID;Laagvolgorde;ClusterType;ReeksType;ParamType;Waarde;WaardeAlfa;StartDag;EAGReeksWaardeID;BakjeReeksWaardeID;LaagReeksWaardeID
0;19608;2550-EAG-4;-9999;-9999;Verdamping;Flux;FEWS;;ImportCAW|66002_VerdampingCAL|E.metingcal|-999.0;;24874;-9999;-9999
1;19608;2550-EAG-4;-9999;-9999;Neerslag;Flux;FEWS;;ImportCAW|66005cal|P.meting.dagcal|-999.0;;24875;-9999;-9999
2;19608;2550-EAG-4;-9999;-9999;Peil;Flux;FEWS;;Statistiek|70300_MolenvlietBotsholPolderpeil|H.meting.gem|-999.0;;24876;-9999;-9999
3;19608;2550-EAG-4;-9999;-9999;Peil;Flux;FEWS;;Statistiek|70301_PetgatBotsholPolderpeil|H.meting.gem|-999.0;;24877;-9999;-9999
