;EAGID;EAGCode;BakjeID;Laagvolgorde;ClusterType;ReeksType;ParamType;Waarde;WaardeAlfa;StartDag;EAGReeksWaardeID;BakjeReeksWaardeID;LaagReeksWaardeID
0;19579;2501-EAG-2;-9999;-9999;Gemaal;Flux;FEWS;;Pompvolumes|60010_pomp_3|Vol.berekend.dag|-999.0;;24613;-9999;-9999
1;19579;2501-EAG-2;-9999;-9999;Verdamping;Flux;FEWS;;ImportCAW|66002_VerdampingCAL|E.metingcal|-999.0;;24614;-9999;-9999
2;19579;2501-EAG-2;-9999;-9999;Neerslag;Flux;FEWS;;ImportCAW|66011cal|P.meting.dagcal|-999.0;;24615;-9999;-9999
3;19579;2501-EAG-2;-9999;-9999;Peil;Flux;FEWS;;Statistiek|70306_Polderpeil|H.meting.gem|-999.0;;24616;-9999;-9999
4;19579;2501-EAG-2;-9999;-9999;Peil;Flux;FEWS;;Statistiek|99999T008_West|H.meting.gem|-999.0;;24617;-9999;-9999
5;19579;2501-EAG-2;-9999;-9999;Peil;Flux;FEWS;;Statistiek|99999T009_West|H.meting.gem|-999.0;;24618;-9999;-9999
0;19579;2501-EAG-2;16366;-9999;ClVerhard;Cl;-9999;10;;;-9999;734;-9999
1;19579;2501-EAG-2;16366;-9999;ClRiolering;Cl;-9999;100;;;-9999;735;-9999
2;19579;2501-EAG-2;16366;-9999;ClDrain;Cl;-9999;70;;;-9999;736;-9999
3;19579;2501-EAG-2;16366;-9999;ClUitspoeling;Cl;-9999;70;;;-9999;737;-9999
4;19579;2501-EAG-2;16366;-9999;ClAfstroming;Cl;-9999;35;;;-9999;738;-9999
0;19579;2501-EAG-2;16362;2;Qkwel;Flux;Constant;0.0;;;-9999;-9999;8963
1;19579;2501-EAG-2;16363;1;Qkwel;Flux;ValueSeries;-0.1225328104;;01-04;-9999;-9999;8964
2;19579;2501-EAG-2;16363;1;Qkwel;Flux;ValueSeries;-0.1633770806;;01-10;-9999;-9999;8965
3;19579;2501-EAG-2;16364;2;Qkwel;Flux;Constant;0.0;;;-9999;-9999;8966
4;19579;2501-EAG-2;16365;1;Qkwel;Flux;ValueSeries;-0.5343953994;;01-04;-9999;-9999;8967
5;19579;2501-EAG-2;16365;1;Qkwel;Flux;ValueSeries;-0.7125271992;;01-10;-9999;-9999;8968
6;19579;2501-EAG-2;16366;1;Qkwel;Flux;Constant;0.0;;;-9999;-9999;8969
7;19579;2501-EAG-2;16366;1;Qkwel;Cl;Constant;400.0;;;-9999;-9999;8970
8;19579;2501-EAG-2;16366;1;Qwegz;Flux;Constant;0.2442009469;;;-9999;-9999;8971
