;EAGID;EAGCode;BakjeID;Laagvolgorde;ClusterType;ReeksType;ParamType;Waarde;WaardeAlfa;StartDag;EAGReeksWaardeID;BakjeReeksWaardeID;LaagReeksWaardeID
0;19743;4100-EAG-1;-9999;-9999;Gemaal;Flux;FEWS;;Pompvolumes|62019_pomp_1|Vol.berekend.dag|-999.0;;25130;-9999;-9999
1;19743;4100-EAG-1;-9999;-9999;Gemaal;Flux;FEWS;;Pompvolumes|62019_pomp_2|Vol.berekend.dag|-999.0;;25131;-9999;-9999
2;19743;4100-EAG-1;-9999;-9999;Verdamping;Flux;FEWS;;ImportCAW|66003_VerdampingCAl|E.metingcal|-999.0;;25132;-9999;-9999
3;19743;4100-EAG-1;-9999;-9999;Neerslag;Flux;FEWS;;ImportCAW|66015cal|P.meting.dagcal|-999.0;;25133;-9999;-9999
4;19743;4100-EAG-1;-9999;-9999;Peil;Flux;FEWS;;Statistiek|70004_Polderpeil|H.meting.gem|-999.0;;25134;-9999;-9999
5;19743;4100-EAG-1;-9999;-9999;Peil;Flux;FEWS;;Statistiek|70034_Oost|H.meting.gem|-999.0;;25135;-9999;-9999
