;EAGID;EAGCode;BakjeID;Laagvolgorde;ClusterType;ReeksType;ParamType;Waarde;WaardeAlfa;StartDag;EAGReeksWaardeID;BakjeReeksWaardeID;LaagReeksWaardeID
0;19750;4140-EAG-1;-9999;-9999;Gemaal;Flux;FEWS;;Pompvolumes|62049_pomp_1|Vol.berekend.dag|-999.0;;25212;-9999;-9999
1;19750;4140-EAG-1;-9999;-9999;Gemaal;Flux;FEWS;;Pompvolumes|62049_pomp_2|Vol.berekend.dag|-999.0;;25213;-9999;-9999
2;19750;4140-EAG-1;-9999;-9999;Verdamping;Flux;FEWS;;ImportCAW|66003_VerdampingCAl|E.metingcal|-999.0;;25214;-9999;-9999
3;19750;4140-EAG-1;-9999;-9999;Neerslag;Flux;FEWS;;ImportCAW|66015cal|P.meting.dagcal|-999.0;;25215;-9999;-9999
