;EAGID;EAGCode;BakjeID;Laagvolgorde;ClusterType;ParamType;Waarde;WaardeAlfa;StartDag
0;1407;3360-EAG-2;1407000000;-9999;ClAfstroming;-9999;10.0;;
1;1407;3360-EAG-2;1407000000;-9999;ClDrain;-9999;150.0;;
2;1407;3360-EAG-2;1407000000;-9999;ClKwel;-9999;30.0;;
3;1407;3360-EAG-2;1407000000;-9999;ClNeerslag;-9999;6.0;;
4;1407;3360-EAG-2;1407000000;-9999;ClRiolering;-9999;100.0;;
5;1407;3360-EAG-2;1407000000;-9999;ClUitspoeling;-9999;30.0;;
6;1407;3360-EAG-2;1407000000;-9999;ClVerhard;-9999;10.0;;
0;1407;3360-EAG-2;1407046481;1;Qkwel;ValueSeries;-1.3;;01-10
1;1407;3360-EAG-2;1407046481;1;Qkwel;ValueSeries;-1.05;;01-04
0;1407;3360-EAG-2;1407000000;1;Qkwel;Constant;0.0;;
1;1407;3360-EAG-2;1407000000;1;Qwegz;ValueSeries;1.05;;01-04
2;1407;3360-EAG-2;1407000000;1;Qwegz;ValueSeries;1.3;;01-10
0;1407;3360-EAG-2;1407000000;1;hTargetMax;ValueSeries;-0.73;;01-10
1;1407;3360-EAG-2;1407000000;1;hTargetMax;ValueSeries;-0.73;;15-03
2;1407;3360-EAG-2;1407000000;1;hTargetMax;ValueSeries;-0.72;;01-05
3;1407;3360-EAG-2;1407000000;1;hTargetMax;ValueSeries;-0.72;;15-08
4;1407;3360-EAG-2;1407000000;1;hTargetMin;ValueSeries;-0.77;;01-10
5;1407;3360-EAG-2;1407000000;1;hTargetMin;ValueSeries;-0.77;;15-03
6;1407;3360-EAG-2;1407000000;1;hTargetMin;ValueSeries;-0.68;;01-05
7;1407;3360-EAG-2;1407000000;1;hTargetMin;ValueSeries;-0.68;;15-08
