EAGID;EAGCode;BakjeID;Laagvolgorde;ClusterType;ParamType;Waarde;WaardeAlfa;StartDag;Eenheid
330;3360-EAG-3;330001862;2;Qkwel;ValueSeries;-0.7100000000;;01-10;mm/dag
330;3360-EAG-3;330001862;2;Qkwel;ValueSeries;-0.6900000000;;01-04;mm/dag
330;3360-EAG-3;330001863;1;Qkwel;ValueSeries;-0.7100000000;;01-10;mm/dag
330;3360-EAG-3;330001863;1;Qkwel;ValueSeries;-0.6900000000;;01-04;mm/dag
330;3360-EAG-3;330000000;1;Qkwel;Constant;0.0000000000;;;mm/dag
330;3360-EAG-3;330000000;1;Qwegz;ValueSeries;0.6900000000;;01-04;mm/dag
330;3360-EAG-3;330000000;1;Qwegz;ValueSeries;0.7100000000;;01-10;mm/dag
330;3360-EAG-3;330000000;1;hTargetMax;ValueSeries;-1.1300000000;;01-05;mNAP
330;3360-EAG-3;330000000;1;hTargetMax;ValueSeries;-1.1300000000;;01-10;mNAP
330;3360-EAG-3;330000000;1;hTargetMax;ValueSeries;-1.1300000000;;15-03;mNAP
330;3360-EAG-3;330000000;1;hTargetMax;ValueSeries;-1.1300000000;;15-08;mNAP
330;3360-EAG-3;330000000;1;hTargetMin;ValueSeries;-1.1700000000;;01-05;mNAP
330;3360-EAG-3;330000000;1;hTargetMin;ValueSeries;-1.1700000000;;01-10;mNAP
330;3360-EAG-3;330000000;1;hTargetMin;ValueSeries;-1.1700000000;;15-03;mNAP
330;3360-EAG-3;330000000;1;hTargetMin;ValueSeries;-1.1700000000;;15-08;mNAP
330;3360-EAG-3;-9999;-9999;Inlaat1;ValueSeries;0.0000000000;;01-04;m3/dag
330;3360-EAG-3;-9999;-9999;Inlaat1;ValueSeries;0.0000000000;;01-10;m3/dag
330;3360-EAG-3;-9999;-9999;Inlaat2;ValueSeries;0.0000000000;;01-04;m3/dag
330;3360-EAG-3;-9999;-9999;Inlaat2;ValueSeries;0.0000000000;;01-10;m3/dag
330;3360-EAG-3;-9999;-9999;Inlaat3;ValueSeries;0.0000000000;;01-04;m3/dag
330;3360-EAG-3;-9999;-9999;Inlaat3;ValueSeries;0.0000000000;;01-10;m3/dag
330;3360-EAG-3;-9999;-9999;Inlaat4;ValueSeries;0.0000000000;;01-04;m3/dag
330;3360-EAG-3;-9999;-9999;Inlaat4;ValueSeries;0.0000000000;;01-10;m3/dag
330;3360-EAG-3;-9999;-9999;Uitlaat1;ValueSeries;0.0000000000;;01-04;m3/dag
330;3360-EAG-3;-9999;-9999;Uitlaat1;ValueSeries;0.0000000000;;01-10;m3/dag
330;3360-EAG-3;-9999;-9999;Uitlaat2;ValueSeries;0.0000000000;;01-04;m3/dag
330;3360-EAG-3;-9999;-9999;Uitlaat2;ValueSeries;0.0000000000;;01-10;m3/dag
330;3360-EAG-3;-9999;-9999;Uitlaat3;ValueSeries;0.0000000000;;01-04;m3/dag
330;3360-EAG-3;-9999;-9999;Uitlaat3;ValueSeries;0.0000000000;;01-10;m3/dag
330;3360-EAG-3;-9999;-9999;Uitlaat4;ValueSeries;0.0000000000;;01-04;m3/dag
330;3360-EAG-3;-9999;-9999;Uitlaat4;ValueSeries;0.0000000000;;01-10;m3/dag
330;3360-EAG-3;-9999;-9999;Inlaat1;Local;;;;m3/dag
330;3360-EAG-3;-9999;-9999;Inlaat2;Local;;;;m3/dag
330;3360-EAG-3;-9999;-9999;Inlaat3;Local;;;;m3/dag
330;3360-EAG-3;-9999;-9999;Inlaat4;Local;;;;m3/dag
330;3360-EAG-3;-9999;-9999;Uitlaat1;Local;;;;m3/dag
330;3360-EAG-3;-9999;-9999;Uitlaat2;Local;;;;m3/dag
330;3360-EAG-3;-9999;-9999;Uitlaat3;Local;;;;m3/dag
330;3360-EAG-3;-9999;-9999;Uitlaat4;Local;;;;m3/dag
330;3360-EAG-3;-9999;-9999;Gemaal1Debiet Pomp 1;FEWS;;polder|Pompvolumes|62175_Pomp_1_bedrijf|Vol.berekend.dag;;m3/dag
330;3360-EAG-3;-9999;-9999;Gemaal1Debiet Pomp 2;FEWS;;polder|Pompvolumes|62175_Pomp_2_bedrijf|Vol.berekend.dag;;m3/dag
330;3360-EAG-3;-9999;-9999;Neerslag;FEWS;;meteo_meetstation_KNMI|ImportCAW|66014cal|P.meting.dagcal;;mm/dag
330;3360-EAG-3;-9999;-9999;Peil;FEWS;;polder|Statistiek|62175_Polderpeil|H.meting.gem;;mNAP
330;3360-EAG-3;-9999;-9999;Verdamping;FEWS;;meteo_meetstation_KNMI|ImportCAW|66002_VerdampingCAL|E.metingcal;;mm/dag
330;3360-EAG-3;-9999;-9999;Gemaal1Debiet Pomp 1;Local;;;;m3/dag
330;3360-EAG-3;-9999;-9999;Gemaal1Debiet Pomp 2;Local;;;;m3/dag
330;3360-EAG-3;-9999;-9999;Gemaal2Debiet Pomp 1;Local;;;;m3/dag
330;3360-EAG-3;-9999;-9999;Gemaal2Debiet Pomp 2;Local;;;;m3/dag
330;3360-EAG-3;-9999;-9999;Gemaal3Debiet Pomp 1;Local;;;;m3/dag
330;3360-EAG-3;-9999;-9999;Gemaal3Debiet Pomp 2;Local;;;;m3/dag
330;3360-EAG-3;-9999;-9999;Neerslag;Local;;;;mm/dag
330;3360-EAG-3;-9999;-9999;Peil;Local;;;;mNAP
330;3360-EAG-3;-9999;-9999;Verdamping;Local;;;;mm/dag
