;EAGID;EAGCode;BakjeID;Laagvolgorde;ClusterType;ParamType;Waarde;WaardeAlfa;StartDag;Eenheid
0;1574;2400-GAF;1574121650;2;Qkwel;Constant;0.0;;;mm/dag
1;1574;2400-GAF;1574121651;1;Qkwel;Constant;-0.33;;;mm/dag
2;1574;2400-GAF;1574121660;2;Qkwel;Constant;0.0;;;mm/dag
3;1574;2400-GAF;1574121661;1;Qkwel;Constant;-0.22;;;mm/dag
4;1574;2400-GAF;1574121665;2;Qkwel;Constant;0.0;;;mm/dag
5;1574;2400-GAF;1574121666;1;Qkwel;Constant;-0.75;;;mm/dag
0;1574;2400-GAF;1574000000;1;Qkwel;Constant;0.0;;;mm/dag
1;1574;2400-GAF;1574000000;1;Qwegz;Constant;0.4199284521;;;mm/dag
0;1574;2400-GAF;1574000000;1;hTargetMax;ValueSeries;-3.12;;01-10;mNAP
1;1574;2400-GAF;1574000000;1;hTargetMax;ValueSeries;-3.0;;01-05;mNAP
2;1574;2400-GAF;1574000000;1;hTargetMax;ValueSeries;-3.0;;15-03;mNAP
3;1574;2400-GAF;1574000000;1;hTargetMax;ValueSeries;-3.0;;15-08;mNAP
4;1574;2400-GAF;1574000000;1;hTargetMin;ValueSeries;-3.16;;01-10;mNAP
5;1574;2400-GAF;1574000000;1;hTargetMin;ValueSeries;-3.05;;01-05;mNAP
6;1574;2400-GAF;1574000000;1;hTargetMin;ValueSeries;-3.05;;15-03;mNAP
7;1574;2400-GAF;1574000000;1;hTargetMin;ValueSeries;-3.05;;15-08;mNAP
0;1574;2400-GAF;-9999;-9999;Inlaat1;ValueSeries;0.0;;01-10;m3/dag
1;1574;2400-GAF;-9999;-9999;Inlaat1;ValueSeries;0.0;;01-04;m3/dag
2;1574;2400-GAF;-9999;-9999;Inlaat2;ValueSeries;0.0;;01-04;m3/dag
3;1574;2400-GAF;-9999;-9999;Inlaat2;ValueSeries;0.0;;01-10;m3/dag
4;1574;2400-GAF;-9999;-9999;Inlaat3;ValueSeries;8000.0;;01-04;m3/dag
5;1574;2400-GAF;-9999;-9999;Inlaat3;ValueSeries;8000.0;;01-10;m3/dag
6;1574;2400-GAF;-9999;-9999;Inlaat4;ValueSeries;0.0;;01-10;m3/dag
7;1574;2400-GAF;-9999;-9999;Inlaat4;ValueSeries;0.0;;01-04;m3/dag
8;1574;2400-GAF;-9999;-9999;Uitlaat1;ValueSeries;0.0;;01-10;m3/dag
9;1574;2400-GAF;-9999;-9999;Uitlaat1;ValueSeries;0.0;;01-04;m3/dag
10;1574;2400-GAF;-9999;-9999;Uitlaat2;ValueSeries;0.0;;01-04;m3/dag
11;1574;2400-GAF;-9999;-9999;Uitlaat2;ValueSeries;0.0;;01-10;m3/dag
12;1574;2400-GAF;-9999;-9999;Uitlaat3;ValueSeries;0.0;;01-04;m3/dag
13;1574;2400-GAF;-9999;-9999;Uitlaat3;ValueSeries;0.0;;01-10;m3/dag
14;1574;2400-GAF;-9999;-9999;Uitlaat4;ValueSeries;0.0;;01-10;m3/dag
15;1574;2400-GAF;-9999;-9999;Uitlaat4;ValueSeries;0.0;;01-04;m3/dag
0;1574;2400-GAF;-9999;-9999;Inlaat1;Local;;;;m3/dag
1;1574;2400-GAF;-9999;-9999;Inlaat2;Local;;;;m3/dag
2;1574;2400-GAF;-9999;-9999;Inlaat3;Local;;;;m3/dag
3;1574;2400-GAF;-9999;-9999;Inlaat4;Local;;;;m3/dag
4;1574;2400-GAF;-9999;-9999;Uitlaat1;Local;;;;m3/dag
5;1574;2400-GAF;-9999;-9999;Uitlaat2;Local;;;;m3/dag
6;1574;2400-GAF;-9999;-9999;Uitlaat3;Local;;;;m3/dag
7;1574;2400-GAF;-9999;-9999;Uitlaat4;Local;;;;m3/dag
0;1574;2400-GAF;-9999;-9999;Gemaal1Debiet Pomp 1;FEWS;;polder|Pompvolumes|60210_pomp_1|Vol.berekend.dag;;m3/dag
1;1574;2400-GAF;-9999;-9999;Peil;FEWS;;polder|Statistiek|60210_polder|H.meting.gem;;mNAP
2;1574;2400-GAF;-9999;-9999;Verdamping;FEWS;;ImportCAW|66002_VerdampingCAL|E.metingcal;;mm/dag
0;1574;2400-GAF;-9999;-9999;Gemaal1Debiet Pomp 1;Local;;;;m3/dag
1;1574;2400-GAF;-9999;-9999;Gemaal1Debiet Pomp 2;Local;;;;m3/dag
2;1574;2400-GAF;-9999;-9999;Gemaal2Debiet Pomp 1;Local;;;;m3/dag
3;1574;2400-GAF;-9999;-9999;Gemaal2Debiet Pomp 2;Local;;;;m3/dag
4;1574;2400-GAF;-9999;-9999;Gemaal3Debiet Pomp 1;Local;;;;m3/dag
5;1574;2400-GAF;-9999;-9999;Gemaal3Debiet Pomp 2;Local;;;;m3/dag
6;1574;2400-GAF;-9999;-9999;Neerslag;Local;;;;mm/dag
7;1574;2400-GAF;-9999;-9999;Peil;Local;;;;mNAP
8;1574;2400-GAF;-9999;-9999;Verdamping;Local;;;;mm/dag
