EAGID;EAGCode;BakjeID;Laagvolgorde;ClusterType;ParamType;Waarde;WaardeAlfa;StartDag;Eenheid
413;6110-GAF;413002442;2;Qkwel;Constant;0.0000000000;;;mm/dag
413;6110-GAF;413002443;1;Qkwel;Constant;-0.2000000000;;;mm/dag
413;6110-GAF;413002447;2;Qkwel;Constant;0.0000000000;;;mm/dag
413;6110-GAF;413002448;1;Qkwel;Constant;0.5000000000;;;mm/dag
413;6110-GAF;413002449;2;Qkwel;Constant;0.5000000000;;;mm/dag
413;6110-GAF;413000000;1;Qkwel;Constant;0.5000000000;;;mm/dag
413;6110-GAF;413000000;1;Qwegz;Constant;0.0000000000;;;mm/dag
413;6110-GAF;413000000;1;hTargetMax;ValueSeries;-3.4300000000;;01-05;mNAP
413;6110-GAF;413000000;1;hTargetMax;ValueSeries;-3.4300000000;;01-10;mNAP
413;6110-GAF;413000000;1;hTargetMax;ValueSeries;-3.4300000000;;15-03;mNAP
413;6110-GAF;413000000;1;hTargetMax;ValueSeries;-3.4300000000;;15-08;mNAP
413;6110-GAF;413000000;1;hTargetMin;ValueSeries;-3.4700000000;;01-05;mNAP
413;6110-GAF;413000000;1;hTargetMin;ValueSeries;-3.4700000000;;01-10;mNAP
413;6110-GAF;413000000;1;hTargetMin;ValueSeries;-3.4700000000;;15-03;mNAP
413;6110-GAF;413000000;1;hTargetMin;ValueSeries;-3.4700000000;;15-08;mNAP
413;6110-GAF;-9999;-9999;Inlaat1;ValueSeries;1000.0000000000;;01-04;m3/dag
413;6110-GAF;-9999;-9999;Inlaat1;ValueSeries;0.0000000000;;01-10;m3/dag
413;6110-GAF;-9999;-9999;Inlaat2;ValueSeries;0.0000000000;;01-04;m3/dag
413;6110-GAF;-9999;-9999;Inlaat2;ValueSeries;0.0000000000;;01-10;m3/dag
413;6110-GAF;-9999;-9999;Inlaat3;ValueSeries;0.0000000000;;01-04;m3/dag
413;6110-GAF;-9999;-9999;Inlaat3;ValueSeries;0.0000000000;;01-10;m3/dag
413;6110-GAF;-9999;-9999;Inlaat4;ValueSeries;0.0000000000;;01-04;m3/dag
413;6110-GAF;-9999;-9999;Inlaat4;ValueSeries;0.0000000000;;01-10;m3/dag
413;6110-GAF;-9999;-9999;Uitlaat1;ValueSeries;0.0000000000;;01-04;m3/dag
413;6110-GAF;-9999;-9999;Uitlaat1;ValueSeries;0.0000000000;;01-10;m3/dag
413;6110-GAF;-9999;-9999;Uitlaat2;ValueSeries;0.0000000000;;01-04;m3/dag
413;6110-GAF;-9999;-9999;Uitlaat2;ValueSeries;0.0000000000;;01-10;m3/dag
413;6110-GAF;-9999;-9999;Uitlaat3;ValueSeries;0.0000000000;;01-04;m3/dag
413;6110-GAF;-9999;-9999;Uitlaat3;ValueSeries;0.0000000000;;01-10;m3/dag
413;6110-GAF;-9999;-9999;Uitlaat4;ValueSeries;0.0000000000;;01-04;m3/dag
413;6110-GAF;-9999;-9999;Uitlaat4;ValueSeries;0.0000000000;;01-10;m3/dag
413;6110-GAF;-9999;-9999;Inlaat1;Local;;;;m3/dag
413;6110-GAF;-9999;-9999;Inlaat2;Local;;;;m3/dag
413;6110-GAF;-9999;-9999;Inlaat3;Local;;;;m3/dag
413;6110-GAF;-9999;-9999;Inlaat4;Local;;;;m3/dag
413;6110-GAF;-9999;-9999;Uitlaat1;Local;;;;m3/dag
413;6110-GAF;-9999;-9999;Uitlaat2;Local;;;;m3/dag
413;6110-GAF;-9999;-9999;Uitlaat3;Local;;;;m3/dag
413;6110-GAF;-9999;-9999;Uitlaat4;Local;;;;m3/dag
413;6110-GAF;-9999;-9999;Gemaal1Debiet Pomp 1;FEWS;;polder|Pompvolumes|64291_pomp_2|Vol.berekend.dag;;m3/dag
413;6110-GAF;-9999;-9999;Gemaal1Debiet Pomp 2;FEWS;;polder|Pompvolumes|64291_pomp_3|Vol.berekend.dag;;m3/dag
413;6110-GAF;-9999;-9999;Neerslag;FEWS;;meteo_meetstation_KNMI|ImportCAW|66016cal|P.meting.dagcal;;mm/dag
413;6110-GAF;-9999;-9999;Peil;FEWS;;polder|Statistiek|64291_Polder_1_meting_1|H.meting.gem;;mNAP
413;6110-GAF;-9999;-9999;Verdamping;FEWS;;meteo_meetstation_KNMI|ImportCAW|66002_VerdampingCAL|E.metingcal;;mm/dag
413;6110-GAF;-9999;-9999;Gemaal1Debiet Pomp 1;Local;;;;m3/dag
413;6110-GAF;-9999;-9999;Gemaal1Debiet Pomp 2;Local;;;;m3/dag
413;6110-GAF;-9999;-9999;Gemaal2Debiet Pomp 1;Local;;;;m3/dag
413;6110-GAF;-9999;-9999;Gemaal2Debiet Pomp 2;Local;;;;m3/dag
413;6110-GAF;-9999;-9999;Gemaal3Debiet Pomp 1;Local;;;;m3/dag
413;6110-GAF;-9999;-9999;Gemaal3Debiet Pomp 2;Local;;;;m3/dag
413;6110-GAF;-9999;-9999;Neerslag;Local;;;;mm/dag
413;6110-GAF;-9999;-9999;Peil;Local;;;;mNAP
413;6110-GAF;-9999;-9999;Verdamping;Local;;;;mm/dag
