;EAGID;EAGCode;BakjeID;Laagvolgorde;ClusterType;ParamType;Waarde;WaardeAlfa;StartDag
0;1349;3230-EAG-1;1349000000;-9999;ClAfstroming;-9999;30.0;;
1;1349;3230-EAG-1;1349000000;-9999;ClDrain;-9999;50.0;;
2;1349;3230-EAG-1;1349000000;-9999;ClKwel;-9999;20.0;;
3;1349;3230-EAG-1;1349000000;-9999;ClNeerslag;-9999;6.0;;
4;1349;3230-EAG-1;1349000000;-9999;ClRiolering;-9999;100.0;;
5;1349;3230-EAG-1;1349000000;-9999;ClUitspoeling;-9999;35.0;;
6;1349;3230-EAG-1;1349000000;-9999;ClVerhard;-9999;10.0;;
0;1349;3230-EAG-1;1349046285;1;Qkwel;Constant;0.3620823049;;
1;1349;3230-EAG-1;1349046286;1;Qkwel;Constant;0.3;;
0;1349;3230-EAG-1;1349000000;1;Qkwel;Constant;0.3620823049;;
1;1349;3230-EAG-1;1349000000;1;Qwegz;Constant;0.1873304042;;
0;1349;3230-EAG-1;1349000000;1;hTargetMax;ValueSeries;-1.2;;01-05
1;1349;3230-EAG-1;1349000000;1;hTargetMax;ValueSeries;-1.2;;01-10
2;1349;3230-EAG-1;1349000000;1;hTargetMax;ValueSeries;-1.2;;15-03
3;1349;3230-EAG-1;1349000000;1;hTargetMax;ValueSeries;-1.2;;15-08
4;1349;3230-EAG-1;1349000000;1;hTargetMin;ValueSeries;-1.24;;01-05
5;1349;3230-EAG-1;1349000000;1;hTargetMin;ValueSeries;-1.24;;01-10
6;1349;3230-EAG-1;1349000000;1;hTargetMin;ValueSeries;-1.24;;15-03
7;1349;3230-EAG-1;1349000000;1;hTargetMin;ValueSeries;-1.24;;15-08
