;EAGID;EAGCode;BakjeID;Laagvolgorde;ClusterType;ParamType;Waarde;WaardeAlfa;StartDag
0;1599;3302-GAF;1599000000;-9999;ClAfstroming;-9999;15.0;;
1;1599;3302-GAF;1599000000;-9999;ClDrain;-9999;100.0;;
2;1599;3302-GAF;1599000000;-9999;ClKwel;-9999;10.0;;
3;1599;3302-GAF;1599000000;-9999;ClNeerslag;-9999;10.0;;
4;1599;3302-GAF;1599000000;-9999;ClRiolering;-9999;100.0;;
5;1599;3302-GAF;1599000000;-9999;ClUitspoeling;-9999;15.0;;
6;1599;3302-GAF;1599000000;-9999;ClVerhard;-9999;10.0;;
0;1599;3302-GAF;1599046386;1;Qkwel;ValueSeries;0.6;;01-04
1;1599;3302-GAF;1599046386;1;Qkwel;ValueSeries;1.3;;01-10
2;1599;3302-GAF;1599046391;1;Qkwel;ValueSeries;0.6;;01-04
3;1599;3302-GAF;1599046391;1;Qkwel;ValueSeries;1.3;;01-10
0;1599;3302-GAF;1599000000;1;Qkwel;ValueSeries;0.6;;01-04
1;1599;3302-GAF;1599000000;1;Qkwel;ValueSeries;1.3;;01-10
2;1599;3302-GAF;1599000000;1;Qwegz;Constant;0.0;;
0;1599;3302-GAF;1599000000;1;hTargetMax;ValueSeries;-1.27;;01-05
1;1599;3302-GAF;1599000000;1;hTargetMax;ValueSeries;-1.27;;01-10
2;1599;3302-GAF;1599000000;1;hTargetMax;ValueSeries;-1.27;;15-03
3;1599;3302-GAF;1599000000;1;hTargetMax;ValueSeries;-1.27;;15-08
4;1599;3302-GAF;1599000000;1;hTargetMin;ValueSeries;-1.33;;01-05
5;1599;3302-GAF;1599000000;1;hTargetMin;ValueSeries;-1.33;;01-10
6;1599;3302-GAF;1599000000;1;hTargetMin;ValueSeries;-1.33;;15-03
7;1599;3302-GAF;1599000000;1;hTargetMin;ValueSeries;-1.33;;15-08
