;EAGID;EAGCode;StofNaam;InlaatType;ReeksType;WaardeAlfa;Waarde;StofIncrement;Eenheid
0;1261;2501-EAG-1;Chloride;initieel;Constant;;90.0;0;mg/l
0;1261;2501-EAG-1;Chloride;Afstroming;Constant;;35.0;0;mg/l
1;1261;2501-EAG-1;Chloride;Berekende inlaat;Constant;;100.0;0;mg/l
2;1261;2501-EAG-1;Chloride;Drain;Constant;;70.0;0;mg/l
3;1261;2501-EAG-1;Chloride;Inlaat1;Constant;;100.0;0;mg/l
4;1261;2501-EAG-1;Chloride;Inlaat2;Constant;;100.0;0;mg/l
5;1261;2501-EAG-1;Chloride;Inlaat3;Constant;;100.0;0;mg/l
6;1261;2501-EAG-1;Chloride;Inlaat4;Constant;;100.0;0;mg/l
7;1261;2501-EAG-1;Chloride;Kwel;Constant;;400.0;0;mg/l
8;1261;2501-EAG-1;Chloride;Neerslag;Constant;;6.0;0;mg/l
9;1261;2501-EAG-1;Chloride;Riolering;Constant;;100.0;0;mg/l
10;1261;2501-EAG-1;Chloride;Uitspoeling;Constant;;70.0;0;mg/l
11;1261;2501-EAG-1;Chloride;Verhard;Constant;;10.0;0;mg/l
