;EAGID;EAGCode;StofNaam;InlaatType;ReeksType;WaardeAlfa;Waarde;StofIncrement;Eenheid
0;1319;3050-EAG-2;Chloride;initieel;Constant;;90.0;0;mg/l
0;1319;3050-EAG-2;Chloride;Afstroming;Constant;;30.0;0;mg/l
1;1319;3050-EAG-2;Chloride;Berekende inlaat;Constant;;195.611555555556;0;mg/l
2;1319;3050-EAG-2;Chloride;Drain;Constant;;100.0;0;mg/l
3;1319;3050-EAG-2;Chloride;Inlaat1;Constant;;195.611555555556;0;mg/l
4;1319;3050-EAG-2;Chloride;Inlaat2;Constant;;125.0;0;mg/l
5;1319;3050-EAG-2;Chloride;Inlaat3;Constant;;100.0;0;mg/l
6;1319;3050-EAG-2;Chloride;Inlaat4;Constant;;0.0;0;mg/l
7;1319;3050-EAG-2;Chloride;Kwel;Constant;;400.0;0;mg/l
8;1319;3050-EAG-2;Chloride;Neerslag;Constant;;6.0;0;mg/l
9;1319;3050-EAG-2;Chloride;Riolering;Constant;;100.0;0;mg/l
10;1319;3050-EAG-2;Chloride;Uitspoeling;Constant;;250.0;0;mg/l
11;1319;3050-EAG-2;Chloride;Verhard;Constant;;10.0;0;mg/l
