;EAGID;EAGCode;StofNaam;InlaatType;ReeksType;WaardeAlfa;Waarde;StofIncrement;Eenheid
0;1318;3050-EAG-1;Chloride;initieel;Constant;;90.0;0;mg/l
0;1318;3050-EAG-1;Chloride;Afstroming;Constant;;30.0;0;mg/l
1;1318;3050-EAG-1;Chloride;Berekende inlaat;Constant;;195.611555555556;0;mg/l
2;1318;3050-EAG-1;Chloride;Drain;Constant;;100.0;0;mg/l
3;1318;3050-EAG-1;Chloride;Inlaat1;Constant;;195.611555555556;0;mg/l
4;1318;3050-EAG-1;Chloride;Inlaat2;Constant;;125.0;0;mg/l
5;1318;3050-EAG-1;Chloride;Inlaat3;Constant;;0.0;0;mg/l
6;1318;3050-EAG-1;Chloride;Inlaat4;Constant;;0.0;0;mg/l
7;1318;3050-EAG-1;Chloride;Kwel;Constant;;400.0;0;mg/l
8;1318;3050-EAG-1;Chloride;Neerslag;Constant;;6.0;0;mg/l
9;1318;3050-EAG-1;Chloride;Riolering;Constant;;100.0;0;mg/l
10;1318;3050-EAG-1;Chloride;Uitspoeling;Constant;;250.0;0;mg/l
11;1318;3050-EAG-1;Chloride;Verhard;Constant;;10.0;0;mg/l
