;EAGID;EAGCode;StofNaam;InlaatType;ReeksType;WaardeAlfa;Waarde;StofIncrement;Eenheid
0;1353;3230-EAG-5;Chloride;initieel;Constant;;180.0;0;mg/l
0;1353;3230-EAG-5;Chloride;Afstroming;Constant;;30.0;0;mg/l
1;1353;3230-EAG-5;Chloride;Berekende inlaat;Constant;;0.0;0;mg/l
2;1353;3230-EAG-5;Chloride;Drain;Constant;;50.0;0;mg/l
3;1353;3230-EAG-5;Chloride;Inlaat1;Constant;;0.0;0;mg/l
4;1353;3230-EAG-5;Chloride;Inlaat2;Constant;;0.0;0;mg/l
5;1353;3230-EAG-5;Chloride;Inlaat3;Constant;;0.0;0;mg/l
6;1353;3230-EAG-5;Chloride;Inlaat4;Constant;;0.0;0;mg/l
7;1353;3230-EAG-5;Chloride;Kwel;Constant;;30.0;0;mg/l
8;1353;3230-EAG-5;Chloride;Neerslag;Constant;;6.0;0;mg/l
9;1353;3230-EAG-5;Chloride;Riolering;Constant;;100.0;0;mg/l
10;1353;3230-EAG-5;Chloride;Uitspoeling;Constant;;50.0;0;mg/l
11;1353;3230-EAG-5;Chloride;Verhard;Constant;;10.0;0;mg/l
