;EAGID;EAGCode;StofNaam;InlaatType;ReeksType;WaardeAlfa;Waarde;StofIncrement;Eenheid
0;1332;3110-EAG-3;Chloride;initieel;Constant;;90.0;0;mg/l
0;1332;3110-EAG-3;Chloride;Afstroming;Constant;;30.0;0;mg/l
1;1332;3110-EAG-3;Chloride;Berekende inlaat;Constant;;166.314623931624;0;mg/l
2;1332;3110-EAG-3;Chloride;Drain;Constant;;70.0;0;mg/l
3;1332;3110-EAG-3;Chloride;Inlaat1;Constant;;166.314623931624;0;mg/l
4;1332;3110-EAG-3;Chloride;Inlaat2;Constant;;0.0;0;mg/l
5;1332;3110-EAG-3;Chloride;Inlaat3;Constant;;0.0;0;mg/l
6;1332;3110-EAG-3;Chloride;Inlaat4;Constant;;0.0;0;mg/l
7;1332;3110-EAG-3;Chloride;Kwel;Constant;;3500.0;0;mg/l
8;1332;3110-EAG-3;Chloride;Neerslag;Constant;;6.0;0;mg/l
9;1332;3110-EAG-3;Chloride;Riolering;Constant;;100.0;0;mg/l
10;1332;3110-EAG-3;Chloride;Uitspoeling;Constant;;500.0;0;mg/l
11;1332;3110-EAG-3;Chloride;Verhard;Constant;;10.0;0;mg/l
