;EAGID;EAGCode;StofNaam;InlaatType;ReeksType;WaardeAlfa;Waarde;StofIncrement;Eenheid
0;1201;2130-EAG-2;Chloride;initieel;Constant;;70.0;0;mg/l
0;1201;2130-EAG-2;Chloride;Afstroming;Constant;;30.0;0;mg/l
1;1201;2130-EAG-2;Chloride;Berekende inlaat;Constant;;150.0;0;mg/l
2;1201;2130-EAG-2;Chloride;Drain;Constant;;60.0;0;mg/l
3;1201;2130-EAG-2;Chloride;Inlaat1;Constant;;150.0;0;mg/l
4;1201;2130-EAG-2;Chloride;Inlaat2;Constant;;0.0;0;mg/l
5;1201;2130-EAG-2;Chloride;Inlaat3;Constant;;0.0;0;mg/l
6;1201;2130-EAG-2;Chloride;Inlaat4;Constant;;200.0;0;mg/l
7;1201;2130-EAG-2;Chloride;Kwel;Constant;;100.0;0;mg/l
8;1201;2130-EAG-2;Chloride;Neerslag;Constant;;6.0;0;mg/l
9;1201;2130-EAG-2;Chloride;Riolering;Constant;;100.0;0;mg/l
10;1201;2130-EAG-2;Chloride;Uitspoeling;Constant;;60.0;0;mg/l
11;1201;2130-EAG-2;Chloride;Verhard;Constant;;80.0;0;mg/l
