;EAGID;EAGCode;StofNaam;InlaatType;ReeksType;WaardeAlfa;Waarde;StofIncrement;Eenheid
0;1374;3303-EAG-1;Chloride;initieel;Constant;;80.0;0;mg/l
0;1374;3303-EAG-1;Chloride;Afstroming;Constant;;50.0;0;mg/l
1;1374;3303-EAG-1;Chloride;Berekende inlaat;Constant;;50.0;0;mg/l
2;1374;3303-EAG-1;Chloride;Drain;Constant;;50.0;0;mg/l
3;1374;3303-EAG-1;Chloride;Inlaat1;Constant;;100.0;0;mg/l
4;1374;3303-EAG-1;Chloride;Inlaat2;Constant;;100.0;0;mg/l
5;1374;3303-EAG-1;Chloride;Inlaat3;Constant;;100.0;0;mg/l
6;1374;3303-EAG-1;Chloride;Inlaat4;Constant;;100.0;0;mg/l
7;1374;3303-EAG-1;Chloride;Kwel;Constant;;10.0;0;mg/l
8;1374;3303-EAG-1;Chloride;Neerslag;Constant;;6.0;0;mg/l
9;1374;3303-EAG-1;Chloride;Riolering;Constant;;100.0;0;mg/l
10;1374;3303-EAG-1;Chloride;Uitspoeling;Constant;;50.0;0;mg/l
11;1374;3303-EAG-1;Chloride;Verhard;Constant;;10.0;0;mg/l
