;EAGID;EAGCode;StofNaam;InlaatType;ReeksType;WaardeAlfa;Waarde;StofIncrement;Eenheid
0;1337;3201-EAG-1;Chloride;initieel;Constant;;120.0;0;mg/l
0;1337;3201-EAG-1;Chloride;Afstroming;Constant;;10.0;0;mg/l
1;1337;3201-EAG-1;Chloride;Berekende inlaat;Constant;;80.0;0;mg/l
2;1337;3201-EAG-1;Chloride;Drain;Constant;;30.0;0;mg/l
3;1337;3201-EAG-1;Chloride;Inlaat1;Constant;;105.0;0;mg/l
4;1337;3201-EAG-1;Chloride;Inlaat2;Constant;;95.0;0;mg/l
5;1337;3201-EAG-1;Chloride;Inlaat3;Constant;;0.0;0;mg/l
6;1337;3201-EAG-1;Chloride;Inlaat4;Constant;;0.0;0;mg/l
7;1337;3201-EAG-1;Chloride;Kwel;Constant;;20.0;0;mg/l
8;1337;3201-EAG-1;Chloride;Neerslag;Constant;;6.0;0;mg/l
9;1337;3201-EAG-1;Chloride;Riolering;Constant;;100.0;0;mg/l
10;1337;3201-EAG-1;Chloride;Uitspoeling;Constant;;10.0;0;mg/l
11;1337;3201-EAG-1;Chloride;Verhard;Constant;;10.0;0;mg/l
