;EAGID;EAGCode;StofNaam;InlaatType;ReeksType;WaardeAlfa;Waarde;StofIncrement;Eenheid
0;1370;3301-EAG-1;Chloride;initieel;Constant;;80.0;0;mg/l
0;1370;3301-EAG-1;Chloride;Afstroming;Constant;;10.0;0;mg/l
1;1370;3301-EAG-1;Chloride;Berekende inlaat;Constant;;120.0;0;mg/l
2;1370;3301-EAG-1;Chloride;Drain;Constant;;70.0;0;mg/l
3;1370;3301-EAG-1;Chloride;Inlaat1;Constant;;100.0;0;mg/l
4;1370;3301-EAG-1;Chloride;Inlaat2;Constant;;100.0;0;mg/l
5;1370;3301-EAG-1;Chloride;Inlaat3;Constant;;800.0;0;mg/l
6;1370;3301-EAG-1;Chloride;Inlaat4;Constant;;100.0;0;mg/l
7;1370;3301-EAG-1;Chloride;Kwel;Constant;;10.0;0;mg/l
8;1370;3301-EAG-1;Chloride;Neerslag;Constant;;6.0;0;mg/l
9;1370;3301-EAG-1;Chloride;Riolering;Constant;;100.0;0;mg/l
10;1370;3301-EAG-1;Chloride;Uitspoeling;Constant;;10.0;0;mg/l
11;1370;3301-EAG-1;Chloride;Verhard;Constant;;10.0;0;mg/l
