;EAGID;EAGCode;StofNaam;InlaatType;ReeksType;WaardeAlfa;Waarde;StofIncrement;Eenheid
0;1371;3301-EAG-2;Chloride;initieel;Constant;;80.0;0;mg/l
0;1371;3301-EAG-2;Chloride;Afstroming;Constant;;10.0;0;mg/l
1;1371;3301-EAG-2;Chloride;Berekende inlaat;Constant;;120.0;0;mg/l
2;1371;3301-EAG-2;Chloride;Drain;Constant;;70.0;0;mg/l
3;1371;3301-EAG-2;Chloride;Inlaat1;Constant;;100.0;0;mg/l
4;1371;3301-EAG-2;Chloride;Inlaat2;Constant;;100.0;0;mg/l
5;1371;3301-EAG-2;Chloride;Inlaat3;Constant;;800.0;0;mg/l
6;1371;3301-EAG-2;Chloride;Inlaat4;Constant;;100.0;0;mg/l
7;1371;3301-EAG-2;Chloride;Kwel;Constant;;10.0;0;mg/l
8;1371;3301-EAG-2;Chloride;Neerslag;Constant;;6.0;0;mg/l
9;1371;3301-EAG-2;Chloride;Riolering;Constant;;100.0;0;mg/l
10;1371;3301-EAG-2;Chloride;Uitspoeling;Constant;;10.0;0;mg/l
11;1371;3301-EAG-2;Chloride;Verhard;Constant;;10.0;0;mg/l
