;EAGID;EAGCode;StofNaam;InlaatType;ReeksType;WaardeAlfa;Waarde;StofIncrement;Eenheid
0;1399;3360-EAG-12;Chloride;initieel;Constant;;90.0;0;mg/l
0;1399;3360-EAG-12;Chloride;Afstroming;Constant;;10.0;0;mg/l
1;1399;3360-EAG-12;Chloride;Berekende inlaat;Constant;;90.0;0;mg/l
2;1399;3360-EAG-12;Chloride;Drain;Constant;;150.0;0;mg/l
3;1399;3360-EAG-12;Chloride;Inlaat1;Constant;;90.0;0;mg/l
4;1399;3360-EAG-12;Chloride;Inlaat2;Constant;;30.0;0;mg/l
5;1399;3360-EAG-12;Chloride;Inlaat3;Constant;;0.0;0;mg/l
6;1399;3360-EAG-12;Chloride;Inlaat4;Constant;;0.0;0;mg/l
7;1399;3360-EAG-12;Chloride;Kwel;Constant;;30.0;0;mg/l
8;1399;3360-EAG-12;Chloride;Neerslag;Constant;;6.0;0;mg/l
9;1399;3360-EAG-12;Chloride;Riolering;Constant;;100.0;0;mg/l
10;1399;3360-EAG-12;Chloride;Uitspoeling;Constant;;30.0;0;mg/l
11;1399;3360-EAG-12;Chloride;Verhard;Constant;;10.0;0;mg/l
