;EAGID;EAGCode;StofNaam;InlaatType;ReeksType;WaardeAlfa;Waarde;StofIncrement;Eenheid
0;1352;3230-EAG-4;Chloride;initieel;Constant;;180.0;0;mg/l
0;1352;3230-EAG-4;Chloride;Afstroming;Constant;;30.0;0;mg/l
1;1352;3230-EAG-4;Chloride;Berekende inlaat;Constant;;0.0;0;mg/l
2;1352;3230-EAG-4;Chloride;Drain;Constant;;50.0;0;mg/l
3;1352;3230-EAG-4;Chloride;Inlaat1;Constant;;0.0;0;mg/l
4;1352;3230-EAG-4;Chloride;Inlaat2;Constant;;0.0;0;mg/l
5;1352;3230-EAG-4;Chloride;Inlaat3;Constant;;0.0;0;mg/l
6;1352;3230-EAG-4;Chloride;Kwel;Constant;;30.0;0;mg/l
7;1352;3230-EAG-4;Chloride;Neerslag;Constant;;6.0;0;mg/l
8;1352;3230-EAG-4;Chloride;Riolering;Constant;;100.0;0;mg/l
9;1352;3230-EAG-4;Chloride;Uitspoeling;Constant;;50.0;0;mg/l
10;1352;3230-EAG-4;Chloride;Verhard;Constant;;10.0;0;mg/l
