;EAGID;EAGCode;StofNaam;InlaatType;ReeksType;WaardeAlfa;Waarde;StofIncrement;Eenheid
0;1349;3230-EAG-1;Chloride;initieel;Constant;;180.0;0;mg/l
0;1349;3230-EAG-1;Chloride;Afstroming;Constant;;30.0;0;mg/l
1;1349;3230-EAG-1;Chloride;Berekende inlaat;Constant;;0.0;0;mg/l
2;1349;3230-EAG-1;Chloride;Drain;Constant;;50.0;0;mg/l
3;1349;3230-EAG-1;Chloride;Inlaat1;Constant;;0.0;0;mg/l
4;1349;3230-EAG-1;Chloride;Inlaat2;Constant;;0.0;0;mg/l
5;1349;3230-EAG-1;Chloride;Inlaat3;Constant;;0.0;0;mg/l
6;1349;3230-EAG-1;Chloride;Inlaat4;Constant;;0.0;0;mg/l
7;1349;3230-EAG-1;Chloride;Kwel;Constant;;20.0;0;mg/l
8;1349;3230-EAG-1;Chloride;Neerslag;Constant;;6.0;0;mg/l
9;1349;3230-EAG-1;Chloride;Riolering;Constant;;100.0;0;mg/l
10;1349;3230-EAG-1;Chloride;Uitspoeling;Constant;;35.0;0;mg/l
11;1349;3230-EAG-1;Chloride;Verhard;Constant;;10.0;0;mg/l
