;EAGID;EAGCode;StofNaam;InlaatType;ReeksType;WaardeAlfa;Waarde;StofIncrement;Eenheid
0;1210;2140-EAG-6;Chloride;initieel;Constant;;70.0;0;mg/l
0;1210;2140-EAG-6;Chloride;Afstroming;Constant;;20.0;0;mg/l
1;1210;2140-EAG-6;Chloride;Berekende inlaat;Constant;;125.0;0;mg/l
2;1210;2140-EAG-6;Chloride;Drain;Constant;;50.0;0;mg/l
3;1210;2140-EAG-6;Chloride;Inlaat1;Constant;;127.0;0;mg/l
4;1210;2140-EAG-6;Chloride;Inlaat2;Constant;;120.0;0;mg/l
5;1210;2140-EAG-6;Chloride;Inlaat3;Constant;;120.0;0;mg/l
6;1210;2140-EAG-6;Chloride;Inlaat4;Constant;;120.0;0;mg/l
7;1210;2140-EAG-6;Chloride;Kwel;Constant;;80.0;0;mg/l
8;1210;2140-EAG-6;Chloride;Neerslag;Constant;;6.0;0;mg/l
9;1210;2140-EAG-6;Chloride;Riolering;Constant;;80.0;0;mg/l
10;1210;2140-EAG-6;Chloride;Uitspoeling;Constant;;40.0;0;mg/l
11;1210;2140-EAG-6;Chloride;Verhard;Constant;;10.0;0;mg/l
