;EAGID;EAGCode;StofNaam;InlaatType;ReeksType;WaardeAlfa;Waarde;StofIncrement;Eenheid
0;1271;2510-EAG-2;Chloride;initieel;Constant;;180.0;0;mg/l
0;1271;2510-EAG-2;Chloride;Afstroming;Constant;;10.0;0;mg/l
1;1271;2510-EAG-2;Chloride;Berekende inlaat;Constant;;100.0;0;mg/l
2;1271;2510-EAG-2;Chloride;Drain;Constant;;50.0;0;mg/l
3;1271;2510-EAG-2;Chloride;Inlaat1;Constant;;122.438105263158;0;mg/l
4;1271;2510-EAG-2;Chloride;Inlaat2;Constant;;80.0;0;mg/l
5;1271;2510-EAG-2;Chloride;Inlaat3;Constant;;50.0;0;mg/l
6;1271;2510-EAG-2;Chloride;Inlaat4;Constant;;200.0;0;mg/l
7;1271;2510-EAG-2;Chloride;Kwel;Constant;;110.0;0;mg/l
8;1271;2510-EAG-2;Chloride;Neerslag;Constant;;6.0;0;mg/l
9;1271;2510-EAG-2;Chloride;Riolering;Constant;;100.0;0;mg/l
10;1271;2510-EAG-2;Chloride;Uitspoeling;Constant;;15.0;0;mg/l
11;1271;2510-EAG-2;Chloride;Verhard;Constant;;10.0;0;mg/l
