;EAGID;EAGCode;StofNaam;InlaatType;ReeksType;WaardeAlfa;Waarde;StofIncrement;Eenheid
0;1351;3230-EAG-3;Chloride;initieel;Constant;;180.0;0;mg/l
0;1351;3230-EAG-3;Chloride;Afstroming;Constant;;30.0;0;mg/l
1;1351;3230-EAG-3;Chloride;Berekende inlaat;Constant;;200.0;0;mg/l
2;1351;3230-EAG-3;Chloride;Drain;Constant;;50.0;0;mg/l
3;1351;3230-EAG-3;Chloride;Inlaat1;Constant;;122.438105263158;0;mg/l
4;1351;3230-EAG-3;Chloride;Inlaat2;Constant;;50.0;0;mg/l
5;1351;3230-EAG-3;Chloride;Inlaat2;Constant;;80.0;0;mg/l
6;1351;3230-EAG-3;Chloride;Inlaat4;Constant;;200.0;0;mg/l
7;1351;3230-EAG-3;Chloride;Kwel;Constant;;30.0;0;mg/l
8;1351;3230-EAG-3;Chloride;Neerslag;Constant;;6.0;0;mg/l
9;1351;3230-EAG-3;Chloride;Riolering;Constant;;100.0;0;mg/l
10;1351;3230-EAG-3;Chloride;Uitspoeling;Constant;;50.0;0;mg/l
11;1351;3230-EAG-3;Chloride;Verhard;Constant;;10.0;0;mg/l
