;EAGID;EAGCode;StofNaam;InlaatType;ReeksType;WaardeAlfa;Waarde;StofIncrement;Eenheid
0;1260;2500-EAG-6;Chloride;initieel;Constant;;90.0;0;mg/l
0;1260;2500-EAG-6;Chloride;Afstroming;Constant;;25.0;0;mg/l
1;1260;2500-EAG-6;Chloride;Berekende inlaat;Constant;;100.0;0;mg/l
2;1260;2500-EAG-6;Chloride;Drain;Constant;;70.0;0;mg/l
3;1260;2500-EAG-6;Chloride;Inlaat1;Constant;;165.0;0;mg/l
4;1260;2500-EAG-6;Chloride;Inlaat2;Constant;;256.0;0;mg/l
5;1260;2500-EAG-6;Chloride;Inlaat3;Constant;;65.0;0;mg/l
6;1260;2500-EAG-6;Chloride;Inlaat4;Constant;;256.0;0;mg/l
7;1260;2500-EAG-6;Chloride;Kwel;Constant;;400.0;0;mg/l
8;1260;2500-EAG-6;Chloride;Neerslag;Constant;;6.0;0;mg/l
9;1260;2500-EAG-6;Chloride;Riolering;Constant;;75.0;0;mg/l
10;1260;2500-EAG-6;Chloride;Uitspoeling;Constant;;50.0;0;mg/l
11;1260;2500-EAG-6;Chloride;Verhard;Constant;;10.0;0;mg/l
