;EAGID;EAGCode;StofNaam;InlaatType;ReeksType;WaardeAlfa;Waarde;StofIncrement;Eenheid
0;1224;2250-EAG-2;Chloride;initieel;Constant;;90.0;0;mg/l
0;1224;2250-EAG-2;Chloride;Afstroming;Constant;;25.0;0;mg/l
1;1224;2250-EAG-2;Chloride;Berekende inlaat;Constant;;100.0;0;mg/l
2;1224;2250-EAG-2;Chloride;Drain;Constant;;1500.0;0;mg/l
3;1224;2250-EAG-2;Chloride;Inlaat1;Constant;;225.0;0;mg/l
4;1224;2250-EAG-2;Chloride;Inlaat2;Constant;;800.0;0;mg/l
5;1224;2250-EAG-2;Chloride;Inlaat3;Constant;;0.0;0;mg/l
6;1224;2250-EAG-2;Chloride;Inlaat4;Constant;;0.0;0;mg/l
7;1224;2250-EAG-2;Chloride;Kwel;Constant;;1500.0;0;mg/l
8;1224;2250-EAG-2;Chloride;Neerslag;Constant;;6.0;0;mg/l
9;1224;2250-EAG-2;Chloride;Riolering;Constant;;100.0;0;mg/l
10;1224;2250-EAG-2;Chloride;Uitspoeling;Constant;;1500.0;0;mg/l
11;1224;2250-EAG-2;Chloride;Verhard;Constant;;10.0;0;mg/l
